List,Display_Title,Grain,Column,Type,Required,Indexed,Choices,Column_Note,List_Note
MF_Installation,MF Installation,One row per installation,Installation_ID,Text,Y,Y,,Canonical key. Must match the COP MF_Installation.Installation_ID.,"With MF_Facility this is the authoritative EOM operational registry until an enterprise source supersedes it. CrunchTime, Aloha Enterprise and Teams all differ and none tracks what EOM needs, so it is built here by hand and signed off per base."
MF_Installation,MF Installation,One row per installation,Installation_Name,Text,Y,N,,,"With MF_Facility this is the authoritative EOM operational registry until an enterprise source supersedes it. CrunchTime, Aloha Enterprise and Teams all differ and none tracks what EOM needs, so it is built here by hand and signed off per base."
MF_Installation,MF Installation,One row per installation,Source_Installation_String,Text,N,N,,The base's name exactly as it appeared in the source QRG. Kept so a registry correction can be traced back rather than argued about.,"With MF_Facility this is the authoritative EOM operational registry until an enterprise source supersedes it. CrunchTime, Aloha Enterprise and Teams all differ and none tracks what EOM needs, so it is built here by hand and signed off per base."
MF_Installation,MF Installation,One row per installation,Location,Text,N,N,,"State or country, from the QRG.","With MF_Facility this is the authoritative EOM operational registry until an enterprise source supersedes it. CrunchTime, Aloha Enterprise and Teams all differ and none tracks what EOM needs, so it is built here by hand and signed off per base."
MF_Installation,MF Installation,One row per installation,Portfolio_ID,Text,Y,Y,,,"With MF_Facility this is the authoritative EOM operational registry until an enterprise source supersedes it. CrunchTime, Aloha Enterprise and Teams all differ and none tracks what EOM needs, so it is built here by hand and signed off per base."
MF_Installation,MF Installation,One row per installation,MAJCOM,Text,N,N,,,"With MF_Facility this is the authoritative EOM operational registry until an enterprise source supersedes it. CrunchTime, Aloha Enterprise and Teams all differ and none tracks what EOM needs, so it is built here by hand and signed off per base."
MF_Installation,MF Installation,One row per installation,Component,Choice,Y,N,Active; ANG; AFRC,"Active, ANG or AFRC. ANG routes EOY inventory to NGB/A1X, not AFSVC/VMF — see MF_EOM_Requirement.Routing_Org.","With MF_Facility this is the authoritative EOM operational registry until an enterprise source supersedes it. CrunchTime, Aloha Enterprise and Teams all differ and none tracks what EOM needs, so it is built here by hand and signed off per base."
MF_Installation,MF Installation,One row per installation,EOM_Folder_URL,URL,N,N,,Teams/SharePoint folder root for this installation,"With MF_Facility this is the authoritative EOM operational registry until an enterprise source supersedes it. CrunchTime, Aloha Enterprise and Teams all differ and none tracks what EOM needs, so it is built here by hand and signed off per base."
MF_Installation,MF Installation,One row per installation,Generation_Enabled,Boolean,Y,Y,,"THE onboarding gate. EOM-01 generates only where this is TRUE. A base with it FALSE reads as 'not yet onboarded', never as compliant. Flip it after the facilities and operating models are populated and validated.","With MF_Facility this is the authoritative EOM operational registry until an enterprise source supersedes it. CrunchTime, Aloha Enterprise and Teams all differ and none tracks what EOM needs, so it is built here by hand and signed off per base."
MF_Installation,MF Installation,One row per installation,Registry_Validated_By,Text,N,N,,Who signed off this base's registry entry.,"With MF_Facility this is the authoritative EOM operational registry until an enterprise source supersedes it. CrunchTime, Aloha Enterprise and Teams all differ and none tracks what EOM needs, so it is built here by hand and signed off per base."
MF_Installation,MF Installation,One row per installation,Registry_Validated_Date,DateTime,N,N,,,"With MF_Facility this is the authoritative EOM operational registry until an enterprise source supersedes it. CrunchTime, Aloha Enterprise and Teams all differ and none tracks what EOM needs, so it is built here by hand and signed off per base."
MF_Installation,MF Installation,One row per installation,Source_System,Text,N,N,,Where the row came from. 'Mission Feeding QRG' for the initial load.,"With MF_Facility this is the authoritative EOM operational registry until an enterprise source supersedes it. CrunchTime, Aloha Enterprise and Teams all differ and none tracks what EOM needs, so it is built here by hand and signed off per base."
MF_Installation,MF Installation,One row per installation,Needs_Review_Flag,Boolean,N,N,,Set by the QRG import where the source row was ambiguous. See configuration/qrg-data-quality.csv.,"With MF_Facility this is the authoritative EOM operational registry until an enterprise source supersedes it. CrunchTime, Aloha Enterprise and Teams all differ and none tracks what EOM needs, so it is built here by hand and signed off per base."
MF_Installation,MF Installation,One row per installation,DODAAC,Text,N,N,,,"With MF_Facility this is the authoritative EOM operational registry until an enterprise source supersedes it. CrunchTime, Aloha Enterprise and Teams all differ and none tracks what EOM needs, so it is built here by hand and signed off per base."
MF_Installation,MF Installation,One row per installation,DODAAD,Text,N,N,,,"With MF_Facility this is the authoritative EOM operational registry until an enterprise source supersedes it. CrunchTime, Aloha Enterprise and Teams all differ and none tracks what EOM needs, so it is built here by hand and signed off per base."
MF_Installation,MF Installation,One row per installation,Org_Box_Email,Text,N,N,,Portfolio or installation org box. Notification target — a person's mailbox is never a notification target.,"With MF_Facility this is the authoritative EOM operational registry until an enterprise source supersedes it. CrunchTime, Aloha Enterprise and Teams all differ and none tracks what EOM needs, so it is built here by hand and signed off per base."
MF_Installation,MF Installation,One row per installation,Official_POC_UPN,Text,N,N,,Resolved identity. The QRG POC column is a DISPLAY NAME and is never an identity; see security/security-manifest.yaml.,"With MF_Facility this is the authoritative EOM operational registry until an enterprise source supersedes it. CrunchTime, Aloha Enterprise and Teams all differ and none tracks what EOM needs, so it is built here by hand and signed off per base."
MF_Installation,MF Installation,One row per installation,Active_Flag,Boolean,Y,Y,,,"With MF_Facility this is the authoritative EOM operational registry until an enterprise source supersedes it. CrunchTime, Aloha Enterprise and Teams all differ and none tracks what EOM needs, so it is built here by hand and signed off per base."
MF_Facility,MF Facility,One row per feeding facility,Facility_ID,Text,Y,Y,,"Unique enterprise-wide, not per installation. INSTALLATION|FACILITY.","Operating_Model is HERE, not on the installation. One base can run a legacy DFAC and a Food 2.0 cafe simultaneously, and the requirement set follows the facility. Multi-facility installations are normal: the SAIIT guidance describes transfers between a second DFAC and a flight kitchen at the same base, and the 1119 initialises ONE facility and one month."
MF_Facility,MF Facility,One row per feeding facility,Installation_ID,Text,Y,Y,,,"Operating_Model is HERE, not on the installation. One base can run a legacy DFAC and a Food 2.0 cafe simultaneously, and the requirement set follows the facility. Multi-facility installations are normal: the SAIIT guidance describes transfers between a second DFAC and a flight kitchen at the same base, and the 1119 initialises ONE facility and one month."
MF_Facility,MF Facility,One row per feeding facility,Facility_Name,Text,Y,N,,,"Operating_Model is HERE, not on the installation. One base can run a legacy DFAC and a Food 2.0 cafe simultaneously, and the requirement set follows the facility. Multi-facility installations are normal: the SAIIT guidance describes transfers between a second DFAC and a flight kitchen at the same base, and the 1119 initialises ONE facility and one month."
MF_Facility,MF Facility,One row per feeding facility,Designation,Text,N,N,,Local designation where the QRG carried one.,"Operating_Model is HERE, not on the installation. One base can run a legacy DFAC and a Food 2.0 cafe simultaneously, and the requirement set follows the facility. Multi-facility installations are normal: the SAIIT guidance describes transfers between a second DFAC and a flight kitchen at the same base, and the 1119 initialises ONE facility and one month."
MF_Facility,MF Facility,One row per feeding facility,Unit,Text,N,N,,"Owning unit, e.g. 97 FSS.","Operating_Model is HERE, not on the installation. One base can run a legacy DFAC and a Food 2.0 cafe simultaneously, and the requirement set follows the facility. Multi-facility installations are normal: the SAIIT guidance describes transfers between a second DFAC and a flight kitchen at the same base, and the 1119 initialises ONE facility and one month."
MF_Facility,MF Facility,One row per feeding facility,Facility_Type,Choice,N,N,Main DFAC; Flight Kitchen; Kiosk; Satellite; MAF; Contract Cafe,"Nullable: the QRG does not carry it for every row, and guessing a type would silently change which requirements generate.","Operating_Model is HERE, not on the installation. One base can run a legacy DFAC and a Food 2.0 cafe simultaneously, and the requirement set follows the facility. Multi-facility installations are normal: the SAIIT guidance describes transfers between a second DFAC and a flight kitchen at the same base, and the 1119 initialises ONE facility and one month."
MF_Facility,MF Facility,One row per feeding facility,Operating_Model,Choice,N,Y,Legacy/APF; Food 2.0; MAFFO/MAF; AOR/CDS,"Drives which requirements apply to THIS facility. NULLABLE: the twenty NO_DFAC registry rows record that a base has no feeding facility, and they legitimately have no model. A facility with no model generates nothing and is surfaced by the health check, never read as compliant.","Operating_Model is HERE, not on the installation. One base can run a legacy DFAC and a Food 2.0 cafe simultaneously, and the requirement set follows the facility. Multi-facility installations are normal: the SAIIT guidance describes transfers between a second DFAC and a flight kitchen at the same base, and the 1119 initialises ONE facility and one month."
MF_Facility,MF Facility,One row per feeding facility,Program_Type,Text,N,N,,"QRG programme string, e.g. 'Legacy - SB'.","Operating_Model is HERE, not on the installation. One base can run a legacy DFAC and a Food 2.0 cafe simultaneously, and the requirement set follows the facility. Multi-facility installations are normal: the SAIIT guidance describes transfers between a second DFAC and a flight kitchen at the same base, and the 1119 initialises ONE facility and one month."
MF_Facility,MF Facility,One row per feeding facility,Contract_Type,Text,N,N,,"Mess Attendant, Aramark, Sodexo, and so on.","Operating_Model is HERE, not on the installation. One base can run a legacy DFAC and a Food 2.0 cafe simultaneously, and the requirement set follows the facility. Multi-facility installations are normal: the SAIIT guidance describes transfers between a second DFAC and a flight kitchen at the same base, and the 1119 initialises ONE facility and one month."
MF_Facility,MF Facility,One row per feeding facility,Primary_PV,Text,N,N,,Prime vendor.,"Operating_Model is HERE, not on the installation. One base can run a legacy DFAC and a Food 2.0 cafe simultaneously, and the requirement set follows the facility. Multi-facility installations are normal: the SAIIT guidance describes transfers between a second DFAC and a flight kitchen at the same base, and the 1119 initialises ONE facility and one month."
MF_Facility,MF Facility,One row per feeding facility,POS_Terminals_Raw,Text,N,N,,As recorded in the QRG. Unparsed.,"Operating_Model is HERE, not on the installation. One base can run a legacy DFAC and a Food 2.0 cafe simultaneously, and the requirement set follows the facility. Multi-facility installations are normal: the SAIIT guidance describes transfers between a second DFAC and a flight kitchen at the same base, and the 1119 initialises ONE facility and one month."
MF_Facility,MF Facility,One row per feeding facility,POC_Display_Name,Text,N,N,,DISPLAY NAME from the QRG. Never an identity and never used for authorization — see security/security-manifest.yaml.,"Operating_Model is HERE, not on the installation. One base can run a legacy DFAC and a Food 2.0 cafe simultaneously, and the requirement set follows the facility. Multi-facility installations are normal: the SAIIT guidance describes transfers between a second DFAC and a flight kitchen at the same base, and the 1119 initialises ONE facility and one month."
MF_Facility,MF Facility,One row per feeding facility,In_R1_Scope,Boolean,N,Y,,R1 is Legacy-only. Food 2.0 and MAFFO facilities are carried in the registry but out of scope until their handbooks land.,"Operating_Model is HERE, not on the installation. One base can run a legacy DFAC and a Food 2.0 cafe simultaneously, and the requirement set follows the facility. Multi-facility installations are normal: the SAIIT guidance describes transfers between a second DFAC and a flight kitchen at the same base, and the 1119 initialises ONE facility and one month."
MF_Facility,MF Facility,One row per feeding facility,Source_Row,Number,N,N,,"Row number in the source QRG, for traceability.","Operating_Model is HERE, not on the installation. One base can run a legacy DFAC and a Food 2.0 cafe simultaneously, and the requirement set follows the facility. Multi-facility installations are normal: the SAIIT guidance describes transfers between a second DFAC and a flight kitchen at the same base, and the 1119 initialises ONE facility and one month."
MF_Facility,MF Facility,One row per feeding facility,Source_System,Text,N,N,,,"Operating_Model is HERE, not on the installation. One base can run a legacy DFAC and a Food 2.0 cafe simultaneously, and the requirement set follows the facility. Multi-facility installations are normal: the SAIIT guidance describes transfers between a second DFAC and a flight kitchen at the same base, and the 1119 initialises ONE facility and one month."
MF_Facility,MF Facility,One row per feeding facility,Facility_DODAAC,Text,N,N,,,"Operating_Model is HERE, not on the installation. One base can run a legacy DFAC and a Food 2.0 cafe simultaneously, and the requirement set follows the facility. Multi-facility installations are normal: the SAIIT guidance describes transfers between a second DFAC and a flight kitchen at the same base, and the 1119 initialises ONE facility and one month."
MF_Facility,MF Facility,One row per feeding facility,Contract_ID,Text,N,N,,Nullable. Set where the facility is covered by a contract.,"Operating_Model is HERE, not on the installation. One base can run a legacy DFAC and a Food 2.0 cafe simultaneously, and the requirement set follows the facility. Multi-facility installations are normal: the SAIIT guidance describes transfers between a second DFAC and a flight kitchen at the same base, and the 1119 initialises ONE facility and one month."
MF_Facility,MF Facility,One row per feeding facility,Active_Flag,Boolean,Y,Y,,,"Operating_Model is HERE, not on the installation. One base can run a legacy DFAC and a Food 2.0 cafe simultaneously, and the requirement set follows the facility. Multi-facility installations are normal: the SAIIT guidance describes transfers between a second DFAC and a flight kitchen at the same base, and the 1119 initialises ONE facility and one month."
MF_EOM_Requirement,MF EOM Requirement,One row per document requirement per operating model,Requirement_ID,Text,Y,Y,,,"THE requirement engine. The app queries this; it contains no 'if Legacy then require 1119' logic. Changing a requirement next year is a list edit, not an app rebuild."
MF_EOM_Requirement,MF EOM Requirement,One row per document requirement per operating model,Document_Code,Text,Y,N,,"1119, 1119-1, SF1080, SAIIT, GPC, 1038, EOY-MFR, EOY-INV","THE requirement engine. The app queries this; it contains no 'if Legacy then require 1119' logic. Changing a requirement next year is a list edit, not an app rebuild."
MF_EOM_Requirement,MF EOM Requirement,One row per document requirement per operating model,Document_Name,Text,Y,N,,,"THE requirement engine. The app queries this; it contains no 'if Legacy then require 1119' logic. Changing a requirement next year is a list edit, not an app rebuild."
MF_EOM_Requirement,MF EOM Requirement,One row per document requirement per operating model,Applicable_Model,Choice,Y,N,Legacy/APF; Food 2.0; MAFFO/MAF; AOR/CDS; All,'All' applies regardless of facility model,"THE requirement engine. The app queries this; it contains no 'if Legacy then require 1119' logic. Changing a requirement next year is a list edit, not an app rebuild."
MF_EOM_Requirement,MF EOM Requirement,One row per document requirement per operating model,Requirement_Scope,Choice,Y,N,Facility; Installation; Contract,Determines the grain of the generated EOM_Item. Portfolio reserved.,"THE requirement engine. The app queries this; it contains no 'if Legacy then require 1119' logic. Changing a requirement next year is a list edit, not an app rebuild."
MF_EOM_Requirement,MF EOM Requirement,One row per document requirement per operating model,Scope_Confidence,Choice,Y,N,High; Medium; Low; Proposed,"How sure we are of the GRAIN, which is a different question from whether the requirement exists. Marking a scope guess VERIFIED because the document is verified turns a proposal into policy by accident.","THE requirement engine. The app queries this; it contains no 'if Legacy then require 1119' logic. Changing a requirement next year is a list edit, not an app rebuild."
MF_EOM_Requirement,MF EOM Requirement,One row per document requirement per operating model,Scope_Basis,Note,N,N,,"Why that grain. A reason, not a hunch.","THE requirement engine. The app queries this; it contains no 'if Legacy then require 1119' logic. Changing a requirement next year is a list edit, not an app rebuild."
MF_EOM_Requirement,MF EOM Requirement,One row per document requirement per operating model,Applicable_Facility_Types,Text,N,N,,Semicolon list. Blank = all types.,"THE requirement engine. The app queries this; it contains no 'if Legacy then require 1119' logic. Changing a requirement next year is a list edit, not an app rebuild."
MF_EOM_Requirement,MF EOM Requirement,One row per document requirement per operating model,Applicable_Period_Month,Number,N,N,,For Annual requirements: the fiscal month the obligation lands in. 9 for EOY. Null for Monthly and Quarterly.,"THE requirement engine. The app queries this; it contains no 'if Legacy then require 1119' logic. Changing a requirement next year is a list edit, not an app rebuild."
MF_EOM_Requirement,MF EOM Requirement,One row per document requirement per operating model,Routing_Org,Choice,N,N,AFSVC/VMF; NGB/A1X; AFRC/A1S; Installation,"Where the submission goes. ANG routes EOY inventory to NGB/A1X per DAFMAN 34-131 7.14.5, not to AFSVC/VMF.","THE requirement engine. The app queries this; it contains no 'if Legacy then require 1119' logic. Changing a requirement next year is a list edit, not an app rebuild."
MF_EOM_Requirement,MF EOM Requirement,One row per document requirement per operating model,Frequency,Choice,Y,Y,Monthly; Quarterly; Semiannual; Annual; Conditional,"Conditional requirements are NEVER auto-generated. The 1119-1 is field feeding: auto-generating it would put a permanent red row on every DFAC that ran no field feeding exercise, which is exactly the kind of false overdue that teaches people to ignore the dashboard.","THE requirement engine. The app queries this; it contains no 'if Legacy then require 1119' logic. Changing a requirement next year is a list edit, not an app rebuild."
MF_EOM_Requirement,MF EOM Requirement,One row per document requirement per operating model,Required_Flag,Boolean,Y,N,,,"THE requirement engine. The app queries this; it contains no 'if Legacy then require 1119' logic. Changing a requirement next year is a list edit, not an app rebuild."
MF_EOM_Requirement,MF EOM Requirement,One row per document requirement per operating model,Due_Day,Number,Y,N,,First suspense: day of the month following the reporting period. 5 for the Legacy package.,"THE requirement engine. The app queries this; it contains no 'if Legacy then require 1119' logic. Changing a requirement next year is a list edit, not an app rebuild."
MF_EOM_Requirement,MF EOM Requirement,One row per document requirement per operating model,Due_Basis,Choice,Y,N,CALENDAR; DUTY_DAY,CALENDAR is the baseline. The source says 'within 5 days' and does not say duty days; do not infer duty days without a citation.,"THE requirement engine. The app queries this; it contains no 'if Legacy then require 1119' logic. Changing a requirement next year is a list edit, not an app rebuild."
MF_EOM_Requirement,MF EOM Requirement,One row per document requirement per operating model,Final_Due_Day,Number,N,N,,"Final call. 10 for the Legacy package — a MANAGEMENT_RULE from the programme, not from the source deck.","THE requirement engine. The app queries this; it contains no 'if Legacy then require 1119' logic. Changing a requirement next year is a list edit, not an app rebuild."
MF_EOM_Requirement,MF EOM Requirement,One row per document requirement per operating model,Final_Due_Basis,Choice,N,N,CALENDAR; DUTY_DAY,,"THE requirement engine. The app queries this; it contains no 'if Legacy then require 1119' logic. Changing a requirement next year is a list edit, not an app rebuild."
MF_EOM_Requirement,MF EOM Requirement,One row per document requirement per operating model,NonDutyDay_Policy,Choice,N,N,NEXT_DUTY_DAY; PREVIOUS_DUTY_DAY; NO_ADJUSTMENT,"Resolved against MF_Non_Duty_Day. Defaults to NEXT_DUTY_DAY. A nominal suspense landing on a Saturday cannot be the date someone is held to, and burying that in a formula produces a monthly argument.","THE requirement engine. The app queries this; it contains no 'if Legacy then require 1119' logic. Changing a requirement next year is a list edit, not an app rebuild."
MF_EOM_Requirement,MF EOM Requirement,One row per document requirement per operating model,QC_Required,Boolean,Y,N,,,"THE requirement engine. The app queries this; it contains no 'if Legacy then require 1119' logic. Changing a requirement next year is a list edit, not an app rebuild."
MF_EOM_Requirement,MF EOM Requirement,One row per document requirement per operating model,Accepted_File_Types,Text,N,N,,Advisory only in MVP. xlsx;pdf,"THE requirement engine. The app queries this; it contains no 'if Legacy then require 1119' logic. Changing a requirement next year is a list edit, not an app rebuild."
MF_EOM_Requirement,MF EOM Requirement,One row per document requirement per operating model,Authority_Reference,Text,N,N,,"The citation. AFSVC EOM/EOY procedures, DAFMAN 34-131 ch 7.14, DFAC Manager Handbook 1.7.5, Storeroom Handbook 5.3.4.","THE requirement engine. The app queries this; it contains no 'if Legacy then require 1119' logic. Changing a requirement next year is a list edit, not an app rebuild."
MF_EOM_Requirement,MF EOM Requirement,One row per document requirement per operating model,Authority_Status,Choice,Y,Y,VERIFIED; MANAGEMENT_RULE; PROPOSED; UNVERIFIED; RETIRED_OR_NOT_APPLICABLE,Does this requirement EXIST. UNVERIFIED requirements generate items but never drive an adverse status. RETIRED_OR_NOT_APPLICABLE keeps a retired requirement on the record so later guidance can reactivate it without a schema change.,"THE requirement engine. The app queries this; it contains no 'if Legacy then require 1119' logic. Changing a requirement next year is a list edit, not an app rebuild."
MF_EOM_Requirement,MF EOM Requirement,One row per document requirement per operating model,Sort_Order,Number,N,N,,,"THE requirement engine. The app queries this; it contains no 'if Legacy then require 1119' logic. Changing a requirement next year is a list edit, not an app rebuild."
MF_EOM_Requirement,MF EOM Requirement,One row per document requirement per operating model,Active_Flag,Boolean,Y,Y,,,"THE requirement engine. The app queries this; it contains no 'if Legacy then require 1119' logic. Changing a requirement next year is a list edit, not an app rebuild."
MF_EOM_Item,MF EOM Item,One PERSISTENT row per expected submission per reporting period,EOM_Item_ID,Text,Y,Y,,,"Generated by EOM-01. Created once and never duplicated. Corrections attach as new MF_EOM_Submission versions pointing at the same item. The checklist exists before any file arrives, which is the only way to distinguish 'nothing was submitted' from 'the system has no record'. Facility_ID is NULL for Installation and Contract scope."
MF_EOM_Item,MF EOM Item,One PERSISTENT row per expected submission per reporting period,EOM_Item_Key,Text,Y,Y,,Human-readable compound key. Drives duplicate prevention and flow idempotency.,"Generated by EOM-01. Created once and never duplicated. Corrections attach as new MF_EOM_Submission versions pointing at the same item. The checklist exists before any file arrives, which is the only way to distinguish 'nothing was submitted' from 'the system has no record'. Facility_ID is NULL for Installation and Contract scope."
MF_EOM_Item,MF EOM Item,One PERSISTENT row per expected submission per reporting period,Portfolio_ID,Text,Y,Y,,"Denormalized. The portfolio filter is the first server-side filter on every query, so it must be on the row.","Generated by EOM-01. Created once and never duplicated. Corrections attach as new MF_EOM_Submission versions pointing at the same item. The checklist exists before any file arrives, which is the only way to distinguish 'nothing was submitted' from 'the system has no record'. Facility_ID is NULL for Installation and Contract scope."
MF_EOM_Item,MF EOM Item,One PERSISTENT row per expected submission per reporting period,Installation_ID,Text,Y,Y,,,"Generated by EOM-01. Created once and never duplicated. Corrections attach as new MF_EOM_Submission versions pointing at the same item. The checklist exists before any file arrives, which is the only way to distinguish 'nothing was submitted' from 'the system has no record'. Facility_ID is NULL for Installation and Contract scope."
MF_EOM_Item,MF EOM Item,One PERSISTENT row per expected submission per reporting period,Facility_ID,Text,N,Y,,"NULLABLE — null, never empty string. Null for Installation-scope and Contract-scope rows.","Generated by EOM-01. Created once and never duplicated. Corrections attach as new MF_EOM_Submission versions pointing at the same item. The checklist exists before any file arrives, which is the only way to distinguish 'nothing was submitted' from 'the system has no record'. Facility_ID is NULL for Installation and Contract scope."
MF_EOM_Item,MF EOM Item,One PERSISTENT row per expected submission per reporting period,Contract_ID,Text,N,N,,NULLABLE. Set for Contract-scope rows.,"Generated by EOM-01. Created once and never duplicated. Corrections attach as new MF_EOM_Submission versions pointing at the same item. The checklist exists before any file arrives, which is the only way to distinguish 'nothing was submitted' from 'the system has no record'. Facility_ID is NULL for Installation and Contract scope."
MF_EOM_Item,MF EOM Item,One PERSISTENT row per expected submission per reporting period,Reporting_Period,Text,Y,Y,,YYYY-MM,"Generated by EOM-01. Created once and never duplicated. Corrections attach as new MF_EOM_Submission versions pointing at the same item. The checklist exists before any file arrives, which is the only way to distinguish 'nothing was submitted' from 'the system has no record'. Facility_ID is NULL for Installation and Contract scope."
MF_EOM_Item,MF EOM Item,One PERSISTENT row per expected submission per reporting period,Requirement_ID,Text,Y,Y,,,"Generated by EOM-01. Created once and never duplicated. Corrections attach as new MF_EOM_Submission versions pointing at the same item. The checklist exists before any file arrives, which is the only way to distinguish 'nothing was submitted' from 'the system has no record'. Facility_ID is NULL for Installation and Contract scope."
MF_EOM_Item,MF EOM Item,One PERSISTENT row per expected submission per reporting period,Requirement_Scope,Choice,Y,N,Facility; Installation; Contract,Denormalized so the app filters without a join. Also how the app asks 'is this a facility row' — IsBlank(Facility_ID) does not delegate.,"Generated by EOM-01. Created once and never duplicated. Corrections attach as new MF_EOM_Submission versions pointing at the same item. The checklist exists before any file arrives, which is the only way to distinguish 'nothing was submitted' from 'the system has no record'. Facility_ID is NULL for Installation and Contract scope."
MF_EOM_Item,MF EOM Item,One PERSISTENT row per expected submission per reporting period,Authority_Status,Choice,Y,Y,VERIFIED; MANAGEMENT_RULE; PROPOSED; UNVERIFIED; RETIRED_OR_NOT_APPLICABLE,"Denormalized at generation. Rule 2 of the status engine reads it, and a lookup to MF_EOM_Requirement would not delegate.","Generated by EOM-01. Created once and never duplicated. Corrections attach as new MF_EOM_Submission versions pointing at the same item. The checklist exists before any file arrives, which is the only way to distinguish 'nothing was submitted' from 'the system has no record'. Facility_ID is NULL for Installation and Contract scope."
MF_EOM_Item,MF EOM Item,One PERSISTENT row per expected submission per reporting period,Required_Flag,Boolean,Y,N,,,"Generated by EOM-01. Created once and never duplicated. Corrections attach as new MF_EOM_Submission versions pointing at the same item. The checklist exists before any file arrives, which is the only way to distinguish 'nothing was submitted' from 'the system has no record'. Facility_ID is NULL for Installation and Contract scope."
MF_EOM_Item,MF EOM Item,One PERSISTENT row per expected submission per reporting period,Nominal_Due_Date,DateTime,Y,N,,The policy date. The 5th stays the 5th.,"Generated by EOM-01. Created once and never duplicated. Corrections attach as new MF_EOM_Submission versions pointing at the same item. The checklist exists before any file arrives, which is the only way to distinguish 'nothing was submitted' from 'the system has no record'. Facility_ID is NULL for Installation and Contract scope."
MF_EOM_Item,MF EOM Item,One PERSISTENT row per expected submission per reporting period,Effective_Due_Date,DateTime,Y,Y,,"After NonDutyDay_Policy. What a person actually owes, and what the status engine evaluates against.","Generated by EOM-01. Created once and never duplicated. Corrections attach as new MF_EOM_Submission versions pointing at the same item. The checklist exists before any file arrives, which is the only way to distinguish 'nothing was submitted' from 'the system has no record'. Facility_ID is NULL for Installation and Contract scope."
MF_EOM_Item,MF EOM Item,One PERSISTENT row per expected submission per reporting period,Nominal_Final_Call_Date,DateTime,N,N,,The policy final call. The 10th.,"Generated by EOM-01. Created once and never duplicated. Corrections attach as new MF_EOM_Submission versions pointing at the same item. The checklist exists before any file arrives, which is the only way to distinguish 'nothing was submitted' from 'the system has no record'. Facility_ID is NULL for Installation and Contract scope."
MF_EOM_Item,MF EOM Item,One PERSISTENT row per expected submission per reporting period,Effective_Final_Call_Date,DateTime,N,Y,,After NonDutyDay_Policy.,"Generated by EOM-01. Created once and never duplicated. Corrections attach as new MF_EOM_Submission versions pointing at the same item. The checklist exists before any file arrives, which is the only way to distinguish 'nothing was submitted' from 'the system has no record'. Facility_ID is NULL for Installation and Contract scope."
MF_EOM_Item,MF EOM Item,One PERSISTENT row per expected submission per reporting period,Due_Date_Adjusted,Boolean,Y,N,,TRUE where nominal and effective differ. The package screen shows both: 'Due 5 Sep (Mon 8 Sep)'.,"Generated by EOM-01. Created once and never duplicated. Corrections attach as new MF_EOM_Submission versions pointing at the same item. The checklist exists before any file arrives, which is the only way to distinguish 'nothing was submitted' from 'the system has no record'. Facility_ID is NULL for Installation and Contract scope."
MF_EOM_Item,MF EOM Item,One PERSISTENT row per expected submission per reporting period,Initial_Submitted_DateTime,DateTime,N,N,,When the FIRST version arrived. Never overwritten by a resubmission.,"Generated by EOM-01. Created once and never duplicated. Corrections attach as new MF_EOM_Submission versions pointing at the same item. The checklist exists before any file arrives, which is the only way to distinguish 'nothing was submitted' from 'the system has no record'. Facility_ID is NULL for Installation and Contract scope."
MF_EOM_Item,MF EOM Item,One PERSISTENT row per expected submission per reporting period,Initial_Submission_On_Time,Boolean,N,N,,First version by Effective_Due_Date. This is what the base is told.,"Generated by EOM-01. Created once and never duplicated. Corrections attach as new MF_EOM_Submission versions pointing at the same item. The checklist exists before any file arrives, which is the only way to distinguish 'nothing was submitted' from 'the system has no record'. Facility_ID is NULL for Installation and Contract scope."
MF_EOM_Item,MF EOM Item,One PERSISTENT row per expected submission per reporting period,Acceptable_Evidence_DateTime,DateTime,N,N,,"When an accepted version first existed. Renamed from the v11 Current_Acceptable_Evidence_DateTime, which was 35 characters and over SharePoint's 32-character internal name limit.","Generated by EOM-01. Created once and never duplicated. Corrections attach as new MF_EOM_Submission versions pointing at the same item. The checklist exists before any file arrives, which is the only way to distinguish 'nothing was submitted' from 'the system has no record'. Facility_ID is NULL for Installation and Contract scope."
MF_EOM_Item,MF EOM Item,One PERSISTENT row per expected submission per reporting period,Final_Evidence_On_Time,Boolean,N,N,,Accepted evidence by Effective_Final_Call_Date. This is what leadership is told.,"Generated by EOM-01. Created once and never duplicated. Corrections attach as new MF_EOM_Submission versions pointing at the same item. The checklist exists before any file arrives, which is the only way to distinguish 'nothing was submitted' from 'the system has no record'. Facility_ID is NULL for Installation and Contract scope."
MF_EOM_Item,MF EOM Item,One PERSISTENT row per expected submission per reporting period,Current_Submission_ID,Text,N,N,,Points at the Is_Current submission. Null until the first upload.,"Generated by EOM-01. Created once and never duplicated. Corrections attach as new MF_EOM_Submission versions pointing at the same item. The checklist exists before any file arrives, which is the only way to distinguish 'nothing was submitted' from 'the system has no record'. Facility_ID is NULL for Installation and Contract scope."
MF_EOM_Item,MF EOM Item,One PERSISTENT row per expected submission per reporting period,Received_Flag,Boolean,Y,N,,,"Generated by EOM-01. Created once and never duplicated. Corrections attach as new MF_EOM_Submission versions pointing at the same item. The checklist exists before any file arrives, which is the only way to distinguish 'nothing was submitted' from 'the system has no record'. Facility_ID is NULL for Installation and Contract scope."
MF_EOM_Item,MF EOM Item,One PERSISTENT row per expected submission per reporting period,Final_Status,Choice,Y,Y,NOT_APPLICABLE; NOT_DUE; PENDING_VALIDATION; LATE; OVERDUE; RETURNED; NOT_SATISFIED; RECEIVED_PENDING_QC; ACCEPTED,"SEMANTIC status. Calculated by EOM-03 and by the app's QC action, never user-selectable. Independent of Status_Code.","Generated by EOM-01. Created once and never duplicated. Corrections attach as new MF_EOM_Submission versions pointing at the same item. The checklist exists before any file arrives, which is the only way to distinguish 'nothing was submitted' from 'the system has no record'. Facility_ID is NULL for Installation and Contract scope."
MF_EOM_Item,MF EOM Item,One PERSISTENT row per expected submission per reporting period,Status_Code,Number,Y,Y,,"VISUAL code. 0 Gray n/a, 1 Red base out of runway, 2 Yellow AFSVC owns it, 3 Green accepted, 4 Blue not due, 5 Amber base with runway. Colour carries OWNERSHIP, not severity. Stored so Filter() delegates.","Generated by EOM-01. Created once and never duplicated. Corrections attach as new MF_EOM_Submission versions pointing at the same item. The checklist exists before any file arrives, which is the only way to distinguish 'nothing was submitted' from 'the system has no record'. Facility_ID is NULL for Installation and Contract scope."
MF_EOM_Item,MF EOM Item,One PERSISTENT row per expected submission per reporting period,Action_Owner,Choice,Y,N,Facility; Reviewer; Admin; None,"Status_Code alone cannot answer 'is this mine'. Home filters on this, not on colour.","Generated by EOM-01. Created once and never duplicated. Corrections attach as new MF_EOM_Submission versions pointing at the same item. The checklist exists before any file arrives, which is the only way to distinguish 'nothing was submitted' from 'the system has no record'. Facility_ID is NULL for Installation and Contract scope."
MF_EOM_Item,MF EOM Item,One PERSISTENT row per expected submission per reporting period,Action_Required,Boolean,Y,Y,,,"Generated by EOM-01. Created once and never duplicated. Corrections attach as new MF_EOM_Submission versions pointing at the same item. The checklist exists before any file arrives, which is the only way to distinguish 'nothing was submitted' from 'the system has no record'. Facility_ID is NULL for Installation and Contract scope."
MF_EOM_Item,MF EOM Item,One PERSISTENT row per expected submission per reporting period,Days_Late,Number,N,N,,"Magnitude against Effective_Final_Call_Date. Set by EOM-03, not computed in DAX. Amber and Red share an owner; this carries the difference in degree.","Generated by EOM-01. Created once and never duplicated. Corrections attach as new MF_EOM_Submission versions pointing at the same item. The checklist exists before any file arrives, which is the only way to distinguish 'nothing was submitted' from 'the system has no record'. Facility_ID is NULL for Installation and Contract scope."
MF_EOM_Item,MF EOM Item,One PERSISTENT row per expected submission per reporting period,Last_Reconciled_DateTime,DateTime,N,N,,Stamped by EOM-03. System Health flags items not reconciled recently — stale reconciliation looks exactly like a quiet month.,"Generated by EOM-01. Created once and never duplicated. Corrections attach as new MF_EOM_Submission versions pointing at the same item. The checklist exists before any file arrives, which is the only way to distinguish 'nothing was submitted' from 'the system has no record'. Facility_ID is NULL for Installation and Contract scope."
MF_EOM_Item,MF EOM Item,One PERSISTENT row per expected submission per reporting period,Exception_Flag,Boolean,Y,N,,Set when the item needs human attention beyond normal QC,"Generated by EOM-01. Created once and never duplicated. Corrections attach as new MF_EOM_Submission versions pointing at the same item. The checklist exists before any file arrives, which is the only way to distinguish 'nothing was submitted' from 'the system has no record'. Facility_ID is NULL for Installation and Contract scope."
MF_EOM_Item,MF EOM Item,One PERSISTENT row per expected submission per reporting period,Correction_Due,DateTime,N,N,,Set when QC returns a correction,"Generated by EOM-01. Created once and never duplicated. Corrections attach as new MF_EOM_Submission versions pointing at the same item. The checklist exists before any file arrives, which is the only way to distinguish 'nothing was submitted' from 'the system has no record'. Facility_ID is NULL for Installation and Contract scope."
MF_EOM_Item,MF EOM Item,One PERSISTENT row per expected submission per reporting period,Waived_Flag,Boolean,N,N,,Portfolio Manager may waive a requirement for a period,"Generated by EOM-01. Created once and never duplicated. Corrections attach as new MF_EOM_Submission versions pointing at the same item. The checklist exists before any file arrives, which is the only way to distinguish 'nothing was submitted' from 'the system has no record'. Facility_ID is NULL for Installation and Contract scope."
MF_EOM_Item,MF EOM Item,One PERSISTENT row per expected submission per reporting period,Waiver_Reason,Note,N,N,,,"Generated by EOM-01. Created once and never duplicated. Corrections attach as new MF_EOM_Submission versions pointing at the same item. The checklist exists before any file arrives, which is the only way to distinguish 'nothing was submitted' from 'the system has no record'. Facility_ID is NULL for Installation and Contract scope."
MF_EOM_Submission,MF EOM Submission,One row per uploaded file version,Submission_ID,Text,Y,Y,,,Versioned evidence. v1 Correction Required and v2 Accepted both persist; nothing is overwritten or deleted. QC applies to the Is_Current version.
MF_EOM_Submission,MF EOM Submission,One row per uploaded file version,EOM_Item_ID,Text,Y,Y,,,Versioned evidence. v1 Correction Required and v2 Accepted both persist; nothing is overwritten or deleted. QC applies to the Is_Current version.
MF_EOM_Submission,MF EOM Submission,One row per uploaded file version,Version_No,Number,Y,N,,Assigned by upload timestamp order,Versioned evidence. v1 Correction Required and v2 Accepted both persist; nothing is overwritten or deleted. QC applies to the Is_Current version.
MF_EOM_Submission,MF EOM Submission,One row per uploaded file version,File_Name,Text,Y,N,,"As uploaded. No naming convention required, and the name is never read for meaning.",Versioned evidence. v1 Correction Required and v2 Accepted both persist; nothing is overwritten or deleted. QC applies to the Is_Current version.
MF_EOM_Submission,MF EOM Submission,One row per uploaded file version,File_URL,URL,Y,N,,"THE LIST ROW IS TRUTH, THE PATH IS CONVENIENCE. Never derive status from the path — files get moved and renamed.",Versioned evidence. v1 Correction Required and v2 Accepted both persist; nothing is overwritten or deleted. QC applies to the Is_Current version.
MF_EOM_Submission,MF EOM Submission,One row per uploaded file version,File_Size_KB,Number,N,N,,,Versioned evidence. v1 Correction Required and v2 Accepted both persist; nothing is overwritten or deleted. QC applies to the Is_Current version.
MF_EOM_Submission,MF EOM Submission,One row per uploaded file version,Uploaded_By,User,Y,N,,SharePoint identity of the actual uploader,Versioned evidence. v1 Correction Required and v2 Accepted both persist; nothing is overwritten or deleted. QC applies to the Is_Current version.
MF_EOM_Submission,MF EOM Submission,One row per uploaded file version,Uploaded_DateTime,DateTime,Y,Y,,,Versioned evidence. v1 Correction Required and v2 Accepted both persist; nothing is overwritten or deleted. QC applies to the Is_Current version.
MF_EOM_Submission,MF EOM Submission,One row per uploaded file version,Submitted_On_Behalf_Of,Text,N,N,,"Facility_ID or Installation_ID when an AFSVC MFM uploads a document that arrived by email. Without this, emailed submissions misattribute to AFSVC and the missing/overdue counts go wrong silently.",Versioned evidence. v1 Correction Required and v2 Accepted both persist; nothing is overwritten or deleted. QC applies to the Is_Current version.
MF_EOM_Submission,MF EOM Submission,One row per uploaded file version,Intake_Method,Choice,Y,N,App upload; Folder drop; Manual classification,App upload needs no classification. Folder drop may.,Versioned evidence. v1 Correction Required and v2 Accepted both persist; nothing is overwritten or deleted. QC applies to the Is_Current version.
MF_EOM_Submission,MF EOM Submission,One row per uploaded file version,Classification_Method,Choice,N,N,Declared at upload; Folder context; Document content; AI Builder; Manual,"'Declared at upload' is the production baseline. Filename is NEVER a method, at any tier.",Versioned evidence. v1 Correction Required and v2 Accepted both persist; nothing is overwritten or deleted. QC applies to the Is_Current version.
MF_EOM_Submission,MF EOM Submission,One row per uploaded file version,Classification_Status,Choice,N,Y,Pending; Classified; Needs Review; Failed,,Versioned evidence. v1 Correction Required and v2 Accepted both persist; nothing is overwritten or deleted. QC applies to the Is_Current version.
MF_EOM_Submission,MF EOM Submission,One row per uploaded file version,Portfolio_ID,Text,N,Y,,The folder path gives portfolio and month; the uploader's GAL gives the installation; the app declaration gives facility and document type. Nothing is inferred from a filename.,Versioned evidence. v1 Correction Required and v2 Accepted both persist; nothing is overwritten or deleted. QC applies to the Is_Current version.
MF_EOM_Submission,MF EOM Submission,One row per uploaded file version,Classification_Confidence,Choice,N,N,Declared; High; Low; Unresolved,'Declared' = the app captured it at upload. That is the whole point of making the app the front door.,Versioned evidence. v1 Correction Required and v2 Accepted both persist; nothing is overwritten or deleted. QC applies to the Is_Current version.
MF_EOM_Submission,MF EOM Submission,One row per uploaded file version,Last_Error_Code,Text,N,N,,,Versioned evidence. v1 Correction Required and v2 Accepted both persist; nothing is overwritten or deleted. QC applies to the Is_Current version.
MF_EOM_Submission,MF EOM Submission,One row per uploaded file version,Last_Error_Message,Note,N,N,,"User-facing, plain language. Never a raw HTTP status.",Versioned evidence. v1 Correction Required and v2 Accepted both persist; nothing is overwritten or deleted. QC applies to the Is_Current version.
MF_EOM_Submission,MF EOM Submission,One row per uploaded file version,Last_Processing_DateTime,DateTime,N,N,,,Versioned evidence. v1 Correction Required and v2 Accepted both persist; nothing is overwritten or deleted. QC applies to the Is_Current version.
MF_EOM_Submission,MF EOM Submission,One row per uploaded file version,Retry_Count,Number,N,N,,,Versioned evidence. v1 Correction Required and v2 Accepted both persist; nothing is overwritten or deleted. QC applies to the Is_Current version.
MF_EOM_Submission,MF EOM Submission,One row per uploaded file version,Destination_ID,Text,N,Y,,"FK to MF_Document_Destination. Which configured destination received this file, so a routing change is auditable after the fact rather than inferred from a path.",Versioned evidence. v1 Correction Required and v2 Accepted both persist; nothing is overwritten or deleted. QC applies to the Is_Current version.
MF_EOM_Submission,MF EOM Submission,One row per uploaded file version,Source_Library,Text,N,N,,The library the file landed in. Recorded because the four portfolios are four separate site collections and 'Shared Documents' is an assumption until each site is walked.,Versioned evidence. v1 Correction Required and v2 Accepted both persist; nothing is overwritten or deleted. QC applies to the Is_Current version.
MF_EOM_Submission,MF EOM Submission,One row per uploaded file version,Source_Path,Text,N,N,,Where the file was found or placed. Diagnostic only — the list row is truth.,Versioned evidence. v1 Correction Required and v2 Accepted both persist; nothing is overwritten or deleted. QC applies to the Is_Current version.
MF_EOM_Submission,MF EOM Submission,One row per uploaded file version,Needs_Filing,Boolean,N,Y,,"TRUE when the fiscal-year or month folder could not be matched and the file landed at the Monthly Data Call root under FIND_OR_ROOT. Indexed because Admin filters on it, and the count is the whole point: a file nobody knows is misfiled is worse than one that failed to upload.",Versioned evidence. v1 Correction Required and v2 Accepted both persist; nothing is overwritten or deleted. QC applies to the Is_Current version.
MF_EOM_Submission,MF EOM Submission,One row per uploaded file version,Filing_Note,Text,N,N,,What was looked for and not found — 'no child of FY26 matched August 2026'. The person moving the file needs to know whether to move it or fix the configuration.,Versioned evidence. v1 Correction Required and v2 Accepted both persist; nothing is overwritten or deleted. QC applies to the Is_Current version.
MF_EOM_Submission,MF EOM Submission,One row per uploaded file version,SharePoint_Unique_ID,Text,N,Y,,"THE DURABLE HANDLE. The document GUID survives a rename and a move; File_URL survives neither, and under FIND_OR_ROOT files get moved by design. Store the GUID, resolve the URL from it.",Versioned evidence. v1 Correction Required and v2 Accepted both persist; nothing is overwritten or deleted. QC applies to the Is_Current version.
MF_EOM_Submission,MF EOM Submission,One row per uploaded file version,SharePoint_File_ID,Text,N,Y,,List item ID. Convenient for a lookup within one library; not durable across a move between libraries or sites.,Versioned evidence. v1 Correction Required and v2 Accepted both persist; nothing is overwritten or deleted. QC applies to the Is_Current version.
MF_EOM_Submission,MF EOM Submission,One row per uploaded file version,Is_Current,Boolean,Y,Y,,,Versioned evidence. v1 Correction Required and v2 Accepted both persist; nothing is overwritten or deleted. QC applies to the Is_Current version.
MF_EOM_Submission,MF EOM Submission,One row per uploaded file version,Superseded_By,Text,N,N,,Submission_ID of the version that replaced this one,Versioned evidence. v1 Correction Required and v2 Accepted both persist; nothing is overwritten or deleted. QC applies to the Is_Current version.
MF_EOM_Submission,MF EOM Submission,One row per uploaded file version,QC_Status,Choice,Y,Y,Pending Review; Accepted; Correction Required; Incomplete; Wrong Document; Wrong Reporting Period; Wrong Facility; Recalled; Not Applicable,"Seven verdicts plus Recalled. The status engine collapses the four returning verdicts into RETURNED, but the base reads the specific reason here and in the notification. Recalled is the submitter withdrawing before review, not a rejection.",Versioned evidence. v1 Correction Required and v2 Accepted both persist; nothing is overwritten or deleted. QC applies to the Is_Current version.
MF_EOM_Submission,MF EOM Submission,One row per uploaded file version,QC_By,User,N,N,,,Versioned evidence. v1 Correction Required and v2 Accepted both persist; nothing is overwritten or deleted. QC applies to the Is_Current version.
MF_EOM_Submission,MF EOM Submission,One row per uploaded file version,QC_DateTime,DateTime,N,N,,,Versioned evidence. v1 Correction Required and v2 Accepted both persist; nothing is overwritten or deleted. QC applies to the Is_Current version.
MF_EOM_Submission,MF EOM Submission,One row per uploaded file version,QC_Comment,Note,N,N,,REQUIRED when QC_Status is Correction Required or Wrong Document,Versioned evidence. v1 Correction Required and v2 Accepted both persist; nothing is overwritten or deleted. QC applies to the Is_Current version.
MF_Unmatched_File,MF Unmatched File,One row per file found in the FY folder that could not be resolved,Unmatched_ID,Text,Y,Y,,,The safety net for folder drops. Should trend toward empty once people use the app. No content parsing and no AI Builder in MVP — a human picks from dropdowns. NEVER INVENT A REQUIREMENT: resolving a row here attaches the file to an existing expected item and never creates one.
MF_Unmatched_File,MF Unmatched File,One row per file found in the FY folder that could not be resolved,File_Name,Text,Y,N,,,The safety net for folder drops. Should trend toward empty once people use the app. No content parsing and no AI Builder in MVP — a human picks from dropdowns. NEVER INVENT A REQUIREMENT: resolving a row here attaches the file to an existing expected item and never creates one.
MF_Unmatched_File,MF Unmatched File,One row per file found in the FY folder that could not be resolved,File_URL,URL,Y,N,,,The safety net for folder drops. Should trend toward empty once people use the app. No content parsing and no AI Builder in MVP — a human picks from dropdowns. NEVER INVENT A REQUIREMENT: resolving a row here attaches the file to an existing expected item and never creates one.
MF_Unmatched_File,MF Unmatched File,One row per file found in the FY folder that could not be resolved,Portfolio_ID,Text,N,Y,,Derivable from the folder — that much the path gives us,The safety net for folder drops. Should trend toward empty once people use the app. No content parsing and no AI Builder in MVP — a human picks from dropdowns. NEVER INVENT A REQUIREMENT: resolving a row here attaches the file to an existing expected item and never creates one.
MF_Unmatched_File,MF Unmatched File,One row per file found in the FY folder that could not be resolved,Fiscal_Year,Text,N,N,,Derivable from the folder,The safety net for folder drops. Should trend toward empty once people use the app. No content parsing and no AI Builder in MVP — a human picks from dropdowns. NEVER INVENT A REQUIREMENT: resolving a row here attaches the file to an existing expected item and never creates one.
MF_Unmatched_File,MF Unmatched File,One row per file found in the FY folder that could not be resolved,Discovered_DateTime,DateTime,Y,Y,,,The safety net for folder drops. Should trend toward empty once people use the app. No content parsing and no AI Builder in MVP — a human picks from dropdowns. NEVER INVENT A REQUIREMENT: resolving a row here attaches the file to an existing expected item and never creates one.
MF_Unmatched_File,MF Unmatched File,One row per file found in the FY folder that could not be resolved,Uploaded_By,User,N,N,,,The safety net for folder drops. Should trend toward empty once people use the app. No content parsing and no AI Builder in MVP — a human picks from dropdowns. NEVER INVENT A REQUIREMENT: resolving a row here attaches the file to an existing expected item and never creates one.
MF_Unmatched_File,MF Unmatched File,One row per file found in the FY folder that could not be resolved,Suggested_Installation_ID,Text,N,N,,Weak hint only. Never auto-applied.,The safety net for folder drops. Should trend toward empty once people use the app. No content parsing and no AI Builder in MVP — a human picks from dropdowns. NEVER INVENT A REQUIREMENT: resolving a row here attaches the file to an existing expected item and never creates one.
MF_Unmatched_File,MF Unmatched File,One row per file found in the FY folder that could not be resolved,Suggested_Document_Code,Text,N,N,,Weak hint only.,The safety net for folder drops. Should trend toward empty once people use the app. No content parsing and no AI Builder in MVP — a human picks from dropdowns. NEVER INVENT A REQUIREMENT: resolving a row here attaches the file to an existing expected item and never creates one.
MF_Unmatched_File,MF Unmatched File,One row per file found in the FY folder that could not be resolved,Resolution_Status,Choice,Y,Y,Needs Classification; Classified; Not an EOM document; Duplicate,,The safety net for folder drops. Should trend toward empty once people use the app. No content parsing and no AI Builder in MVP — a human picks from dropdowns. NEVER INVENT A REQUIREMENT: resolving a row here attaches the file to an existing expected item and never creates one.
MF_Unmatched_File,MF Unmatched File,One row per file found in the FY folder that could not be resolved,Resolved_Submission_ID,Text,N,N,,,The safety net for folder drops. Should trend toward empty once people use the app. No content parsing and no AI Builder in MVP — a human picks from dropdowns. NEVER INVENT A REQUIREMENT: resolving a row here attaches the file to an existing expected item and never creates one.
MF_Unmatched_File,MF Unmatched File,One row per file found in the FY folder that could not be resolved,Resolved_By,User,N,N,,,The safety net for folder drops. Should trend toward empty once people use the app. No content parsing and no AI Builder in MVP — a human picks from dropdowns. NEVER INVENT A REQUIREMENT: resolving a row here attaches the file to an existing expected item and never creates one.
MF_Unmatched_File,MF Unmatched File,One row per file found in the FY folder that could not be resolved,Resolved_DateTime,DateTime,N,N,,,The safety net for folder drops. Should trend toward empty once people use the app. No content parsing and no AI Builder in MVP — a human picks from dropdowns. NEVER INVENT A REQUIREMENT: resolving a row here attaches the file to an existing expected item and never creates one.
MF_Security_Mapping,MF Security Mapping,One row per user per granted scope,Security_ID,Text,Y,Y,,,"ONE mapping for both Power Apps filtering and Power BI RLS. Nobody is provisioned for their own base: CAC identifies the user, the GAL gives their installation, and anyone at that installation may view and edit its EOM submissions regardless of unit. Installation is the unit of access.

WARNING: this list drives APP filtering. Power Apps Visible and Filter() are NOT an access-control boundary — see docs/security-open-issue.md. The data layer must enforce the same scope independently."
MF_Security_Mapping,MF Security Mapping,One row per user per granted scope,UPN,Text,Y,Y,,,"ONE mapping for both Power Apps filtering and Power BI RLS. Nobody is provisioned for their own base: CAC identifies the user, the GAL gives their installation, and anyone at that installation may view and edit its EOM submissions regardless of unit. Installation is the unit of access.

WARNING: this list drives APP filtering. Power Apps Visible and Filter() are NOT an access-control boundary — see docs/security-open-issue.md. The data layer must enforce the same scope independently."
MF_Security_Mapping,MF Security Mapping,One row per user per granted scope,Scope_Type,Choice,Y,Y,Enterprise; Portfolio; Installation; Facility,,"ONE mapping for both Power Apps filtering and Power BI RLS. Nobody is provisioned for their own base: CAC identifies the user, the GAL gives their installation, and anyone at that installation may view and edit its EOM submissions regardless of unit. Installation is the unit of access.

WARNING: this list drives APP filtering. Power Apps Visible and Filter() are NOT an access-control boundary — see docs/security-open-issue.md. The data layer must enforce the same scope independently."
MF_Security_Mapping,MF Security Mapping,One row per user per granted scope,Portfolio_ID,Text,N,Y,,,"ONE mapping for both Power Apps filtering and Power BI RLS. Nobody is provisioned for their own base: CAC identifies the user, the GAL gives their installation, and anyone at that installation may view and edit its EOM submissions regardless of unit. Installation is the unit of access.

WARNING: this list drives APP filtering. Power Apps Visible and Filter() are NOT an access-control boundary — see docs/security-open-issue.md. The data layer must enforce the same scope independently."
MF_Security_Mapping,MF Security Mapping,One row per user per granted scope,Installation_ID,Text,N,Y,,,"ONE mapping for both Power Apps filtering and Power BI RLS. Nobody is provisioned for their own base: CAC identifies the user, the GAL gives their installation, and anyone at that installation may view and edit its EOM submissions regardless of unit. Installation is the unit of access.

WARNING: this list drives APP filtering. Power Apps Visible and Filter() are NOT an access-control boundary — see docs/security-open-issue.md. The data layer must enforce the same scope independently."
MF_Security_Mapping,MF Security Mapping,One row per user per granted scope,Facility_ID,Text,N,Y,,,"ONE mapping for both Power Apps filtering and Power BI RLS. Nobody is provisioned for their own base: CAC identifies the user, the GAL gives their installation, and anyone at that installation may view and edit its EOM submissions regardless of unit. Installation is the unit of access.

WARNING: this list drives APP filtering. Power Apps Visible and Filter() are NOT an access-control boundary — see docs/security-open-issue.md. The data layer must enforce the same scope independently."
MF_Security_Mapping,MF Security Mapping,One row per user per granted scope,Role,Choice,Y,N,BASE_USER; PORTFOLIO_MANAGER,"BASE_USER is automatic from CAC and the GAL. PORTFOLIO_MANAGER is granted. Two roles, not six — users can hold two in their heads.","ONE mapping for both Power Apps filtering and Power BI RLS. Nobody is provisioned for their own base: CAC identifies the user, the GAL gives their installation, and anyone at that installation may view and edit its EOM submissions regardless of unit. Installation is the unit of access.

WARNING: this list drives APP filtering. Power Apps Visible and Filter() are NOT an access-control boundary — see docs/security-open-issue.md. The data layer must enforce the same scope independently."
MF_Security_Mapping,MF Security Mapping,One row per user per granted scope,Job_Title,Text,N,N,,"From the GAL. Display only, never authorization.","ONE mapping for both Power Apps filtering and Power BI RLS. Nobody is provisioned for their own base: CAC identifies the user, the GAL gives their installation, and anyone at that installation may view and edit its EOM submissions regardless of unit. Installation is the unit of access.

WARNING: this list drives APP filtering. Power Apps Visible and Filter() are NOT an access-control boundary — see docs/security-open-issue.md. The data layer must enforce the same scope independently."
MF_Security_Mapping,MF Security Mapping,One row per user per granted scope,Can_QC,Boolean,Y,N,,Defaults on for PORTFOLIO_MANAGER: reviewing is the core of the role.,"ONE mapping for both Power Apps filtering and Power BI RLS. Nobody is provisioned for their own base: CAC identifies the user, the GAL gives their installation, and anyone at that installation may view and edit its EOM submissions regardless of unit. Installation is the unit of access.

WARNING: this list drives APP filtering. Power Apps Visible and Filter() are NOT an access-control boundary — see docs/security-open-issue.md. The data layer must enforce the same scope independently."
MF_Security_Mapping,MF Security Mapping,One row per user per granted scope,Can_Submit_On_Behalf,Boolean,Y,N,,Records the true origin of an emailed document instead of misattributing it to AFSVC.,"ONE mapping for both Power Apps filtering and Power BI RLS. Nobody is provisioned for their own base: CAC identifies the user, the GAL gives their installation, and anyone at that installation may view and edit its EOM submissions regardless of unit. Installation is the unit of access.

WARNING: this list drives APP filtering. Power Apps Visible and Filter() are NOT an access-control boundary — see docs/security-open-issue.md. The data layer must enforce the same scope independently."
MF_Security_Mapping,MF Security Mapping,One row per user per granted scope,Can_Edit_Requirements,Boolean,Y,N,,Defaults OFF. Reviewing a 1119 and changing what a 1119 IS are different jobs; configuration is policy.,"ONE mapping for both Power Apps filtering and Power BI RLS. Nobody is provisioned for their own base: CAC identifies the user, the GAL gives their installation, and anyone at that installation may view and edit its EOM submissions regardless of unit. Installation is the unit of access.

WARNING: this list drives APP filtering. Power Apps Visible and Filter() are NOT an access-control boundary — see docs/security-open-issue.md. The data layer must enforce the same scope independently."
MF_Security_Mapping,MF Security Mapping,One row per user per granted scope,Can_Grant_Access,Boolean,Y,N,,"Defaults OFF, and settable only by an Enterprise-scope holder. Stops the role self-propagating — without this, one grant makes the population monotonically increasing.","ONE mapping for both Power Apps filtering and Power BI RLS. Nobody is provisioned for their own base: CAC identifies the user, the GAL gives their installation, and anyone at that installation may view and edit its EOM submissions regardless of unit. Installation is the unit of access.

WARNING: this list drives APP filtering. Power Apps Visible and Filter() are NOT an access-control boundary — see docs/security-open-issue.md. The data layer must enforce the same scope independently."
MF_Security_Mapping,MF Security Mapping,One row per user per granted scope,Grant_Scope,Choice,Y,N,None; Portfolio; Enterprise,"Portfolio = own portfolio only. Enterprise = anywhere, and that is two or three people, not a default. Limits blast radius.","ONE mapping for both Power Apps filtering and Power BI RLS. Nobody is provisioned for their own base: CAC identifies the user, the GAL gives their installation, and anyone at that installation may view and edit its EOM submissions regardless of unit. Installation is the unit of access.

WARNING: this list drives APP filtering. Power Apps Visible and Filter() are NOT an access-control boundary — see docs/security-open-issue.md. The data layer must enforce the same scope independently."
MF_Security_Mapping,MF Security Mapping,One row per user per granted scope,Grant_Type,Choice,Y,N,GAL derived; Requested; Manual,"GAL derived, Requested or Manual. Distinguishes what identity gave someone from what a human granted them.","ONE mapping for both Power Apps filtering and Power BI RLS. Nobody is provisioned for their own base: CAC identifies the user, the GAL gives their installation, and anyone at that installation may view and edit its EOM submissions regardless of unit. Installation is the unit of access.

WARNING: this list drives APP filtering. Power Apps Visible and Filter() are NOT an access-control boundary — see docs/security-open-issue.md. The data layer must enforce the same scope independently."
MF_Security_Mapping,MF Security Mapping,One row per user per granted scope,Granted_By,Text,N,N,,,"ONE mapping for both Power Apps filtering and Power BI RLS. Nobody is provisioned for their own base: CAC identifies the user, the GAL gives their installation, and anyone at that installation may view and edit its EOM submissions regardless of unit. Installation is the unit of access.

WARNING: this list drives APP filtering. Power Apps Visible and Filter() are NOT an access-control boundary — see docs/security-open-issue.md. The data layer must enforce the same scope independently."
MF_Security_Mapping,MF Security Mapping,One row per user per granted scope,Granted_Date,DateTime,N,N,,,"ONE mapping for both Power Apps filtering and Power BI RLS. Nobody is provisioned for their own base: CAC identifies the user, the GAL gives their installation, and anyone at that installation may view and edit its EOM submissions regardless of unit. Installation is the unit of access.

WARNING: this list drives APP filtering. Power Apps Visible and Filter() are NOT an access-control boundary — see docs/security-open-issue.md. The data layer must enforce the same scope independently."
MF_Security_Mapping,MF Security Mapping,One row per user per granted scope,Expires_Date,DateTime,N,Y,,"REQUESTED ACCESS EXPIRES. Sixty days by default. Someone who PCS'd but still owes their losing base a package needs a handover window, not permanent rights to a base they left.","ONE mapping for both Power Apps filtering and Power BI RLS. Nobody is provisioned for their own base: CAC identifies the user, the GAL gives their installation, and anyone at that installation may view and edit its EOM submissions regardless of unit. Installation is the unit of access.

WARNING: this list drives APP filtering. Power Apps Visible and Filter() are NOT an access-control boundary — see docs/security-open-issue.md. The data layer must enforce the same scope independently."
MF_Security_Mapping,MF Security Mapping,One row per user per granted scope,Developer_Flag,Boolean,Y,N,,Never granted by a role. Unlocks the diagnostic surface.,"ONE mapping for both Power Apps filtering and Power BI RLS. Nobody is provisioned for their own base: CAC identifies the user, the GAL gives their installation, and anyone at that installation may view and edit its EOM submissions regardless of unit. Installation is the unit of access.

WARNING: this list drives APP filtering. Power Apps Visible and Filter() are NOT an access-control boundary — see docs/security-open-issue.md. The data layer must enforce the same scope independently."
MF_Security_Mapping,MF Security Mapping,One row per user per granted scope,Tester_Flag,Boolean,Y,N,,,"ONE mapping for both Power Apps filtering and Power BI RLS. Nobody is provisioned for their own base: CAC identifies the user, the GAL gives their installation, and anyone at that installation may view and edit its EOM submissions regardless of unit. Installation is the unit of access.

WARNING: this list drives APP filtering. Power Apps Visible and Filter() are NOT an access-control boundary — see docs/security-open-issue.md. The data layer must enforce the same scope independently."
MF_Security_Mapping,MF Security Mapping,One row per user per granted scope,Active_Flag,Boolean,Y,Y,,"Revocation without deletion, so the audit trail survives.","ONE mapping for both Power Apps filtering and Power BI RLS. Nobody is provisioned for their own base: CAC identifies the user, the GAL gives their installation, and anyone at that installation may view and edit its EOM submissions regardless of unit. Installation is the unit of access.

WARNING: this list drives APP filtering. Power Apps Visible and Filter() are NOT an access-control boundary — see docs/security-open-issue.md. The data layer must enforce the same scope independently."
MF_EOM_Audit,MF EOM Audit,One row per state change,Audit_ID,Text,Y,Y,,,"Cheap now, invaluable during an IG. Every QC decision, every generated item, and every notification the system decided not to send."
MF_EOM_Audit,MF EOM Audit,One row per state change,Entity_Type,Choice,Y,N,EOM_Item; EOM_Submission; Requirement,,"Cheap now, invaluable during an IG. Every QC decision, every generated item, and every notification the system decided not to send."
MF_EOM_Audit,MF EOM Audit,One row per state change,Entity_ID,Text,Y,Y,,,"Cheap now, invaluable during an IG. Every QC decision, every generated item, and every notification the system decided not to send."
MF_EOM_Audit,MF EOM Audit,One row per state change,Action,Choice,Y,Y,Generated; Uploaded; QC Accepted; QC Correction Required; QC Wrong Document; QC Not Applicable; Waived; Reclassified; Status Recalculated; Notification Suppressed; Notification Sent,,"Cheap now, invaluable during an IG. Every QC decision, every generated item, and every notification the system decided not to send."
MF_EOM_Audit,MF EOM Audit,One row per state change,Actor_UPN,Text,Y,N,,,"Cheap now, invaluable during an IG. Every QC decision, every generated item, and every notification the system decided not to send."
MF_EOM_Audit,MF EOM Audit,One row per state change,Action_DateTime,DateTime,Y,Y,,,"Cheap now, invaluable during an IG. Every QC decision, every generated item, and every notification the system decided not to send."
MF_EOM_Audit,MF EOM Audit,One row per state change,Old_Value,Text,N,N,,,"Cheap now, invaluable during an IG. Every QC decision, every generated item, and every notification the system decided not to send."
MF_EOM_Audit,MF EOM Audit,One row per state change,New_Value,Text,N,N,,,"Cheap now, invaluable during an IG. Every QC decision, every generated item, and every notification the system decided not to send."
MF_EOM_Audit,MF EOM Audit,One row per state change,Detail,Note,N,N,,,"Cheap now, invaluable during an IG. Every QC decision, every generated item, and every notification the system decided not to send."
MF_App_Config,MF App Config,One row per configuration key,Config_Key,Text,Y,Y,,,"Admin-managed, read-only to everyone else. This is the kill switch: when something breaks after a publish you flip MaintenanceMode rather than racing to unpublish. Every environment-variable value has a matching row here, so neither path is load-bearing alone."
MF_App_Config,MF App Config,One row per configuration key,Config_Value,Text,Y,N,,,"Admin-managed, read-only to everyone else. This is the kill switch: when something breaks after a publish you flip MaintenanceMode rather than racing to unpublish. Every environment-variable value has a matching row here, so neither path is load-bearing alone."
MF_App_Config,MF App Config,One row per configuration key,Config_Type,Choice,Y,N,String; Boolean; Number; Date,,"Admin-managed, read-only to everyone else. This is the kill switch: when something breaks after a publish you flip MaintenanceMode rather than racing to unpublish. Every environment-variable value has a matching row here, so neither path is load-bearing alone."
MF_App_Config,MF App Config,One row per configuration key,Description,Note,N,N,,,"Admin-managed, read-only to everyone else. This is the kill switch: when something breaks after a publish you flip MaintenanceMode rather than racing to unpublish. Every environment-variable value has a matching row here, so neither path is load-bearing alone."
MF_App_Config,MF App Config,One row per configuration key,Admin_Only,Boolean,Y,N,,,"Admin-managed, read-only to everyone else. This is the kill switch: when something breaks after a publish you flip MaintenanceMode rather than racing to unpublish. Every environment-variable value has a matching row here, so neither path is load-bearing alone."
MF_App_Config,MF App Config,One row per configuration key,Active_Flag,Boolean,Y,Y,,,"Admin-managed, read-only to everyone else. This is the kill switch: when something breaks after a publish you flip MaintenanceMode rather than racing to unpublish. Every environment-variable value has a matching row here, so neither path is load-bearing alone."
MF_Feature_Flags,MF Feature Flags,One row per feature,Feature_Key,Text,Y,Y,,,"Ship a new screen inside the published app while normal users still see the old one. Beats the manual old-screen/new-screen rename: no rebuild, and the rollback is a checkbox."
MF_Feature_Flags,MF Feature Flags,One row per feature,Feature_Name,Text,Y,N,,,"Ship a new screen inside the published app while normal users still see the old one. Beats the manual old-screen/new-screen rename: no rebuild, and the rollback is a checkbox."
MF_Feature_Flags,MF Feature Flags,One row per feature,Enabled_Prod,Boolean,Y,N,,,"Ship a new screen inside the published app while normal users still see the old one. Beats the manual old-screen/new-screen rename: no rebuild, and the rollback is a checkbox."
MF_Feature_Flags,MF Feature Flags,One row per feature,Enabled_Testers,Boolean,Y,N,,,"Ship a new screen inside the published app while normal users still see the old one. Beats the manual old-screen/new-screen rename: no rebuild, and the rollback is a checkbox."
MF_Feature_Flags,MF Feature Flags,One row per feature,Minimum_Role,Choice,Y,N,BASE_USER; PORTFOLIO_MANAGER; DEVELOPER,,"Ship a new screen inside the published app while normal users still see the old one. Beats the manual old-screen/new-screen rename: no rebuild, and the rollback is a checkbox."
MF_Feature_Flags,MF Feature Flags,One row per feature,Effective_Date,DateTime,N,N,,,"Ship a new screen inside the published app while normal users still see the old one. Beats the manual old-screen/new-screen rename: no rebuild, and the rollback is a checkbox."
MF_Feature_Flags,MF Feature Flags,One row per feature,Notes,Note,N,N,,,"Ship a new screen inside the published app while normal users still see the old one. Beats the manual old-screen/new-screen rename: no rebuild, and the rollback is a checkbox."
MF_App_Event_Log,MF App Event Log,One row per meaningful business event,Event_ID,Text,Y,Y,,,"Business telemetry, NOT click tracking. Answers 'why didn't Minot's 1119 show up' operationally, and 'how many manual interventions did we avoid' strategically. Append-only; never bind a gallery directly to it."
MF_App_Event_Log,MF App Event Log,One row per meaningful business event,Event_DateTime,DateTime,Y,Y,,,"Business telemetry, NOT click tracking. Answers 'why didn't Minot's 1119 show up' operationally, and 'how many manual interventions did we avoid' strategically. Append-only; never bind a gallery directly to it."
MF_App_Event_Log,MF App Event Log,One row per meaningful business event,User_UPN,Text,Y,Y,,,"Business telemetry, NOT click tracking. Answers 'why didn't Minot's 1119 show up' operationally, and 'how many manual interventions did we avoid' strategically. Append-only; never bind a gallery directly to it."
MF_App_Event_Log,MF App Event Log,One row per meaningful business event,Role,Text,N,N,,,"Business telemetry, NOT click tracking. Answers 'why didn't Minot's 1119 show up' operationally, and 'how many manual interventions did we avoid' strategically. Append-only; never bind a gallery directly to it."
MF_App_Event_Log,MF App Event Log,One row per meaningful business event,Portfolio_ID,Text,N,N,,,"Business telemetry, NOT click tracking. Answers 'why didn't Minot's 1119 show up' operationally, and 'how many manual interventions did we avoid' strategically. Append-only; never bind a gallery directly to it."
MF_App_Event_Log,MF App Event Log,One row per meaningful business event,Installation_ID,Text,N,Y,,,"Business telemetry, NOT click tracking. Answers 'why didn't Minot's 1119 show up' operationally, and 'how many manual interventions did we avoid' strategically. Append-only; never bind a gallery directly to it."
MF_App_Event_Log,MF App Event Log,One row per meaningful business event,Facility_ID,Text,N,N,,,"Business telemetry, NOT click tracking. Answers 'why didn't Minot's 1119 show up' operationally, and 'how many manual interventions did we avoid' strategically. Append-only; never bind a gallery directly to it."
MF_App_Event_Log,MF App Event Log,One row per meaningful business event,Event_Type,Choice,Y,Y,AppOpened; DocumentDiscovered; SubmissionCreated; VersionSuperseded; ClassificationSucceeded; ClassificationUncertain; ManualClassification; ExpectedItemMatched; QCAccepted; QCCorrectionRequired; QCWrongDocument; ExpectedGenerationFailed; ReconciliationMismatch; FlowFailure; PermissionDenied; MaintenanceModeBlocked,,"Business telemetry, NOT click tracking. Answers 'why didn't Minot's 1119 show up' operationally, and 'how many manual interventions did we avoid' strategically. Append-only; never bind a gallery directly to it."
MF_App_Event_Log,MF App Event Log,One row per meaningful business event,Record_ID,Text,N,Y,,,"Business telemetry, NOT click tracking. Answers 'why didn't Minot's 1119 show up' operationally, and 'how many manual interventions did we avoid' strategically. Append-only; never bind a gallery directly to it."
MF_App_Event_Log,MF App Event Log,One row per meaningful business event,Result,Choice,Y,N,Success; Warning; Failure,,"Business telemetry, NOT click tracking. Answers 'why didn't Minot's 1119 show up' operationally, and 'how many manual interventions did we avoid' strategically. Append-only; never bind a gallery directly to it."
MF_App_Event_Log,MF App Event Log,One row per meaningful business event,Error_Code,Text,N,N,,,"Business telemetry, NOT click tracking. Answers 'why didn't Minot's 1119 show up' operationally, and 'how many manual interventions did we avoid' strategically. Append-only; never bind a gallery directly to it."
MF_App_Event_Log,MF App Event Log,One row per meaningful business event,Error_Message,Note,N,N,,,"Business telemetry, NOT click tracking. Answers 'why didn't Minot's 1119 show up' operationally, and 'how many manual interventions did we avoid' strategically. Append-only; never bind a gallery directly to it."
MF_App_Event_Log,MF App Event Log,One row per meaningful business event,App_Version,Text,Y,N,,Which build produced this event. Essential when one environment holds released and unreleased code at once.,"Business telemetry, NOT click tracking. Answers 'why didn't Minot's 1119 show up' operationally, and 'how many manual interventions did we avoid' strategically. Append-only; never bind a gallery directly to it."
MF_EOM_Status,MF EOM Status,One flat row per EOM item — the canonical Power BI fact,Status_ID,Text,Y,Y,,,Materialized by EOM-03. Power BI NEVER reconstructs workflow logic; it colours on Status_Code and labels with Final_Status. Every workflow decision is resolved before the report sees the row.
MF_EOM_Status,MF EOM Status,One flat row per EOM item — the canonical Power BI fact,EOM_Item_ID,Text,Y,Y,,,Materialized by EOM-03. Power BI NEVER reconstructs workflow logic; it colours on Status_Code and labels with Final_Status. Every workflow decision is resolved before the report sees the row.
MF_EOM_Status,MF EOM Status,One flat row per EOM item — the canonical Power BI fact,Reporting_Period,Text,Y,Y,,,Materialized by EOM-03. Power BI NEVER reconstructs workflow logic; it colours on Status_Code and labels with Final_Status. Every workflow decision is resolved before the report sees the row.
MF_EOM_Status,MF EOM Status,One flat row per EOM item — the canonical Power BI fact,Fiscal_Year,Text,Y,N,,,Materialized by EOM-03. Power BI NEVER reconstructs workflow logic; it colours on Status_Code and labels with Final_Status. Every workflow decision is resolved before the report sees the row.
MF_EOM_Status,MF EOM Status,One flat row per EOM item — the canonical Power BI fact,Portfolio_ID,Text,Y,Y,,,Materialized by EOM-03. Power BI NEVER reconstructs workflow logic; it colours on Status_Code and labels with Final_Status. Every workflow decision is resolved before the report sees the row.
MF_EOM_Status,MF EOM Status,One flat row per EOM item — the canonical Power BI fact,Installation_ID,Text,Y,Y,,,Materialized by EOM-03. Power BI NEVER reconstructs workflow logic; it colours on Status_Code and labels with Final_Status. Every workflow decision is resolved before the report sees the row.
MF_EOM_Status,MF EOM Status,One flat row per EOM item — the canonical Power BI fact,Installation_Name,Text,Y,N,,,Materialized by EOM-03. Power BI NEVER reconstructs workflow logic; it colours on Status_Code and labels with Final_Status. Every workflow decision is resolved before the report sees the row.
MF_EOM_Status,MF EOM Status,One flat row per EOM item — the canonical Power BI fact,Facility_ID,Text,N,Y,,Null for Installation and Contract scope,Materialized by EOM-03. Power BI NEVER reconstructs workflow logic; it colours on Status_Code and labels with Final_Status. Every workflow decision is resolved before the report sees the row.
MF_EOM_Status,MF EOM Status,One flat row per EOM item — the canonical Power BI fact,Facility_Name,Text,N,N,,,Materialized by EOM-03. Power BI NEVER reconstructs workflow logic; it colours on Status_Code and labels with Final_Status. Every workflow decision is resolved before the report sees the row.
MF_EOM_Status,MF EOM Status,One flat row per EOM item — the canonical Power BI fact,Operating_Model,Text,N,N,,,Materialized by EOM-03. Power BI NEVER reconstructs workflow logic; it colours on Status_Code and labels with Final_Status. Every workflow decision is resolved before the report sees the row.
MF_EOM_Status,MF EOM Status,One flat row per EOM item — the canonical Power BI fact,Contract_ID,Text,N,N,,,Materialized by EOM-03. Power BI NEVER reconstructs workflow logic; it colours on Status_Code and labels with Final_Status. Every workflow decision is resolved before the report sees the row.
MF_EOM_Status,MF EOM Status,One flat row per EOM item — the canonical Power BI fact,Requirement_ID,Text,Y,N,,,Materialized by EOM-03. Power BI NEVER reconstructs workflow logic; it colours on Status_Code and labels with Final_Status. Every workflow decision is resolved before the report sees the row.
MF_EOM_Status,MF EOM Status,One flat row per EOM item — the canonical Power BI fact,Requirement_Name,Text,Y,N,,,Materialized by EOM-03. Power BI NEVER reconstructs workflow logic; it colours on Status_Code and labels with Final_Status. Every workflow decision is resolved before the report sees the row.
MF_EOM_Status,MF EOM Status,One flat row per EOM item — the canonical Power BI fact,Document_Code,Text,Y,N,,,Materialized by EOM-03. Power BI NEVER reconstructs workflow logic; it colours on Status_Code and labels with Final_Status. Every workflow decision is resolved before the report sees the row.
MF_EOM_Status,MF EOM Status,One flat row per EOM item — the canonical Power BI fact,Requirement_Scope,Text,Y,N,,,Materialized by EOM-03. Power BI NEVER reconstructs workflow logic; it colours on Status_Code and labels with Final_Status. Every workflow decision is resolved before the report sees the row.
MF_EOM_Status,MF EOM Status,One flat row per EOM item — the canonical Power BI fact,Authority_Status,Text,Y,N,,Carried through so the COP can dim provisional requirements too,Materialized by EOM-03. Power BI NEVER reconstructs workflow logic; it colours on Status_Code and labels with Final_Status. Every workflow decision is resolved before the report sees the row.
MF_EOM_Status,MF EOM Status,One flat row per EOM item — the canonical Power BI fact,Scope_Confidence,Text,N,N,,A Proposed grain should be visibly provisional in the COP as well as in the app.,Materialized by EOM-03. Power BI NEVER reconstructs workflow logic; it colours on Status_Code and labels with Final_Status. Every workflow decision is resolved before the report sees the row.
MF_EOM_Status,MF EOM Status,One flat row per EOM item — the canonical Power BI fact,Routing_Org,Text,N,N,,ANG EOY submissions route to NGB/A1X. A COP that cannot show routing cannot answer 'where did they go'.,Materialized by EOM-03. Power BI NEVER reconstructs workflow logic; it colours on Status_Code and labels with Final_Status. Every workflow decision is resolved before the report sees the row.
MF_EOM_Status,MF EOM Status,One flat row per EOM item — the canonical Power BI fact,Component,Text,N,N,,"Active, ANG or AFRC.",Materialized by EOM-03. Power BI NEVER reconstructs workflow logic; it colours on Status_Code and labels with Final_Status. Every workflow decision is resolved before the report sees the row.
MF_EOM_Status,MF EOM Status,One flat row per EOM item — the canonical Power BI fact,Required_Flag,Boolean,Y,N,,,Materialized by EOM-03. Power BI NEVER reconstructs workflow logic; it colours on Status_Code and labels with Final_Status. Every workflow decision is resolved before the report sees the row.
MF_EOM_Status,MF EOM Status,One flat row per EOM item — the canonical Power BI fact,Nominal_Due_Date,DateTime,Y,N,,"Leadership reporting uses the nominal dates, so 'the 5th' stays the 5th in a brief.",Materialized by EOM-03. Power BI NEVER reconstructs workflow logic; it colours on Status_Code and labels with Final_Status. Every workflow decision is resolved before the report sees the row.
MF_EOM_Status,MF EOM Status,One flat row per EOM item — the canonical Power BI fact,Effective_Due_Date,DateTime,Y,N,,What the status was evaluated against.,Materialized by EOM-03. Power BI NEVER reconstructs workflow logic; it colours on Status_Code and labels with Final_Status. Every workflow decision is resolved before the report sees the row.
MF_EOM_Status,MF EOM Status,One flat row per EOM item — the canonical Power BI fact,Nominal_Final_Call_Date,DateTime,N,N,,,Materialized by EOM-03. Power BI NEVER reconstructs workflow logic; it colours on Status_Code and labels with Final_Status. Every workflow decision is resolved before the report sees the row.
MF_EOM_Status,MF EOM Status,One flat row per EOM item — the canonical Power BI fact,Effective_Final_Call_Date,DateTime,N,N,,,Materialized by EOM-03. Power BI NEVER reconstructs workflow logic; it colours on Status_Code and labels with Final_Status. Every workflow decision is resolved before the report sees the row.
MF_EOM_Status,MF EOM Status,One flat row per EOM item — the canonical Power BI fact,Due_Date_Adjusted,Boolean,N,N,,,Materialized by EOM-03. Power BI NEVER reconstructs workflow logic; it colours on Status_Code and labels with Final_Status. Every workflow decision is resolved before the report sees the row.
MF_EOM_Status,MF EOM Status,One flat row per EOM item — the canonical Power BI fact,Received_Flag,Boolean,Y,N,,,Materialized by EOM-03. Power BI NEVER reconstructs workflow logic; it colours on Status_Code and labels with Final_Status. Every workflow decision is resolved before the report sees the row.
MF_EOM_Status,MF EOM Status,One flat row per EOM item — the canonical Power BI fact,Initial_Submitted_DateTime,DateTime,N,N,,,Materialized by EOM-03. Power BI NEVER reconstructs workflow logic; it colours on Status_Code and labels with Final_Status. Every workflow decision is resolved before the report sees the row.
MF_EOM_Status,MF EOM Status,One flat row per EOM item — the canonical Power BI fact,Initial_Submission_On_Time,Boolean,N,N,,What the base is told.,Materialized by EOM-03. Power BI NEVER reconstructs workflow logic; it colours on Status_Code and labels with Final_Status. Every workflow decision is resolved before the report sees the row.
MF_EOM_Status,MF EOM Status,One flat row per EOM item — the canonical Power BI fact,Final_Evidence_On_Time,Boolean,N,N,,What leadership is told. Never show these two as bare booleans; translate them into a sentence.,Materialized by EOM-03. Power BI NEVER reconstructs workflow logic; it colours on Status_Code and labels with Final_Status. Every workflow decision is resolved before the report sees the row.
MF_EOM_Status,MF EOM Status,One flat row per EOM item — the canonical Power BI fact,Version_No,Number,N,N,,,Materialized by EOM-03. Power BI NEVER reconstructs workflow logic; it colours on Status_Code and labels with Final_Status. Every workflow decision is resolved before the report sees the row.
MF_EOM_Status,MF EOM Status,One flat row per EOM item — the canonical Power BI fact,QC_Status,Text,N,N,,,Materialized by EOM-03. Power BI NEVER reconstructs workflow logic; it colours on Status_Code and labels with Final_Status. Every workflow decision is resolved before the report sees the row.
MF_EOM_Status,MF EOM Status,One flat row per EOM item — the canonical Power BI fact,Final_Status,Text,Y,Y,,"The semantic string, copied verbatim from the item. This is the ONLY semantic column: Power BI labels with it and never re-derives it.",Materialized by EOM-03. Power BI NEVER reconstructs workflow logic; it colours on Status_Code and labels with Final_Status. Every workflow decision is resolved before the report sees the row.
MF_EOM_Status,MF EOM Status,One flat row per EOM item — the canonical Power BI fact,Status_Code,Number,Y,Y,,"0 Gray, 1 Red, 2 Yellow, 3 Green, 4 Blue, 5 Amber. Copied verbatim from the item. Power BI conditionally formats the whole COP matrix off this column and reproduces none of the logic.",Materialized by EOM-03. Power BI NEVER reconstructs workflow logic; it colours on Status_Code and labels with Final_Status. Every workflow decision is resolved before the report sees the row.
MF_EOM_Status,MF EOM Status,One flat row per EOM item — the canonical Power BI fact,Action_Owner,Text,Y,N,,,Materialized by EOM-03. Power BI NEVER reconstructs workflow logic; it colours on Status_Code and labels with Final_Status. Every workflow decision is resolved before the report sees the row.
MF_EOM_Status,MF EOM Status,One flat row per EOM item — the canonical Power BI fact,Action_Required,Boolean,Y,N,,,Materialized by EOM-03. Power BI NEVER reconstructs workflow logic; it colours on Status_Code and labels with Final_Status. Every workflow decision is resolved before the report sees the row.
MF_EOM_Status,MF EOM Status,One flat row per EOM item — the canonical Power BI fact,Package_State,Text,Y,N,,"Facility-level rollup: ACTION_REQUIRED | IN_REVIEW | COMPLETE | IN_PROGRESS | NOT_APPLICABLE. Computed over semantic statuses, never over colour codes — a colour rollup calls [ACCEPTED, NOT_DUE, NOT_DUE] Complete when it is IN_PROGRESS.",Materialized by EOM-03. Power BI NEVER reconstructs workflow logic; it colours on Status_Code and labels with Final_Status. Every workflow decision is resolved before the report sees the row.
MF_EOM_Status,MF EOM Status,One flat row per EOM item — the canonical Power BI fact,Days_Late,Number,N,N,,Magnitude. Amber and Red share an owner.,Materialized by EOM-03. Power BI NEVER reconstructs workflow logic; it colours on Status_Code and labels with Final_Status. Every workflow decision is resolved before the report sees the row.
MF_EOM_Status,MF EOM Status,One flat row per EOM item — the canonical Power BI fact,Current_File_URL,URL,N,N,,,Materialized by EOM-03. Power BI NEVER reconstructs workflow logic; it colours on Status_Code and labels with Final_Status. Every workflow decision is resolved before the report sees the row.
MF_EOM_Status,MF EOM Status,One flat row per EOM item — the canonical Power BI fact,Generated_DateTime,DateTime,Y,N,,,Materialized by EOM-03. Power BI NEVER reconstructs workflow logic; it colours on Status_Code and labels with Final_Status. Every workflow decision is resolved before the report sees the row.
MF_Non_Duty_Day,MF Non Duty Day,One row per non-duty date,Non_Duty_ID,Text,Y,Y,,,"Federal holidays and wing down days. Resolves Nominal to Effective dates under NonDutyDay_Policy. A nominal suspense landing on a Saturday cannot be the date someone is held to, and a weekend suspense with no rule produces a monthly argument."
MF_Non_Duty_Day,MF Non Duty Day,One row per non-duty date,Date,DateTime,Y,Y,,,"Federal holidays and wing down days. Resolves Nominal to Effective dates under NonDutyDay_Policy. A nominal suspense landing on a Saturday cannot be the date someone is held to, and a weekend suspense with no rule produces a monthly argument."
MF_Non_Duty_Day,MF Non Duty Day,One row per non-duty date,Name,Text,Y,N,,"Independence Day, wing down day, and so on.","Federal holidays and wing down days. Resolves Nominal to Effective dates under NonDutyDay_Policy. A nominal suspense landing on a Saturday cannot be the date someone is held to, and a weekend suspense with no rule produces a monthly argument."
MF_Non_Duty_Day,MF Non Duty Day,One row per non-duty date,Scope_Type,Choice,Y,N,Enterprise; Portfolio; Installation,A federal holiday is Enterprise. A wing down day is one installation.,"Federal holidays and wing down days. Resolves Nominal to Effective dates under NonDutyDay_Policy. A nominal suspense landing on a Saturday cannot be the date someone is held to, and a weekend suspense with no rule produces a monthly argument."
MF_Non_Duty_Day,MF Non Duty Day,One row per non-duty date,Scope_ID,Text,N,Y,,Null when Scope_Type is Enterprise.,"Federal holidays and wing down days. Resolves Nominal to Effective dates under NonDutyDay_Policy. A nominal suspense landing on a Saturday cannot be the date someone is held to, and a weekend suspense with no rule produces a monthly argument."
MF_Non_Duty_Day,MF Non Duty Day,One row per non-duty date,Active_Flag,Boolean,Y,Y,,,"Federal holidays and wing down days. Resolves Nominal to Effective dates under NonDutyDay_Policy. A nominal suspense landing on a Saturday cannot be the date someone is held to, and a weekend suspense with no rule produces a monthly argument."
MF_Calendar_Event,MF Calendar Event,One row per authored calendar entry,Event_ID,Text,Y,Y,,,"Authored events only. Every expected item is ALREADY a dated event and is projected onto the calendar from MF_EOM_Item — duplicating them here would create two sources of truth for the same suspense. This list carries what the checklist cannot: assessments, data calls, reminders."
MF_Calendar_Event,MF Calendar Event,One row per authored calendar entry,Event_Type,Choice,Y,N,Suspense; Correction due; Assessment; Data call; Reminder,,"Authored events only. Every expected item is ALREADY a dated event and is projected onto the calendar from MF_EOM_Item — duplicating them here would create two sources of truth for the same suspense. This list carries what the checklist cannot: assessments, data calls, reminders."
MF_Calendar_Event,MF Calendar Event,One row per authored calendar entry,Title,Text,Y,N,,,"Authored events only. Every expected item is ALREADY a dated event and is projected onto the calendar from MF_EOM_Item — duplicating them here would create two sources of truth for the same suspense. This list carries what the checklist cannot: assessments, data calls, reminders."
MF_Calendar_Event,MF Calendar Event,One row per authored calendar entry,Event_Date,DateTime,Y,Y,,,"Authored events only. Every expected item is ALREADY a dated event and is projected onto the calendar from MF_EOM_Item — duplicating them here would create two sources of truth for the same suspense. This list carries what the checklist cannot: assessments, data calls, reminders."
MF_Calendar_Event,MF Calendar Event,One row per authored calendar entry,End_Date,DateTime,N,N,,,"Authored events only. Every expected item is ALREADY a dated event and is projected onto the calendar from MF_EOM_Item — duplicating them here would create two sources of truth for the same suspense. This list carries what the checklist cannot: assessments, data calls, reminders."
MF_Calendar_Event,MF Calendar Event,One row per authored calendar entry,All_Day,Boolean,Y,N,,,"Authored events only. Every expected item is ALREADY a dated event and is projected onto the calendar from MF_EOM_Item — duplicating them here would create two sources of truth for the same suspense. This list carries what the checklist cannot: assessments, data calls, reminders."
MF_Calendar_Event,MF Calendar Event,One row per authored calendar entry,Scope_Type,Choice,Y,N,Enterprise; Portfolio; Installation; Facility,,"Authored events only. Every expected item is ALREADY a dated event and is projected onto the calendar from MF_EOM_Item — duplicating them here would create two sources of truth for the same suspense. This list carries what the checklist cannot: assessments, data calls, reminders."
MF_Calendar_Event,MF Calendar Event,One row per authored calendar entry,Scope_ID,Text,N,Y,,,"Authored events only. Every expected item is ALREADY a dated event and is projected onto the calendar from MF_EOM_Item — duplicating them here would create two sources of truth for the same suspense. This list carries what the checklist cannot: assessments, data calls, reminders."
MF_Calendar_Event,MF Calendar Event,One row per authored calendar entry,Linked_Item_ID,Text,N,N,,EOM_Item_ID where the event annotates a real obligation.,"Authored events only. Every expected item is ALREADY a dated event and is projected onto the calendar from MF_EOM_Item — duplicating them here would create two sources of truth for the same suspense. This list carries what the checklist cannot: assessments, data calls, reminders."
MF_Calendar_Event,MF Calendar Event,One row per authored calendar entry,Status_Code,Number,Y,N,,"Copied from the linked item where there is one, so the calendar colours with the same six states as everything else.","Authored events only. Every expected item is ALREADY a dated event and is projected onto the calendar from MF_EOM_Item — duplicating them here would create two sources of truth for the same suspense. This list carries what the checklist cannot: assessments, data calls, reminders."
MF_Calendar_Event,MF Calendar Event,One row per authored calendar entry,Created_By,User,Y,N,,,"Authored events only. Every expected item is ALREADY a dated event and is projected onto the calendar from MF_EOM_Item — duplicating them here would create two sources of truth for the same suspense. This list carries what the checklist cannot: assessments, data calls, reminders."
MF_Calendar_Event,MF Calendar Event,One row per authored calendar entry,Created_DateTime,DateTime,Y,N,,,"Authored events only. Every expected item is ALREADY a dated event and is projected onto the calendar from MF_EOM_Item — duplicating them here would create two sources of truth for the same suspense. This list carries what the checklist cannot: assessments, data calls, reminders."
MF_Calendar_Event,MF Calendar Event,One row per authored calendar entry,Active_Flag,Boolean,Y,Y,,,"Authored events only. Every expected item is ALREADY a dated event and is projected onto the calendar from MF_EOM_Item — duplicating them here would create two sources of truth for the same suspense. This list carries what the checklist cannot: assessments, data calls, reminders."
MF_Access_Request,MF Access Request,One row per request for access to an installation the requester is not posted to,Request_ID,Text,Y,Y,,,"Modelled on how Teams handles a request to join. Someone who PCS'd but still owes their losing base a package requests that installation, with a justification and an expiry. The exception path to the GAL-derived model, not a parallel provisioning system."
MF_Access_Request,MF Access Request,One row per request for access to an installation the requester is not posted to,Requester_UPN,Text,Y,Y,,"Resolved identity, never a typed name.","Modelled on how Teams handles a request to join. Someone who PCS'd but still owes their losing base a package requests that installation, with a justification and an expiry. The exception path to the GAL-derived model, not a parallel provisioning system."
MF_Access_Request,MF Access Request,One row per request for access to an installation the requester is not posted to,Requester_Name,Text,Y,N,,Display only.,"Modelled on how Teams handles a request to join. Someone who PCS'd but still owes their losing base a package requests that installation, with a justification and an expiry. The exception path to the GAL-derived model, not a parallel provisioning system."
MF_Access_Request,MF Access Request,One row per request for access to an installation the requester is not posted to,Home_Installation,Text,N,N,,From the GAL. What identity already says.,"Modelled on how Teams handles a request to join. Someone who PCS'd but still owes their losing base a package requests that installation, with a justification and an expiry. The exception path to the GAL-derived model, not a parallel provisioning system."
MF_Access_Request,MF Access Request,One row per request for access to an installation the requester is not posted to,Requested_Installation_ID,Text,Y,Y,,,"Modelled on how Teams handles a request to join. Someone who PCS'd but still owes their losing base a package requests that installation, with a justification and an expiry. The exception path to the GAL-derived model, not a parallel provisioning system."
MF_Access_Request,MF Access Request,One row per request for access to an installation the requester is not posted to,Justification,Note,Y,N,,Required. A request with no reason cannot be judged.,"Modelled on how Teams handles a request to join. Someone who PCS'd but still owes their losing base a package requests that installation, with a justification and an expiry. The exception path to the GAL-derived model, not a parallel provisioning system."
MF_Access_Request,MF Access Request,One row per request for access to an installation the requester is not posted to,Requested_Until,DateTime,N,N,,"Sixty days by default. A handover window, not permanent rights.","Modelled on how Teams handles a request to join. Someone who PCS'd but still owes their losing base a package requests that installation, with a justification and an expiry. The exception path to the GAL-derived model, not a parallel provisioning system."
MF_Access_Request,MF Access Request,One row per request for access to an installation the requester is not posted to,Status,Choice,Y,Y,Pending; Approved; Denied; Expired,,"Modelled on how Teams handles a request to join. Someone who PCS'd but still owes their losing base a package requests that installation, with a justification and an expiry. The exception path to the GAL-derived model, not a parallel provisioning system."
MF_Access_Request,MF Access Request,One row per request for access to an installation the requester is not posted to,Decided_By,Text,N,N,,Must hold Can_Grant_Access.,"Modelled on how Teams handles a request to join. Someone who PCS'd but still owes their losing base a package requests that installation, with a justification and an expiry. The exception path to the GAL-derived model, not a parallel provisioning system."
MF_Access_Request,MF Access Request,One row per request for access to an installation the requester is not posted to,Decided_Date,DateTime,N,N,,,"Modelled on how Teams handles a request to join. Someone who PCS'd but still owes their losing base a package requests that installation, with a justification and an expiry. The exception path to the GAL-derived model, not a parallel provisioning system."
MF_Access_Request,MF Access Request,One row per request for access to an installation the requester is not posted to,Decision_Comment,Note,N,N,,,"Modelled on how Teams handles a request to join. Someone who PCS'd but still owes their losing base a package requests that installation, with a justification and an expiry. The exception path to the GAL-derived model, not a parallel provisioning system."
MF_Notification_Rule,MF Notification Rule,One row per notification trigger,Rule_ID,Text,Y,Y,,,"Notifications are a LIST, not code. Every rule has an Enabled toggle and a Digest flag, and the toggles are on an admin screen rather than inside a flow. Two rules ship enabled; everything else is tuned once the queue behaves."
MF_Notification_Rule,MF Notification Rule,One row per notification trigger,Trigger_Event,Choice,Y,Y,SubmissionCreated; StatusChanged; DueSoon; FirstSuspensePassed; FinalSuspensePassed; CorrectionSuspensePassed; PendingReviewAging; AccessRequested,,"Notifications are a LIST, not code. Every rule has an Enabled toggle and a Digest flag, and the toggles are on an admin screen rather than inside a flow. Two rules ship enabled; everything else is tuned once the queue behaves."
MF_Notification_Rule,MF Notification Rule,One row per notification trigger,Recipient_Type,Choice,Y,N,Submitter; Portfolio org box; Installation POC; Reviewer; Portfolio Manager; AFSVC,"An org box, a role or the submitter. A named person's mailbox is never a rule target.","Notifications are a LIST, not code. Every rule has an Enabled toggle and a Digest flag, and the toggles are on an admin screen rather than inside a flow. Two rules ship enabled; everything else is tuned once the queue behaves."
MF_Notification_Rule,MF Notification Rule,One row per notification trigger,Recipient_Address,Text,N,N,,Resolved from MF_Installation.Org_Box_Email where the type is an org box.,"Notifications are a LIST, not code. Every rule has an Enabled toggle and a Digest flag, and the toggles are on an admin screen rather than inside a flow. Two rules ship enabled; everything else is tuned once the queue behaves."
MF_Notification_Rule,MF Notification Rule,One row per notification trigger,Enabled,Boolean,Y,Y,,,"Notifications are a LIST, not code. Every rule has an Enabled toggle and a Digest flag, and the toggles are on an admin screen rather than inside a flow. Two rules ship enabled; everything else is tuned once the queue behaves."
MF_Notification_Rule,MF Notification Rule,One row per notification trigger,Digest,Boolean,Y,N,,ON by default for anything recurring. One message per recipient per run listing everything they owe. Per-item mail across 103 installations is how a notification system gets muted in week one.,"Notifications are a LIST, not code. Every rule has an Enabled toggle and a Digest flag, and the toggles are on an admin screen rather than inside a flow. Two rules ship enabled; everything else is tuned once the queue behaves."
MF_Notification_Rule,MF Notification Rule,One row per notification trigger,Cadence_Days,Number,N,N,,Null means once.,"Notifications are a LIST, not code. Every rule has an Enabled toggle and a Digest flag, and the toggles are on an admin screen rather than inside a flow. Two rules ship enabled; everything else is tuned once the queue behaves."
MF_Notification_Rule,MF Notification Rule,One row per notification trigger,Subject_Template,Text,N,N,,,"Notifications are a LIST, not code. Every rule has an Enabled toggle and a Digest flag, and the toggles are on an admin screen rather than inside a flow. Two rules ship enabled; everything else is tuned once the queue behaves."
MF_Notification_Rule,MF Notification Rule,One row per notification trigger,Notes,Note,N,N,,,"Notifications are a LIST, not code. Every rule has an Enabled toggle and a Digest flag, and the toggles are on an admin screen rather than inside a flow. Two rules ship enabled; everything else is tuned once the queue behaves."
MF_Document_Destination,MF Document Destination,One row per portfolio per document domain,Destination_ID,Text,Y,Y,,PORT2-EOM,"THE FOUR PORTFOLIOS ARE FOUR SEPARATE SITE COLLECTIONS, not four channels in one team and not four folders in one library. Every earlier document in this programme assumed one site; that assumption was wrong and it invalidated every single-site provisioning plan. Site, library and root folder are configured per portfolio and never derived: Portfolio 2's site slug carries a 'Legacy_' prefix the other three do not, so a URL built by pattern 404s on exactly one portfolio — three work and one is a mystery, which is the worst failure shape there is. EOM-02 fails closed on an unbound, unverified or inactive row."
MF_Document_Destination,MF Document Destination,One row per portfolio per document domain,Portfolio_ID,Text,Y,Y,,,"THE FOUR PORTFOLIOS ARE FOUR SEPARATE SITE COLLECTIONS, not four channels in one team and not four folders in one library. Every earlier document in this programme assumed one site; that assumption was wrong and it invalidated every single-site provisioning plan. Site, library and root folder are configured per portfolio and never derived: Portfolio 2's site slug carries a 'Legacy_' prefix the other three do not, so a URL built by pattern 404s on exactly one portfolio — three work and one is a mystery, which is the worst failure shape there is. EOM-02 fails closed on an unbound, unverified or inactive row."
MF_Document_Destination,MF Document Destination,One row per portfolio per document domain,Document_Domain,Choice,Y,Y,EOM; EOY; FMAT; Other,EOY shares the EOM destination unless a row says otherwise.,"THE FOUR PORTFOLIOS ARE FOUR SEPARATE SITE COLLECTIONS, not four channels in one team and not four folders in one library. Every earlier document in this programme assumed one site; that assumption was wrong and it invalidated every single-site provisioning plan. Site, library and root folder are configured per portfolio and never derived: Portfolio 2's site slug carries a 'Legacy_' prefix the other three do not, so a URL built by pattern 404s on exactly one portfolio — three work and one is a mystery, which is the worst failure shape there is. EOM-02 fails closed on an unbound, unverified or inactive row."
MF_Document_Destination,MF Document Destination,One row per portfolio per document domain,Site_URL,Text,N,N,,"BLANK IN SOURCE, ALWAYS. Bound at import from the environment variable for this portfolio. A .mil site URL committed to source is a destination leak and the pre-release scan blocks it. Never a literal in Power Fx.","THE FOUR PORTFOLIOS ARE FOUR SEPARATE SITE COLLECTIONS, not four channels in one team and not four folders in one library. Every earlier document in this programme assumed one site; that assumption was wrong and it invalidated every single-site provisioning plan. Site, library and root folder are configured per portfolio and never derived: Portfolio 2's site slug carries a 'Legacy_' prefix the other three do not, so a URL built by pattern 404s on exactly one portfolio — three work and one is a mystery, which is the worst failure shape there is. EOM-02 fails closed on an unbound, unverified or inactive row."
MF_Document_Destination,MF Document Destination,One row per portfolio per document domain,Library_Name,Text,Y,N,,Assumed 'Shared Documents'. Verify per site — assumption is how this breaks on the first real upload.,"THE FOUR PORTFOLIOS ARE FOUR SEPARATE SITE COLLECTIONS, not four channels in one team and not four folders in one library. Every earlier document in this programme assumed one site; that assumption was wrong and it invalidated every single-site provisioning plan. Site, library and root folder are configured per portfolio and never derived: Portfolio 2's site slug carries a 'Legacy_' prefix the other three do not, so a URL built by pattern 404s on exactly one portfolio — three work and one is a mystery, which is the worst failure shape there is. EOM-02 fails closed on an unbound, unverified or inactive row."
MF_Document_Destination,MF Document Destination,One row per portfolio per document domain,Root_Folder,Text,Y,N,,"All four differ: 'Legacy_Portfolio 1/H. Monthly Data Call', 'Legacy_Portfolio 2/5. Monthly Data Call', and two without a prefix. The 'H.' and '5.' are sort-order prefixes. No rule derives these; they are configuration.","THE FOUR PORTFOLIOS ARE FOUR SEPARATE SITE COLLECTIONS, not four channels in one team and not four folders in one library. Every earlier document in this programme assumed one site; that assumption was wrong and it invalidated every single-site provisioning plan. Site, library and root folder are configured per portfolio and never derived: Portfolio 2's site slug carries a 'Legacy_' prefix the other three do not, so a URL built by pattern 404s on exactly one portfolio — three work and one is a mystery, which is the worst failure shape there is. EOM-02 fails closed on an unbound, unverified or inactive row."
MF_Document_Destination,MF Document Destination,One row per portfolio per document domain,Folder_Template,Text,Y,N,,"{FiscalYearShort}/{MonthFolder}. These are the names of folders that ALREADY EXIST and are matched, never rendered into a path and created. EOM-02 resolves the tokens; the app never sees them.","THE FOUR PORTFOLIOS ARE FOUR SEPARATE SITE COLLECTIONS, not four channels in one team and not four folders in one library. Every earlier document in this programme assumed one site; that assumption was wrong and it invalidated every single-site provisioning plan. Site, library and root folder are configured per portfolio and never derived: Portfolio 2's site slug carries a 'Legacy_' prefix the other three do not, so a URL built by pattern 404s on exactly one portfolio — three work and one is a mystery, which is the worst failure shape there is. EOM-02 fails closed on an unbound, unverified or inactive row."
MF_Document_Destination,MF Document Destination,One row per portfolio per document domain,Create_Missing_Folders,Boolean,Y,N,,"FALSE, permanently. The FY and month folders are curated by hand. A flow that creates folders will eventually produce 'Aug 26' beside someone's 'August 2026' and nobody notices for a month. The column exists so the decision is visible and auditable, not so it can be flipped.","THE FOUR PORTFOLIOS ARE FOUR SEPARATE SITE COLLECTIONS, not four channels in one team and not four folders in one library. Every earlier document in this programme assumed one site; that assumption was wrong and it invalidated every single-site provisioning plan. Site, library and root folder are configured per portfolio and never derived: Portfolio 2's site slug carries a 'Legacy_' prefix the other three do not, so a URL built by pattern 404s on exactly one portfolio — three work and one is a mystery, which is the worst failure shape there is. EOM-02 fails closed on an unbound, unverified or inactive row."
MF_Document_Destination,MF Document Destination,One row per portfolio per document domain,Fallback_Policy,Choice,Y,N,FIND_OR_ROOT; FIND_OR_FAIL,FIND_OR_ROOT for R1. See the vocabulary note above.,"THE FOUR PORTFOLIOS ARE FOUR SEPARATE SITE COLLECTIONS, not four channels in one team and not four folders in one library. Every earlier document in this programme assumed one site; that assumption was wrong and it invalidated every single-site provisioning plan. Site, library and root folder are configured per portfolio and never derived: Portfolio 2's site slug carries a 'Legacy_' prefix the other three do not, so a URL built by pattern 404s on exactly one portfolio — three work and one is a mystery, which is the worst failure shape there is. EOM-02 fails closed on an unbound, unverified or inactive row."
MF_Document_Destination,MF Document Destination,One row per portfolio per document domain,Month_Folder_Pattern_Note,Text,N,N,,"THE ONE FIELD NOBODY WILL GUESS RIGHT. What the month folders inside FY26 are actually called on this site — 'Aug 26', 'August 2026', '08. August' are all plausible. Recorded by the person who walks the site, for the next person who has to debug a file at root.","THE FOUR PORTFOLIOS ARE FOUR SEPARATE SITE COLLECTIONS, not four channels in one team and not four folders in one library. Every earlier document in this programme assumed one site; that assumption was wrong and it invalidated every single-site provisioning plan. Site, library and root folder are configured per portfolio and never derived: Portfolio 2's site slug carries a 'Legacy_' prefix the other three do not, so a URL built by pattern 404s on exactly one portfolio — three work and one is a mystery, which is the worst failure shape there is. EOM-02 fails closed on an unbound, unverified or inactive row."
MF_Document_Destination,MF Document Destination,One row per portfolio per document domain,Site_Note,Text,N,N,,"Which site collection this portfolio lives on, in words.","THE FOUR PORTFOLIOS ARE FOUR SEPARATE SITE COLLECTIONS, not four channels in one team and not four folders in one library. Every earlier document in this programme assumed one site; that assumption was wrong and it invalidated every single-site provisioning plan. Site, library and root folder are configured per portfolio and never derived: Portfolio 2's site slug carries a 'Legacy_' prefix the other three do not, so a URL built by pattern 404s on exactly one portfolio — three work and one is a mystery, which is the worst failure shape there is. EOM-02 fails closed on an unbound, unverified or inactive row."
MF_Document_Destination,MF Document Destination,One row per portfolio per document domain,Verified_By,Text,N,N,,"Who opened this site and read its real structure. Blank means nobody has, and EOM-02 will not write here.","THE FOUR PORTFOLIOS ARE FOUR SEPARATE SITE COLLECTIONS, not four channels in one team and not four folders in one library. Every earlier document in this programme assumed one site; that assumption was wrong and it invalidated every single-site provisioning plan. Site, library and root folder are configured per portfolio and never derived: Portfolio 2's site slug carries a 'Legacy_' prefix the other three do not, so a URL built by pattern 404s on exactly one portfolio — three work and one is a mystery, which is the worst failure shape there is. EOM-02 fails closed on an unbound, unverified or inactive row."
MF_Document_Destination,MF Document Destination,One row per portfolio per document domain,Verified_Date,DateTime,N,N,,,"THE FOUR PORTFOLIOS ARE FOUR SEPARATE SITE COLLECTIONS, not four channels in one team and not four folders in one library. Every earlier document in this programme assumed one site; that assumption was wrong and it invalidated every single-site provisioning plan. Site, library and root folder are configured per portfolio and never derived: Portfolio 2's site slug carries a 'Legacy_' prefix the other three do not, so a URL built by pattern 404s on exactly one portfolio — three work and one is a mystery, which is the worst failure shape there is. EOM-02 fails closed on an unbound, unverified or inactive row."
MF_Document_Destination,MF Document Destination,One row per portfolio per document domain,Active_Flag,Boolean,Y,N,,FALSE until verified. An unverified site cannot silently receive files.,"THE FOUR PORTFOLIOS ARE FOUR SEPARATE SITE COLLECTIONS, not four channels in one team and not four folders in one library. Every earlier document in this programme assumed one site; that assumption was wrong and it invalidated every single-site provisioning plan. Site, library and root folder are configured per portfolio and never derived: Portfolio 2's site slug carries a 'Legacy_' prefix the other three do not, so a URL built by pattern 404s on exactly one portfolio — three work and one is a mystery, which is the worst failure shape there is. EOM-02 fails closed on an unbound, unverified or inactive row."
