EOM_Item_ID,EOM_Item_Key,Portfolio_ID,Installation_ID,Facility_ID,Contract_ID,Reporting_Period,Requirement_ID,Requirement_Scope,Authority_Status,Required_Flag,Nominal_Due_Date,Effective_Due_Date,Nominal_Final_Call_Date,Effective_Final_Call_Date,Due_Date_Adjusted,Initial_Submitted_DateTime,Initial_Submission_On_Time,Acceptable_Evidence_DateTime,Final_Evidence_On_Time,Current_Submission_ID,Received_Flag,Days_Late,Last_Reconciled_DateTime,Exception_Flag,Correction_Due,Waived_Flag,Waiver_Reason,Final_Status,Status_Code,Action_Owner,Action_Required
2026-08|ANDERSEN_AB|DFAC|REQ-001,ANDERSEN_AB|ANDERSEN_AB|DFAC|2026-08|1119,PORTFOLIO 1,ANDERSEN_AB,ANDERSEN_AB|DFAC,,2026-08,REQ-001,Facility,VERIFIED,True,2026-09-05,2026-09-08,2026-09-10,2026-09-10,True,,,,,,False,,,False,,False,,NOT_DUE,4,Facility,False
2026-08|ANDERSEN_AB|DFAC|REQ-003,ANDERSEN_AB|ANDERSEN_AB|DFAC|2026-08|SF1080,PORTFOLIO 1,ANDERSEN_AB,ANDERSEN_AB|DFAC,,2026-08,REQ-003,Facility,VERIFIED,True,2026-09-05,2026-09-08,2026-09-10,2026-09-10,True,,,,,,False,,,False,,False,,NOT_DUE,4,Facility,False
2026-08|ANDERSEN_AB|DFAC|REQ-004,ANDERSEN_AB|ANDERSEN_AB|DFAC|2026-08|SAIIT,PORTFOLIO 1,ANDERSEN_AB,ANDERSEN_AB|DFAC,,2026-08,REQ-004,Facility,VERIFIED,True,2026-09-05,2026-09-08,2026-09-10,2026-09-10,True,,,,,,False,,,False,,False,,NOT_DUE,4,Facility,False
2026-08|ANDERSEN_AB|DFAC|REQ-005,ANDERSEN_AB|ANDERSEN_AB|DFAC|2026-08|GPC,PORTFOLIO 1,ANDERSEN_AB,ANDERSEN_AB|DFAC,,2026-08,REQ-005,Facility,VERIFIED,True,2026-09-05,2026-09-08,2026-09-10,2026-09-10,True,,,,,,False,,,False,,False,,NOT_DUE,4,Facility,False
2026-08|ANDERSEN_AB|SILVER_FLAG|REQ-001,ANDERSEN_AB|ANDERSEN_AB|SILVER_FLAG|2026-08|1119,PORTFOLIO 1,ANDERSEN_AB,ANDERSEN_AB|SILVER_FLAG,,2026-08,REQ-001,Facility,VERIFIED,True,2026-09-05,2026-09-08,2026-09-10,2026-09-10,True,,,,,,False,,,False,,False,,NOT_DUE,4,Facility,False
2026-08|ANDERSEN_AB|SILVER_FLAG|REQ-003,ANDERSEN_AB|ANDERSEN_AB|SILVER_FLAG|2026-08|SF1080,PORTFOLIO 1,ANDERSEN_AB,ANDERSEN_AB|SILVER_FLAG,,2026-08,REQ-003,Facility,VERIFIED,True,2026-09-05,2026-09-08,2026-09-10,2026-09-10,True,,,,,,False,,,False,,False,,NOT_DUE,4,Facility,False
2026-08|ANDERSEN_AB|SILVER_FLAG|REQ-004,ANDERSEN_AB|ANDERSEN_AB|SILVER_FLAG|2026-08|SAIIT,PORTFOLIO 1,ANDERSEN_AB,ANDERSEN_AB|SILVER_FLAG,,2026-08,REQ-004,Facility,VERIFIED,True,2026-09-05,2026-09-08,2026-09-10,2026-09-10,True,,,,,,False,,,False,,False,,NOT_DUE,4,Facility,False
2026-08|ANDERSEN_AB|SILVER_FLAG|REQ-005,ANDERSEN_AB|ANDERSEN_AB|SILVER_FLAG|2026-08|GPC,PORTFOLIO 1,ANDERSEN_AB,ANDERSEN_AB|SILVER_FLAG,,2026-08,REQ-005,Facility,VERIFIED,True,2026-09-05,2026-09-08,2026-09-10,2026-09-10,True,,,,,,False,,,False,,False,,NOT_DUE,4,Facility,False
2026-08|AVIANO_AB|DFAC|REQ-001,AVIANO_AB|AVIANO_AB|DFAC|2026-08|1119,PORTFOLIO 4,AVIANO_AB,AVIANO_AB|DFAC,,2026-08,REQ-001,Facility,VERIFIED,True,2026-09-05,2026-09-08,2026-09-10,2026-09-10,True,,,,,,False,,,False,,False,,NOT_DUE,4,Facility,False
2026-08|AVIANO_AB|DFAC|REQ-003,AVIANO_AB|AVIANO_AB|DFAC|2026-08|SF1080,PORTFOLIO 4,AVIANO_AB,AVIANO_AB|DFAC,,2026-08,REQ-003,Facility,VERIFIED,True,2026-09-05,2026-09-08,2026-09-10,2026-09-10,True,,,,,,False,,,False,,False,,NOT_DUE,4,Facility,False
2026-08|AVIANO_AB|DFAC|REQ-004,AVIANO_AB|AVIANO_AB|DFAC|2026-08|SAIIT,PORTFOLIO 4,AVIANO_AB,AVIANO_AB|DFAC,,2026-08,REQ-004,Facility,VERIFIED,True,2026-09-05,2026-09-08,2026-09-10,2026-09-10,True,,,,,,False,,,False,,False,,NOT_DUE,4,Facility,False
2026-08|AVIANO_AB|DFAC|REQ-005,AVIANO_AB|AVIANO_AB|DFAC|2026-08|GPC,PORTFOLIO 4,AVIANO_AB,AVIANO_AB|DFAC,,2026-08,REQ-005,Facility,VERIFIED,True,2026-09-05,2026-09-08,2026-09-10,2026-09-10,True,,,,,,False,,,False,,False,,NOT_DUE,4,Facility,False
2026-08|BUECHEL_AB|ODIN_INN|REQ-001,BUECHEL_AB|BUECHEL_AB|ODIN_INN|2026-08|1119,PORTFOLIO 4,BUECHEL_AB,BUECHEL_AB|ODIN_INN,,2026-08,REQ-001,Facility,VERIFIED,True,2026-09-05,2026-09-08,2026-09-10,2026-09-10,True,,,,,,False,,,False,,False,,NOT_DUE,4,Facility,False
2026-08|BUECHEL_AB|ODIN_INN|REQ-003,BUECHEL_AB|BUECHEL_AB|ODIN_INN|2026-08|SF1080,PORTFOLIO 4,BUECHEL_AB,BUECHEL_AB|ODIN_INN,,2026-08,REQ-003,Facility,VERIFIED,True,2026-09-05,2026-09-08,2026-09-10,2026-09-10,True,,,,,,False,,,False,,False,,NOT_DUE,4,Facility,False
2026-08|BUECHEL_AB|ODIN_INN|REQ-004,BUECHEL_AB|BUECHEL_AB|ODIN_INN|2026-08|SAIIT,PORTFOLIO 4,BUECHEL_AB,BUECHEL_AB|ODIN_INN,,2026-08,REQ-004,Facility,VERIFIED,True,2026-09-05,2026-09-08,2026-09-10,2026-09-10,True,,,,,,False,,,False,,False,,NOT_DUE,4,Facility,False
2026-08|BUECHEL_AB|ODIN_INN|REQ-005,BUECHEL_AB|BUECHEL_AB|ODIN_INN|2026-08|GPC,PORTFOLIO 4,BUECHEL_AB,BUECHEL_AB|ODIN_INN,,2026-08,REQ-005,Facility,VERIFIED,True,2026-09-05,2026-09-08,2026-09-10,2026-09-10,True,,,,,,False,,,False,,False,,NOT_DUE,4,Facility,False
2026-08|CLEAR_SFS|DFAC|REQ-001,CLEAR_SFS|CLEAR_SFS|DFAC|2026-08|1119,PORTFOLIO 1,CLEAR_SFS,CLEAR_SFS|DFAC,,2026-08,REQ-001,Facility,VERIFIED,True,2026-09-05,2026-09-08,2026-09-10,2026-09-10,True,,,,,,False,,,False,,False,,NOT_DUE,4,Facility,False
2026-08|CLEAR_SFS|DFAC|REQ-003,CLEAR_SFS|CLEAR_SFS|DFAC|2026-08|SF1080,PORTFOLIO 1,CLEAR_SFS,CLEAR_SFS|DFAC,,2026-08,REQ-003,Facility,VERIFIED,True,2026-09-05,2026-09-08,2026-09-10,2026-09-10,True,,,,,,False,,,False,,False,,NOT_DUE,4,Facility,False
2026-08|CLEAR_SFS|DFAC|REQ-004,CLEAR_SFS|CLEAR_SFS|DFAC|2026-08|SAIIT,PORTFOLIO 1,CLEAR_SFS,CLEAR_SFS|DFAC,,2026-08,REQ-004,Facility,VERIFIED,True,2026-09-05,2026-09-08,2026-09-10,2026-09-10,True,,,,,,False,,,False,,False,,NOT_DUE,4,Facility,False
2026-08|CLEAR_SFS|DFAC|REQ-005,CLEAR_SFS|CLEAR_SFS|DFAC|2026-08|GPC,PORTFOLIO 1,CLEAR_SFS,CLEAR_SFS|DFAC,,2026-08,REQ-005,Facility,VERIFIED,True,2026-09-05,2026-09-08,2026-09-10,2026-09-10,True,,,,,,False,,,False,,False,,NOT_DUE,4,Facility,False
2026-08|CREECH_AFB|DFAC|REQ-001,CREECH_AFB|CREECH_AFB|DFAC|2026-08|1119,PORTFOLIO 1,CREECH_AFB,CREECH_AFB|DFAC,,2026-08,REQ-001,Facility,VERIFIED,True,2026-09-05,2026-09-08,2026-09-10,2026-09-10,True,,,,,,False,,,False,,False,,NOT_DUE,4,Facility,False
2026-08|CREECH_AFB|DFAC|REQ-003,CREECH_AFB|CREECH_AFB|DFAC|2026-08|SF1080,PORTFOLIO 1,CREECH_AFB,CREECH_AFB|DFAC,,2026-08,REQ-003,Facility,VERIFIED,True,2026-09-05,2026-09-08,2026-09-10,2026-09-10,True,,,,,,False,,,False,,False,,NOT_DUE,4,Facility,False
2026-08|CREECH_AFB|DFAC|REQ-004,CREECH_AFB|CREECH_AFB|DFAC|2026-08|SAIIT,PORTFOLIO 1,CREECH_AFB,CREECH_AFB|DFAC,,2026-08,REQ-004,Facility,VERIFIED,True,2026-09-05,2026-09-08,2026-09-10,2026-09-10,True,,,,,,False,,,False,,False,,NOT_DUE,4,Facility,False
2026-08|CREECH_AFB|DFAC|REQ-005,CREECH_AFB|CREECH_AFB|DFAC|2026-08|GPC,PORTFOLIO 1,CREECH_AFB,CREECH_AFB|DFAC,,2026-08,REQ-005,Facility,VERIFIED,True,2026-09-05,2026-09-08,2026-09-10,2026-09-10,True,,,,,,False,,,False,,False,,NOT_DUE,4,Facility,False
2026-08|EDWARDS_AFB|DFAC|REQ-001,EDWARDS_AFB|EDWARDS_AFB|DFAC|2026-08|1119,PORTFOLIO 1,EDWARDS_AFB,EDWARDS_AFB|DFAC,,2026-08,REQ-001,Facility,VERIFIED,True,2026-09-05,2026-09-08,2026-09-10,2026-09-10,True,,,,,,False,,,False,,False,,NOT_DUE,4,Facility,False
2026-08|EDWARDS_AFB|DFAC|REQ-003,EDWARDS_AFB|EDWARDS_AFB|DFAC|2026-08|SF1080,PORTFOLIO 1,EDWARDS_AFB,EDWARDS_AFB|DFAC,,2026-08,REQ-003,Facility,VERIFIED,True,2026-09-05,2026-09-08,2026-09-10,2026-09-10,True,,,,,,False,,,False,,False,,NOT_DUE,4,Facility,False
2026-08|EDWARDS_AFB|DFAC|REQ-004,EDWARDS_AFB|EDWARDS_AFB|DFAC|2026-08|SAIIT,PORTFOLIO 1,EDWARDS_AFB,EDWARDS_AFB|DFAC,,2026-08,REQ-004,Facility,VERIFIED,True,2026-09-05,2026-09-08,2026-09-10,2026-09-10,True,,,,,,False,,,False,,False,,NOT_DUE,4,Facility,False
2026-08|EDWARDS_AFB|DFAC|REQ-005,EDWARDS_AFB|EDWARDS_AFB|DFAC|2026-08|GPC,PORTFOLIO 1,EDWARDS_AFB,EDWARDS_AFB|DFAC,,2026-08,REQ-005,Facility,VERIFIED,True,2026-09-05,2026-09-08,2026-09-10,2026-09-10,True,,,,,,False,,,False,,False,,NOT_DUE,4,Facility,False
2026-08|EGLIN_AFB|LIGHTNING|REQ-001,EGLIN_AFB|EGLIN_AFB|LIGHTNING|2026-08|1119,PORTFOLIO 4,EGLIN_AFB,EGLIN_AFB|LIGHTNING,,2026-08,REQ-001,Facility,VERIFIED,True,2026-09-05,2026-09-08,2026-09-10,2026-09-10,True,,,,,,False,,,False,,False,,NOT_DUE,4,Facility,False
2026-08|EGLIN_AFB|LIGHTNING|REQ-003,EGLIN_AFB|EGLIN_AFB|LIGHTNING|2026-08|SF1080,PORTFOLIO 4,EGLIN_AFB,EGLIN_AFB|LIGHTNING,,2026-08,REQ-003,Facility,VERIFIED,True,2026-09-05,2026-09-08,2026-09-10,2026-09-10,True,,,,,,False,,,False,,False,,NOT_DUE,4,Facility,False
2026-08|EGLIN_AFB|LIGHTNING|REQ-004,EGLIN_AFB|EGLIN_AFB|LIGHTNING|2026-08|SAIIT,PORTFOLIO 4,EGLIN_AFB,EGLIN_AFB|LIGHTNING,,2026-08,REQ-004,Facility,VERIFIED,True,2026-09-05,2026-09-08,2026-09-10,2026-09-10,True,,,,,,False,,,False,,False,,NOT_DUE,4,Facility,False
2026-08|EGLIN_AFB|LIGHTNING|REQ-005,EGLIN_AFB|EGLIN_AFB|LIGHTNING|2026-08|GPC,PORTFOLIO 4,EGLIN_AFB,EGLIN_AFB|LIGHTNING,,2026-08,REQ-005,Facility,VERIFIED,True,2026-09-05,2026-09-08,2026-09-10,2026-09-10,True,,,,,,False,,,False,,False,,NOT_DUE,4,Facility,False
2026-08|EIELSON_AFB|DFAC|REQ-001,EIELSON_AFB|EIELSON_AFB|DFAC|2026-08|1119,PORTFOLIO 1,EIELSON_AFB,EIELSON_AFB|DFAC,,2026-08,REQ-001,Facility,VERIFIED,True,2026-09-05,2026-09-08,2026-09-10,2026-09-10,True,,,,,,False,,,False,,False,,NOT_DUE,4,Facility,False
2026-08|EIELSON_AFB|DFAC|REQ-003,EIELSON_AFB|EIELSON_AFB|DFAC|2026-08|SF1080,PORTFOLIO 1,EIELSON_AFB,EIELSON_AFB|DFAC,,2026-08,REQ-003,Facility,VERIFIED,True,2026-09-05,2026-09-08,2026-09-10,2026-09-10,True,,,,,,False,,,False,,False,,NOT_DUE,4,Facility,False
2026-08|EIELSON_AFB|DFAC|REQ-004,EIELSON_AFB|EIELSON_AFB|DFAC|2026-08|SAIIT,PORTFOLIO 1,EIELSON_AFB,EIELSON_AFB|DFAC,,2026-08,REQ-004,Facility,VERIFIED,True,2026-09-05,2026-09-08,2026-09-10,2026-09-10,True,,,,,,False,,,False,,False,,NOT_DUE,4,Facility,False
2026-08|EIELSON_AFB|DFAC|REQ-005,EIELSON_AFB|EIELSON_AFB|DFAC|2026-08|GPC,PORTFOLIO 1,EIELSON_AFB,EIELSON_AFB|DFAC,,2026-08,REQ-005,Facility,VERIFIED,True,2026-09-05,2026-09-08,2026-09-10,2026-09-10,True,,,,,,False,,,False,,False,,NOT_DUE,4,Facility,False
2026-08|FT_GREGG_ADAMS|SCHOOLHOUSE|REQ-001,FT_GREGG_ADAMS|FT_GREGG_ADAMS|SCHOOLHOUSE|2026-08|1119,PORTFOLIO 4,FT_GREGG_ADAMS,FT_GREGG_ADAMS|SCHOOLHOUSE,,2026-08,REQ-001,Facility,VERIFIED,True,2026-09-05,2026-09-08,2026-09-10,2026-09-10,True,,,,,,False,,,False,,False,,NOT_DUE,4,Facility,False
2026-08|FT_GREGG_ADAMS|SCHOOLHOUSE|REQ-003,FT_GREGG_ADAMS|FT_GREGG_ADAMS|SCHOOLHOUSE|2026-08|SF1080,PORTFOLIO 4,FT_GREGG_ADAMS,FT_GREGG_ADAMS|SCHOOLHOUSE,,2026-08,REQ-003,Facility,VERIFIED,True,2026-09-05,2026-09-08,2026-09-10,2026-09-10,True,,,,,,False,,,False,,False,,NOT_DUE,4,Facility,False
2026-08|FT_GREGG_ADAMS|SCHOOLHOUSE|REQ-004,FT_GREGG_ADAMS|FT_GREGG_ADAMS|SCHOOLHOUSE|2026-08|SAIIT,PORTFOLIO 4,FT_GREGG_ADAMS,FT_GREGG_ADAMS|SCHOOLHOUSE,,2026-08,REQ-004,Facility,VERIFIED,True,2026-09-05,2026-09-08,2026-09-10,2026-09-10,True,,,,,,False,,,False,,False,,NOT_DUE,4,Facility,False
2026-08|FT_GREGG_ADAMS|SCHOOLHOUSE|REQ-005,FT_GREGG_ADAMS|FT_GREGG_ADAMS|SCHOOLHOUSE|2026-08|GPC,PORTFOLIO 4,FT_GREGG_ADAMS,FT_GREGG_ADAMS|SCHOOLHOUSE,,2026-08,REQ-005,Facility,VERIFIED,True,2026-09-05,2026-09-08,2026-09-10,2026-09-10,True,,,,,,False,,,False,,False,,NOT_DUE,4,Facility,False
2026-08|FT_MEADE|SIX_HATS|REQ-001,FT_MEADE|FT_MEADE|SIX_HATS|2026-08|1119,PORTFOLIO 4,FT_MEADE,FT_MEADE|SIX_HATS,,2026-08,REQ-001,Facility,VERIFIED,True,2026-09-05,2026-09-08,2026-09-10,2026-09-10,True,,,,,,False,,,False,,False,,NOT_DUE,4,Facility,False
2026-08|FT_MEADE|SIX_HATS|REQ-003,FT_MEADE|FT_MEADE|SIX_HATS|2026-08|SF1080,PORTFOLIO 4,FT_MEADE,FT_MEADE|SIX_HATS,,2026-08,REQ-003,Facility,VERIFIED,True,2026-09-05,2026-09-08,2026-09-10,2026-09-10,True,,,,,,False,,,False,,False,,NOT_DUE,4,Facility,False
2026-08|FT_MEADE|SIX_HATS|REQ-004,FT_MEADE|FT_MEADE|SIX_HATS|2026-08|SAIIT,PORTFOLIO 4,FT_MEADE,FT_MEADE|SIX_HATS,,2026-08,REQ-004,Facility,VERIFIED,True,2026-09-05,2026-09-08,2026-09-10,2026-09-10,True,,,,,,False,,,False,,False,,NOT_DUE,4,Facility,False
2026-08|FT_MEADE|SIX_HATS|REQ-005,FT_MEADE|FT_MEADE|SIX_HATS|2026-08|GPC,PORTFOLIO 4,FT_MEADE,FT_MEADE|SIX_HATS,,2026-08,REQ-005,Facility,VERIFIED,True,2026-09-05,2026-09-08,2026-09-10,2026-09-10,True,,,,,,False,,,False,,False,,NOT_DUE,4,Facility,False
2026-08|GHEDI_AB|DFAC|REQ-001,GHEDI_AB|GHEDI_AB|DFAC|2026-08|1119,PORTFOLIO 4,GHEDI_AB,GHEDI_AB|DFAC,,2026-08,REQ-001,Facility,VERIFIED,True,2026-09-05,2026-09-08,2026-09-10,2026-09-10,True,,,,,,False,,,False,,False,,NOT_DUE,4,Facility,False
2026-08|GHEDI_AB|DFAC|REQ-003,GHEDI_AB|GHEDI_AB|DFAC|2026-08|SF1080,PORTFOLIO 4,GHEDI_AB,GHEDI_AB|DFAC,,2026-08,REQ-003,Facility,VERIFIED,True,2026-09-05,2026-09-08,2026-09-10,2026-09-10,True,,,,,,False,,,False,,False,,NOT_DUE,4,Facility,False
2026-08|GHEDI_AB|DFAC|REQ-004,GHEDI_AB|GHEDI_AB|DFAC|2026-08|SAIIT,PORTFOLIO 4,GHEDI_AB,GHEDI_AB|DFAC,,2026-08,REQ-004,Facility,VERIFIED,True,2026-09-05,2026-09-08,2026-09-10,2026-09-10,True,,,,,,False,,,False,,False,,NOT_DUE,4,Facility,False
2026-08|GHEDI_AB|DFAC|REQ-005,GHEDI_AB|GHEDI_AB|DFAC|2026-08|GPC,PORTFOLIO 4,GHEDI_AB,GHEDI_AB|DFAC,,2026-08,REQ-005,Facility,VERIFIED,True,2026-09-05,2026-09-08,2026-09-10,2026-09-10,True,,,,,,False,,,False,,False,,NOT_DUE,4,Facility,False
2026-08|HILL_AFB|HILL_CREST|REQ-001,HILL_AFB|HILL_AFB|HILL_CREST|2026-08|1119,PORTFOLIO 3,HILL_AFB,HILL_AFB|HILL_CREST,,2026-08,REQ-001,Facility,VERIFIED,True,2026-09-05,2026-09-08,2026-09-10,2026-09-10,True,,,,,,False,,,False,,False,,NOT_DUE,4,Facility,False
2026-08|HILL_AFB|HILL_CREST|REQ-003,HILL_AFB|HILL_AFB|HILL_CREST|2026-08|SF1080,PORTFOLIO 3,HILL_AFB,HILL_AFB|HILL_CREST,,2026-08,REQ-003,Facility,VERIFIED,True,2026-09-05,2026-09-08,2026-09-10,2026-09-10,True,,,,,,False,,,False,,False,,NOT_DUE,4,Facility,False
2026-08|HILL_AFB|HILL_CREST|REQ-004,HILL_AFB|HILL_AFB|HILL_CREST|2026-08|SAIIT,PORTFOLIO 3,HILL_AFB,HILL_AFB|HILL_CREST,,2026-08,REQ-004,Facility,VERIFIED,True,2026-09-05,2026-09-08,2026-09-10,2026-09-10,True,,,,,,False,,,False,,False,,NOT_DUE,4,Facility,False
2026-08|HILL_AFB|HILL_CREST|REQ-005,HILL_AFB|HILL_AFB|HILL_CREST|2026-08|GPC,PORTFOLIO 3,HILL_AFB,HILL_AFB|HILL_CREST,,2026-08,REQ-005,Facility,VERIFIED,True,2026-09-05,2026-09-08,2026-09-10,2026-09-10,True,,,,,,False,,,False,,False,,NOT_DUE,4,Facility,False
2026-08|HURLBURT_FIELD|RIPTIDE|REQ-001,HURLBURT_FIELD|HURLBURT_FIELD|RIPTIDE|2026-08|1119,PORTFOLIO 4,HURLBURT_FIELD,HURLBURT_FIELD|RIPTIDE,,2026-08,REQ-001,Facility,VERIFIED,True,2026-09-05,2026-09-08,2026-09-10,2026-09-10,True,,,,,,False,,,False,,False,,NOT_DUE,4,Facility,False
2026-08|HURLBURT_FIELD|RIPTIDE|REQ-003,HURLBURT_FIELD|HURLBURT_FIELD|RIPTIDE|2026-08|SF1080,PORTFOLIO 4,HURLBURT_FIELD,HURLBURT_FIELD|RIPTIDE,,2026-08,REQ-003,Facility,VERIFIED,True,2026-09-05,2026-09-08,2026-09-10,2026-09-10,True,,,,,,False,,,False,,False,,NOT_DUE,4,Facility,False
2026-08|HURLBURT_FIELD|RIPTIDE|REQ-004,HURLBURT_FIELD|HURLBURT_FIELD|RIPTIDE|2026-08|SAIIT,PORTFOLIO 4,HURLBURT_FIELD,HURLBURT_FIELD|RIPTIDE,,2026-08,REQ-004,Facility,VERIFIED,True,2026-09-05,2026-09-08,2026-09-10,2026-09-10,True,,,,,,False,,,False,,False,,NOT_DUE,4,Facility,False
2026-08|HURLBURT_FIELD|RIPTIDE|REQ-005,HURLBURT_FIELD|HURLBURT_FIELD|RIPTIDE|2026-08|GPC,PORTFOLIO 4,HURLBURT_FIELD,HURLBURT_FIELD|RIPTIDE,,2026-08,REQ-005,Facility,VERIFIED,True,2026-09-05,2026-09-08,2026-09-10,2026-09-10,True,,,,,,False,,,False,,False,,NOT_DUE,4,Facility,False
2026-08|INCIRLIK_AB|SULTAN_S_INN|REQ-001,INCIRLIK_AB|INCIRLIK_AB|SULTAN_S_INN|2026-08|1119,PORTFOLIO 4,INCIRLIK_AB,INCIRLIK_AB|SULTAN_S_INN,,2026-08,REQ-001,Facility,VERIFIED,True,2026-09-05,2026-09-08,2026-09-10,2026-09-10,True,,,,,,False,,,False,,False,,NOT_DUE,4,Facility,False
2026-08|INCIRLIK_AB|SULTAN_S_INN|REQ-003,INCIRLIK_AB|INCIRLIK_AB|SULTAN_S_INN|2026-08|SF1080,PORTFOLIO 4,INCIRLIK_AB,INCIRLIK_AB|SULTAN_S_INN,,2026-08,REQ-003,Facility,VERIFIED,True,2026-09-05,2026-09-08,2026-09-10,2026-09-10,True,,,,,,False,,,False,,False,,NOT_DUE,4,Facility,False
2026-08|INCIRLIK_AB|SULTAN_S_INN|REQ-004,INCIRLIK_AB|INCIRLIK_AB|SULTAN_S_INN|2026-08|SAIIT,PORTFOLIO 4,INCIRLIK_AB,INCIRLIK_AB|SULTAN_S_INN,,2026-08,REQ-004,Facility,VERIFIED,True,2026-09-05,2026-09-08,2026-09-10,2026-09-10,True,,,,,,False,,,False,,False,,NOT_DUE,4,Facility,False
2026-08|INCIRLIK_AB|SULTAN_S_INN|REQ-005,INCIRLIK_AB|INCIRLIK_AB|SULTAN_S_INN|2026-08|GPC,PORTFOLIO 4,INCIRLIK_AB,INCIRLIK_AB|SULTAN_S_INN,,2026-08,REQ-005,Facility,VERIFIED,True,2026-09-05,2026-09-08,2026-09-10,2026-09-10,True,,,,,,False,,,False,,False,,NOT_DUE,4,Facility,False
2026-08|JBL_MCCHORD|OLYMPIC|REQ-001,JBL_MCCHORD|JBL_MCCHORD|OLYMPIC|2026-08|1119,PORTFOLIO 1,JBL_MCCHORD,JBL_MCCHORD|OLYMPIC,,2026-08,REQ-001,Facility,VERIFIED,True,2026-09-05,2026-09-08,2026-09-10,2026-09-10,True,,,,,,False,,,False,,False,,NOT_DUE,4,Facility,False
2026-08|JBL_MCCHORD|OLYMPIC|REQ-003,JBL_MCCHORD|JBL_MCCHORD|OLYMPIC|2026-08|SF1080,PORTFOLIO 1,JBL_MCCHORD,JBL_MCCHORD|OLYMPIC,,2026-08,REQ-003,Facility,VERIFIED,True,2026-09-05,2026-09-08,2026-09-10,2026-09-10,True,,,,,,False,,,False,,False,,NOT_DUE,4,Facility,False
2026-08|JBL_MCCHORD|OLYMPIC|REQ-004,JBL_MCCHORD|JBL_MCCHORD|OLYMPIC|2026-08|SAIIT,PORTFOLIO 1,JBL_MCCHORD,JBL_MCCHORD|OLYMPIC,,2026-08,REQ-004,Facility,VERIFIED,True,2026-09-05,2026-09-08,2026-09-10,2026-09-10,True,,,,,,False,,,False,,False,,NOT_DUE,4,Facility,False
2026-08|JBL_MCCHORD|OLYMPIC|REQ-005,JBL_MCCHORD|JBL_MCCHORD|OLYMPIC|2026-08|GPC,PORTFOLIO 1,JBL_MCCHORD,JBL_MCCHORD|OLYMPIC,,2026-08,REQ-005,Facility,VERIFIED,True,2026-09-05,2026-09-08,2026-09-10,2026-09-10,True,,,,,,False,,,False,,False,,NOT_DUE,4,Facility,False
2026-08|JBP_HICKAM|HALE_AINA|REQ-001,JBP_HICKAM|JBP_HICKAM|HALE_AINA|2026-08|1119,PORTFOLIO 1,JBP_HICKAM,JBP_HICKAM|HALE_AINA,,2026-08,REQ-001,Facility,VERIFIED,True,2026-09-05,2026-09-08,2026-09-10,2026-09-10,True,,,,,,False,,,False,,False,,NOT_DUE,4,Facility,False
2026-08|JBP_HICKAM|HALE_AINA|REQ-003,JBP_HICKAM|JBP_HICKAM|HALE_AINA|2026-08|SF1080,PORTFOLIO 1,JBP_HICKAM,JBP_HICKAM|HALE_AINA,,2026-08,REQ-003,Facility,VERIFIED,True,2026-09-05,2026-09-08,2026-09-10,2026-09-10,True,,,,,,False,,,False,,False,,NOT_DUE,4,Facility,False
2026-08|JBP_HICKAM|HALE_AINA|REQ-004,JBP_HICKAM|JBP_HICKAM|HALE_AINA|2026-08|SAIIT,PORTFOLIO 1,JBP_HICKAM,JBP_HICKAM|HALE_AINA,,2026-08,REQ-004,Facility,VERIFIED,True,2026-09-05,2026-09-08,2026-09-10,2026-09-10,True,,,,,,False,,,False,,False,,NOT_DUE,4,Facility,False
2026-08|JBP_HICKAM|HALE_AINA|REQ-005,JBP_HICKAM|JBP_HICKAM|HALE_AINA|2026-08|GPC,PORTFOLIO 1,JBP_HICKAM,JBP_HICKAM|HALE_AINA,,2026-08,REQ-005,Facility,VERIFIED,True,2026-09-05,2026-09-08,2026-09-10,2026-09-10,True,,,,,,False,,,False,,False,,NOT_DUE,4,Facility,False
2026-08|JBSA_LACKLAND|AMIGO|REQ-001,JBSA_LACKLAND|JBSA_LACKLAND|AMIGO|2026-08|1119,PORTFOLIO 2,JBSA_LACKLAND,JBSA_LACKLAND|AMIGO,,2026-08,REQ-001,Facility,VERIFIED,True,2026-09-05,2026-09-08,2026-09-10,2026-09-10,True,,,,,,False,,,False,,False,,NOT_DUE,4,Facility,False
2026-08|JBSA_LACKLAND|AMIGO|REQ-003,JBSA_LACKLAND|JBSA_LACKLAND|AMIGO|2026-08|SF1080,PORTFOLIO 2,JBSA_LACKLAND,JBSA_LACKLAND|AMIGO,,2026-08,REQ-003,Facility,VERIFIED,True,2026-09-05,2026-09-08,2026-09-10,2026-09-10,True,,,,,,False,,,False,,False,,NOT_DUE,4,Facility,False
2026-08|JBSA_LACKLAND|AMIGO|REQ-004,JBSA_LACKLAND|JBSA_LACKLAND|AMIGO|2026-08|SAIIT,PORTFOLIO 2,JBSA_LACKLAND,JBSA_LACKLAND|AMIGO,,2026-08,REQ-004,Facility,VERIFIED,True,2026-09-05,2026-09-08,2026-09-10,2026-09-10,True,,,,,,False,,,False,,False,,NOT_DUE,4,Facility,False
2026-08|JBSA_LACKLAND|AMIGO|REQ-005,JBSA_LACKLAND|JBSA_LACKLAND|AMIGO|2026-08|GPC,PORTFOLIO 2,JBSA_LACKLAND,JBSA_LACKLAND|AMIGO,,2026-08,REQ-005,Facility,VERIFIED,True,2026-09-05,2026-09-08,2026-09-10,2026-09-10,True,,,,,,False,,,False,,False,,NOT_DUE,4,Facility,False
2026-08|JBSA_LACKLAND|CHAPMAN|REQ-001,JBSA_LACKLAND|JBSA_LACKLAND|CHAPMAN|2026-08|1119,PORTFOLIO 2,JBSA_LACKLAND,JBSA_LACKLAND|CHAPMAN,,2026-08,REQ-001,Facility,VERIFIED,True,2026-09-05,2026-09-08,2026-09-10,2026-09-10,True,,,,,,False,,,False,,False,,NOT_DUE,4,Facility,False
2026-08|JBSA_LACKLAND|CHAPMAN|REQ-003,JBSA_LACKLAND|JBSA_LACKLAND|CHAPMAN|2026-08|SF1080,PORTFOLIO 2,JBSA_LACKLAND,JBSA_LACKLAND|CHAPMAN,,2026-08,REQ-003,Facility,VERIFIED,True,2026-09-05,2026-09-08,2026-09-10,2026-09-10,True,,,,,,False,,,False,,False,,NOT_DUE,4,Facility,False
2026-08|JBSA_LACKLAND|CHAPMAN|REQ-004,JBSA_LACKLAND|JBSA_LACKLAND|CHAPMAN|2026-08|SAIIT,PORTFOLIO 2,JBSA_LACKLAND,JBSA_LACKLAND|CHAPMAN,,2026-08,REQ-004,Facility,VERIFIED,True,2026-09-05,2026-09-08,2026-09-10,2026-09-10,True,,,,,,False,,,False,,False,,NOT_DUE,4,Facility,False
2026-08|JBSA_LACKLAND|CHAPMAN|REQ-005,JBSA_LACKLAND|JBSA_LACKLAND|CHAPMAN|2026-08|GPC,PORTFOLIO 2,JBSA_LACKLAND,JBSA_LACKLAND|CHAPMAN,,2026-08,REQ-005,Facility,VERIFIED,True,2026-09-05,2026-09-08,2026-09-10,2026-09-10,True,,,,,,False,,,False,,False,,NOT_DUE,4,Facility,False
2026-08|JBSA_LACKLAND|DEFENDER|REQ-001,JBSA_LACKLAND|JBSA_LACKLAND|DEFENDER|2026-08|1119,PORTFOLIO 2,JBSA_LACKLAND,JBSA_LACKLAND|DEFENDER,,2026-08,REQ-001,Facility,VERIFIED,True,2026-09-05,2026-09-08,2026-09-10,2026-09-10,True,,,,,,False,,,False,,False,,NOT_DUE,4,Facility,False
2026-08|JBSA_LACKLAND|DEFENDER|REQ-003,JBSA_LACKLAND|JBSA_LACKLAND|DEFENDER|2026-08|SF1080,PORTFOLIO 2,JBSA_LACKLAND,JBSA_LACKLAND|DEFENDER,,2026-08,REQ-003,Facility,VERIFIED,True,2026-09-05,2026-09-08,2026-09-10,2026-09-10,True,,,,,,False,,,False,,False,,NOT_DUE,4,Facility,False
2026-08|JBSA_LACKLAND|DEFENDER|REQ-004,JBSA_LACKLAND|JBSA_LACKLAND|DEFENDER|2026-08|SAIIT,PORTFOLIO 2,JBSA_LACKLAND,JBSA_LACKLAND|DEFENDER,,2026-08,REQ-004,Facility,VERIFIED,True,2026-09-05,2026-09-08,2026-09-10,2026-09-10,True,,,,,,False,,,False,,False,,NOT_DUE,4,Facility,False
2026-08|JBSA_LACKLAND|DEFENDER|REQ-005,JBSA_LACKLAND|JBSA_LACKLAND|DEFENDER|2026-08|GPC,PORTFOLIO 2,JBSA_LACKLAND,JBSA_LACKLAND|DEFENDER,,2026-08,REQ-005,Facility,VERIFIED,True,2026-09-05,2026-09-08,2026-09-10,2026-09-10,True,,,,,,False,,,False,,False,,NOT_DUE,4,Facility,False
2026-08|JBSA_LACKLAND|FLIGHT_KITCHEN_FK|REQ-001,JBSA_LACKLAND|JBSA_LACKLAND|FLIGHT_KITCHEN_FK|2026-08|1119,PORTFOLIO 2,JBSA_LACKLAND,JBSA_LACKLAND|FLIGHT_KITCHEN_FK,,2026-08,REQ-001,Facility,VERIFIED,True,2026-09-05,2026-09-08,2026-09-10,2026-09-10,True,,,,,,False,,,False,,False,,NOT_DUE,4,Facility,False
2026-08|JBSA_LACKLAND|FLIGHT_KITCHEN_FK|REQ-003,JBSA_LACKLAND|JBSA_LACKLAND|FLIGHT_KITCHEN_FK|2026-08|SF1080,PORTFOLIO 2,JBSA_LACKLAND,JBSA_LACKLAND|FLIGHT_KITCHEN_FK,,2026-08,REQ-003,Facility,VERIFIED,True,2026-09-05,2026-09-08,2026-09-10,2026-09-10,True,,,,,,False,,,False,,False,,NOT_DUE,4,Facility,False
2026-08|JBSA_LACKLAND|FLIGHT_KITCHEN_FK|REQ-004,JBSA_LACKLAND|JBSA_LACKLAND|FLIGHT_KITCHEN_FK|2026-08|SAIIT,PORTFOLIO 2,JBSA_LACKLAND,JBSA_LACKLAND|FLIGHT_KITCHEN_FK,,2026-08,REQ-004,Facility,VERIFIED,True,2026-09-05,2026-09-08,2026-09-10,2026-09-10,True,,,,,,False,,,False,,False,,NOT_DUE,4,Facility,False
2026-08|JBSA_LACKLAND|FLIGHT_KITCHEN_FK|REQ-005,JBSA_LACKLAND|JBSA_LACKLAND|FLIGHT_KITCHEN_FK|2026-08|GPC,PORTFOLIO 2,JBSA_LACKLAND,JBSA_LACKLAND|FLIGHT_KITCHEN_FK,,2026-08,REQ-005,Facility,VERIFIED,True,2026-09-05,2026-09-08,2026-09-10,2026-09-10,True,,,,,,False,,,False,,False,,NOT_DUE,4,Facility,False
2026-08|JBSA_LACKLAND|LIVE_OAK|REQ-001,JBSA_LACKLAND|JBSA_LACKLAND|LIVE_OAK|2026-08|1119,PORTFOLIO 2,JBSA_LACKLAND,JBSA_LACKLAND|LIVE_OAK,,2026-08,REQ-001,Facility,VERIFIED,True,2026-09-05,2026-09-08,2026-09-10,2026-09-10,True,,,,,,False,,,False,,False,,NOT_DUE,4,Facility,False
2026-08|JBSA_LACKLAND|LIVE_OAK|REQ-003,JBSA_LACKLAND|JBSA_LACKLAND|LIVE_OAK|2026-08|SF1080,PORTFOLIO 2,JBSA_LACKLAND,JBSA_LACKLAND|LIVE_OAK,,2026-08,REQ-003,Facility,VERIFIED,True,2026-09-05,2026-09-08,2026-09-10,2026-09-10,True,,,,,,False,,,False,,False,,NOT_DUE,4,Facility,False
2026-08|JBSA_LACKLAND|LIVE_OAK|REQ-004,JBSA_LACKLAND|JBSA_LACKLAND|LIVE_OAK|2026-08|SAIIT,PORTFOLIO 2,JBSA_LACKLAND,JBSA_LACKLAND|LIVE_OAK,,2026-08,REQ-004,Facility,VERIFIED,True,2026-09-05,2026-09-08,2026-09-10,2026-09-10,True,,,,,,False,,,False,,False,,NOT_DUE,4,Facility,False
2026-08|JBSA_LACKLAND|LIVE_OAK|REQ-005,JBSA_LACKLAND|JBSA_LACKLAND|LIVE_OAK|2026-08|GPC,PORTFOLIO 2,JBSA_LACKLAND,JBSA_LACKLAND|LIVE_OAK,,2026-08,REQ-005,Facility,VERIFIED,True,2026-09-05,2026-09-08,2026-09-10,2026-09-10,True,,,,,,False,,,False,,False,,NOT_DUE,4,Facility,False
2026-08|JBSA_LACKLAND|SWT|REQ-001,JBSA_LACKLAND|JBSA_LACKLAND|SWT|2026-08|1119,PORTFOLIO 2,JBSA_LACKLAND,JBSA_LACKLAND|SWT,,2026-08,REQ-001,Facility,VERIFIED,True,2026-09-05,2026-09-08,2026-09-10,2026-09-10,True,,,,,,False,,,False,,False,,NOT_DUE,4,Facility,False
2026-08|JBSA_LACKLAND|SWT|REQ-003,JBSA_LACKLAND|JBSA_LACKLAND|SWT|2026-08|SF1080,PORTFOLIO 2,JBSA_LACKLAND,JBSA_LACKLAND|SWT,,2026-08,REQ-003,Facility,VERIFIED,True,2026-09-05,2026-09-08,2026-09-10,2026-09-10,True,,,,,,False,,,False,,False,,NOT_DUE,4,Facility,False
2026-08|JBSA_LACKLAND|SWT|REQ-004,JBSA_LACKLAND|JBSA_LACKLAND|SWT|2026-08|SAIIT,PORTFOLIO 2,JBSA_LACKLAND,JBSA_LACKLAND|SWT,,2026-08,REQ-004,Facility,VERIFIED,True,2026-09-05,2026-09-08,2026-09-10,2026-09-10,True,,,,,,False,,,False,,False,,NOT_DUE,4,Facility,False
2026-08|JBSA_LACKLAND|SWT|REQ-005,JBSA_LACKLAND|JBSA_LACKLAND|SWT|2026-08|GPC,PORTFOLIO 2,JBSA_LACKLAND,JBSA_LACKLAND|SWT,,2026-08,REQ-005,Facility,VERIFIED,True,2026-09-05,2026-09-08,2026-09-10,2026-09-10,True,,,,,,False,,,False,,False,,NOT_DUE,4,Facility,False
2026-08|JB_LANGLEY|CROSSBOW|REQ-001,JB_LANGLEY|JB_LANGLEY|CROSSBOW|2026-08|1119,PORTFOLIO 4,JB_LANGLEY,JB_LANGLEY|CROSSBOW,,2026-08,REQ-001,Facility,VERIFIED,True,2026-09-05,2026-09-08,2026-09-10,2026-09-10,True,,,,,,False,,,False,,False,,NOT_DUE,4,Facility,False
2026-08|JB_LANGLEY|CROSSBOW|REQ-003,JB_LANGLEY|JB_LANGLEY|CROSSBOW|2026-08|SF1080,PORTFOLIO 4,JB_LANGLEY,JB_LANGLEY|CROSSBOW,,2026-08,REQ-003,Facility,VERIFIED,True,2026-09-05,2026-09-08,2026-09-10,2026-09-10,True,,,,,,False,,,False,,False,,NOT_DUE,4,Facility,False
2026-08|JB_LANGLEY|CROSSBOW|REQ-004,JB_LANGLEY|JB_LANGLEY|CROSSBOW|2026-08|SAIIT,PORTFOLIO 4,JB_LANGLEY,JB_LANGLEY|CROSSBOW,,2026-08,REQ-004,Facility,VERIFIED,True,2026-09-05,2026-09-08,2026-09-10,2026-09-10,True,,,,,,False,,,False,,False,,NOT_DUE,4,Facility,False
2026-08|JB_LANGLEY|CROSSBOW|REQ-005,JB_LANGLEY|JB_LANGLEY|CROSSBOW|2026-08|GPC,PORTFOLIO 4,JB_LANGLEY,JB_LANGLEY|CROSSBOW,,2026-08,REQ-005,Facility,VERIFIED,True,2026-09-05,2026-09-08,2026-09-10,2026-09-10,True,,,,,,False,,,False,,False,,NOT_DUE,4,Facility,False
2026-08|JB_LANGLEY|RAPTOR_FK|REQ-001,JB_LANGLEY|JB_LANGLEY|RAPTOR_FK|2026-08|1119,PORTFOLIO 4,JB_LANGLEY,JB_LANGLEY|RAPTOR_FK,,2026-08,REQ-001,Facility,VERIFIED,True,2026-09-05,2026-09-08,2026-09-10,2026-09-10,True,,,,,,False,,,False,,False,,NOT_DUE,4,Facility,False
2026-08|JB_LANGLEY|RAPTOR_FK|REQ-003,JB_LANGLEY|JB_LANGLEY|RAPTOR_FK|2026-08|SF1080,PORTFOLIO 4,JB_LANGLEY,JB_LANGLEY|RAPTOR_FK,,2026-08,REQ-003,Facility,VERIFIED,True,2026-09-05,2026-09-08,2026-09-10,2026-09-10,True,,,,,,False,,,False,,False,,NOT_DUE,4,Facility,False
2026-08|JB_LANGLEY|RAPTOR_FK|REQ-004,JB_LANGLEY|JB_LANGLEY|RAPTOR_FK|2026-08|SAIIT,PORTFOLIO 4,JB_LANGLEY,JB_LANGLEY|RAPTOR_FK,,2026-08,REQ-004,Facility,VERIFIED,True,2026-09-05,2026-09-08,2026-09-10,2026-09-10,True,,,,,,False,,,False,,False,,NOT_DUE,4,Facility,False
2026-08|JB_LANGLEY|RAPTOR_FK|REQ-005,JB_LANGLEY|JB_LANGLEY|RAPTOR_FK|2026-08|GPC,PORTFOLIO 4,JB_LANGLEY,JB_LANGLEY|RAPTOR_FK,,2026-08,REQ-005,Facility,VERIFIED,True,2026-09-05,2026-09-08,2026-09-10,2026-09-10,True,,,,,,False,,,False,,False,,NOT_DUE,4,Facility,False
2026-08|KADENA_AB|JOHNSON|REQ-001,KADENA_AB|KADENA_AB|JOHNSON|2026-08|1119,PORTFOLIO 1,KADENA_AB,KADENA_AB|JOHNSON,,2026-08,REQ-001,Facility,VERIFIED,True,2026-09-05,2026-09-08,2026-09-10,2026-09-10,True,,,,,,False,,,False,,False,,NOT_DUE,4,Facility,False
2026-08|KADENA_AB|JOHNSON|REQ-003,KADENA_AB|KADENA_AB|JOHNSON|2026-08|SF1080,PORTFOLIO 1,KADENA_AB,KADENA_AB|JOHNSON,,2026-08,REQ-003,Facility,VERIFIED,True,2026-09-05,2026-09-08,2026-09-10,2026-09-10,True,,,,,,False,,,False,,False,,NOT_DUE,4,Facility,False
2026-08|KADENA_AB|JOHNSON|REQ-004,KADENA_AB|KADENA_AB|JOHNSON|2026-08|SAIIT,PORTFOLIO 1,KADENA_AB,KADENA_AB|JOHNSON,,2026-08,REQ-004,Facility,VERIFIED,True,2026-09-05,2026-09-08,2026-09-10,2026-09-10,True,,,,,,False,,,False,,False,,NOT_DUE,4,Facility,False
2026-08|KADENA_AB|JOHNSON|REQ-005,KADENA_AB|KADENA_AB|JOHNSON|2026-08|GPC,PORTFOLIO 1,KADENA_AB,KADENA_AB|JOHNSON,,2026-08,REQ-005,Facility,VERIFIED,True,2026-09-05,2026-09-08,2026-09-10,2026-09-10,True,,,,,,False,,,False,,False,,NOT_DUE,4,Facility,False
2026-08|KADENA_AB|MARSHALL|REQ-001,KADENA_AB|KADENA_AB|MARSHALL|2026-08|1119,PORTFOLIO 1,KADENA_AB,KADENA_AB|MARSHALL,,2026-08,REQ-001,Facility,VERIFIED,True,2026-09-05,2026-09-08,2026-09-10,2026-09-10,True,,,,,,False,,,False,,False,,NOT_DUE,4,Facility,False
2026-08|KADENA_AB|MARSHALL|REQ-003,KADENA_AB|KADENA_AB|MARSHALL|2026-08|SF1080,PORTFOLIO 1,KADENA_AB,KADENA_AB|MARSHALL,,2026-08,REQ-003,Facility,VERIFIED,True,2026-09-05,2026-09-08,2026-09-10,2026-09-10,True,,,,,,False,,,False,,False,,NOT_DUE,4,Facility,False
2026-08|KADENA_AB|MARSHALL|REQ-004,KADENA_AB|KADENA_AB|MARSHALL|2026-08|SAIIT,PORTFOLIO 1,KADENA_AB,KADENA_AB|MARSHALL,,2026-08,REQ-004,Facility,VERIFIED,True,2026-09-05,2026-09-08,2026-09-10,2026-09-10,True,,,,,,False,,,False,,False,,NOT_DUE,4,Facility,False
2026-08|KADENA_AB|MARSHALL|REQ-005,KADENA_AB|KADENA_AB|MARSHALL|2026-08|GPC,PORTFOLIO 1,KADENA_AB,KADENA_AB|MARSHALL,,2026-08,REQ-005,Facility,VERIFIED,True,2026-09-05,2026-09-08,2026-09-10,2026-09-10,True,,,,,,False,,,False,,False,,NOT_DUE,4,Facility,False
2026-08|KEESLER_AFB|AZALEA|REQ-001,KEESLER_AFB|KEESLER_AFB|AZALEA|2026-08|1119,PORTFOLIO 4,KEESLER_AFB,KEESLER_AFB|AZALEA,,2026-08,REQ-001,Facility,VERIFIED,True,2026-09-05,2026-09-08,2026-09-10,2026-09-10,True,,,,,,False,,,False,,False,,NOT_DUE,4,Facility,False
2026-08|KEESLER_AFB|AZALEA|REQ-003,KEESLER_AFB|KEESLER_AFB|AZALEA|2026-08|SF1080,PORTFOLIO 4,KEESLER_AFB,KEESLER_AFB|AZALEA,,2026-08,REQ-003,Facility,VERIFIED,True,2026-09-05,2026-09-08,2026-09-10,2026-09-10,True,,,,,,False,,,False,,False,,NOT_DUE,4,Facility,False
2026-08|KEESLER_AFB|AZALEA|REQ-004,KEESLER_AFB|KEESLER_AFB|AZALEA|2026-08|SAIIT,PORTFOLIO 4,KEESLER_AFB,KEESLER_AFB|AZALEA,,2026-08,REQ-004,Facility,VERIFIED,True,2026-09-05,2026-09-08,2026-09-10,2026-09-10,True,,,,,,False,,,False,,False,,NOT_DUE,4,Facility,False
2026-08|KEESLER_AFB|AZALEA|REQ-005,KEESLER_AFB|KEESLER_AFB|AZALEA|2026-08|GPC,PORTFOLIO 4,KEESLER_AFB,KEESLER_AFB|AZALEA,,2026-08,REQ-005,Facility,VERIFIED,True,2026-09-05,2026-09-08,2026-09-10,2026-09-10,True,,,,,,False,,,False,,False,,NOT_DUE,4,Facility,False
2026-08|KEESLER_AFB|LIVE_OAK|REQ-001,KEESLER_AFB|KEESLER_AFB|LIVE_OAK|2026-08|1119,PORTFOLIO 4,KEESLER_AFB,KEESLER_AFB|LIVE_OAK,,2026-08,REQ-001,Facility,VERIFIED,True,2026-09-05,2026-09-08,2026-09-10,2026-09-10,True,,,,,,False,,,False,,False,,NOT_DUE,4,Facility,False
2026-08|KEESLER_AFB|LIVE_OAK|REQ-003,KEESLER_AFB|KEESLER_AFB|LIVE_OAK|2026-08|SF1080,PORTFOLIO 4,KEESLER_AFB,KEESLER_AFB|LIVE_OAK,,2026-08,REQ-003,Facility,VERIFIED,True,2026-09-05,2026-09-08,2026-09-10,2026-09-10,True,,,,,,False,,,False,,False,,NOT_DUE,4,Facility,False
2026-08|KEESLER_AFB|LIVE_OAK|REQ-004,KEESLER_AFB|KEESLER_AFB|LIVE_OAK|2026-08|SAIIT,PORTFOLIO 4,KEESLER_AFB,KEESLER_AFB|LIVE_OAK,,2026-08,REQ-004,Facility,VERIFIED,True,2026-09-05,2026-09-08,2026-09-10,2026-09-10,True,,,,,,False,,,False,,False,,NOT_DUE,4,Facility,False
2026-08|KEESLER_AFB|LIVE_OAK|REQ-005,KEESLER_AFB|KEESLER_AFB|LIVE_OAK|2026-08|GPC,PORTFOLIO 4,KEESLER_AFB,KEESLER_AFB|LIVE_OAK,,2026-08,REQ-005,Facility,VERIFIED,True,2026-09-05,2026-09-08,2026-09-10,2026-09-10,True,,,,,,False,,,False,,False,,NOT_DUE,4,Facility,False
2026-08|KEESLER_AFB|MAGNOLIA|REQ-001,KEESLER_AFB|KEESLER_AFB|MAGNOLIA|2026-08|1119,PORTFOLIO 4,KEESLER_AFB,KEESLER_AFB|MAGNOLIA,,2026-08,REQ-001,Facility,VERIFIED,True,2026-09-05,2026-09-08,2026-09-10,2026-09-10,True,,,,,,False,,,False,,False,,NOT_DUE,4,Facility,False
2026-08|KEESLER_AFB|MAGNOLIA|REQ-003,KEESLER_AFB|KEESLER_AFB|MAGNOLIA|2026-08|SF1080,PORTFOLIO 4,KEESLER_AFB,KEESLER_AFB|MAGNOLIA,,2026-08,REQ-003,Facility,VERIFIED,True,2026-09-05,2026-09-08,2026-09-10,2026-09-10,True,,,,,,False,,,False,,False,,NOT_DUE,4,Facility,False
2026-08|KEESLER_AFB|MAGNOLIA|REQ-004,KEESLER_AFB|KEESLER_AFB|MAGNOLIA|2026-08|SAIIT,PORTFOLIO 4,KEESLER_AFB,KEESLER_AFB|MAGNOLIA,,2026-08,REQ-004,Facility,VERIFIED,True,2026-09-05,2026-09-08,2026-09-10,2026-09-10,True,,,,,,False,,,False,,False,,NOT_DUE,4,Facility,False
2026-08|KEESLER_AFB|MAGNOLIA|REQ-005,KEESLER_AFB|KEESLER_AFB|MAGNOLIA|2026-08|GPC,PORTFOLIO 4,KEESLER_AFB,KEESLER_AFB|MAGNOLIA,,2026-08,REQ-005,Facility,VERIFIED,True,2026-09-05,2026-09-08,2026-09-10,2026-09-10,True,,,,,,False,,,False,,False,,NOT_DUE,4,Facility,False
2026-08|KIRTLAND_AFB|THUNDERBIRD|REQ-001,KIRTLAND_AFB|KIRTLAND_AFB|THUNDERBIRD|2026-08|1119,PORTFOLIO 2,KIRTLAND_AFB,KIRTLAND_AFB|THUNDERBIRD,,2026-08,REQ-001,Facility,VERIFIED,True,2026-09-05,2026-09-08,2026-09-10,2026-09-10,True,,,,,,False,,,False,,False,,NOT_DUE,4,Facility,False
2026-08|KIRTLAND_AFB|THUNDERBIRD|REQ-003,KIRTLAND_AFB|KIRTLAND_AFB|THUNDERBIRD|2026-08|SF1080,PORTFOLIO 2,KIRTLAND_AFB,KIRTLAND_AFB|THUNDERBIRD,,2026-08,REQ-003,Facility,VERIFIED,True,2026-09-05,2026-09-08,2026-09-10,2026-09-10,True,,,,,,False,,,False,,False,,NOT_DUE,4,Facility,False
2026-08|KIRTLAND_AFB|THUNDERBIRD|REQ-004,KIRTLAND_AFB|KIRTLAND_AFB|THUNDERBIRD|2026-08|SAIIT,PORTFOLIO 2,KIRTLAND_AFB,KIRTLAND_AFB|THUNDERBIRD,,2026-08,REQ-004,Facility,VERIFIED,True,2026-09-05,2026-09-08,2026-09-10,2026-09-10,True,,,,,,False,,,False,,False,,NOT_DUE,4,Facility,False
2026-08|KIRTLAND_AFB|THUNDERBIRD|REQ-005,KIRTLAND_AFB|KIRTLAND_AFB|THUNDERBIRD|2026-08|GPC,PORTFOLIO 2,KIRTLAND_AFB,KIRTLAND_AFB|THUNDERBIRD,,2026-08,REQ-005,Facility,VERIFIED,True,2026-09-05,2026-09-08,2026-09-10,2026-09-10,True,,,,,,False,,,False,,False,,NOT_DUE,4,Facility,False
2026-08|KLEINE_BROGEL_AB|LIMBURG|REQ-001,KLEINE_BROGEL_AB|KLEINE_BROGEL_AB|LIMBURG|2026-08|1119,PORTFOLIO 4,KLEINE_BROGEL_AB,KLEINE_BROGEL_AB|LIMBURG,,2026-08,REQ-001,Facility,VERIFIED,True,2026-09-05,2026-09-08,2026-09-10,2026-09-10,True,,,,,,False,,,False,,False,,NOT_DUE,4,Facility,False
2026-08|KLEINE_BROGEL_AB|LIMBURG|REQ-003,KLEINE_BROGEL_AB|KLEINE_BROGEL_AB|LIMBURG|2026-08|SF1080,PORTFOLIO 4,KLEINE_BROGEL_AB,KLEINE_BROGEL_AB|LIMBURG,,2026-08,REQ-003,Facility,VERIFIED,True,2026-09-05,2026-09-08,2026-09-10,2026-09-10,True,,,,,,False,,,False,,False,,NOT_DUE,4,Facility,False
2026-08|KLEINE_BROGEL_AB|LIMBURG|REQ-004,KLEINE_BROGEL_AB|KLEINE_BROGEL_AB|LIMBURG|2026-08|SAIIT,PORTFOLIO 4,KLEINE_BROGEL_AB,KLEINE_BROGEL_AB|LIMBURG,,2026-08,REQ-004,Facility,VERIFIED,True,2026-09-05,2026-09-08,2026-09-10,2026-09-10,True,,,,,,False,,,False,,False,,NOT_DUE,4,Facility,False
2026-08|KLEINE_BROGEL_AB|LIMBURG|REQ-005,KLEINE_BROGEL_AB|KLEINE_BROGEL_AB|LIMBURG|2026-08|GPC,PORTFOLIO 4,KLEINE_BROGEL_AB,KLEINE_BROGEL_AB|LIMBURG,,2026-08,REQ-005,Facility,VERIFIED,True,2026-09-05,2026-09-08,2026-09-10,2026-09-10,True,,,,,,False,,,False,,False,,NOT_DUE,4,Facility,False
2026-08|KUNSAN_AB|D_PAD|REQ-001,KUNSAN_AB|KUNSAN_AB|D_PAD|2026-08|1119,PORTFOLIO 1,KUNSAN_AB,KUNSAN_AB|D_PAD,,2026-08,REQ-001,Facility,VERIFIED,True,2026-09-05,2026-09-08,2026-09-10,2026-09-10,True,,,,,,False,,,False,,False,,NOT_DUE,4,Facility,False
2026-08|KUNSAN_AB|D_PAD|REQ-003,KUNSAN_AB|KUNSAN_AB|D_PAD|2026-08|SF1080,PORTFOLIO 1,KUNSAN_AB,KUNSAN_AB|D_PAD,,2026-08,REQ-003,Facility,VERIFIED,True,2026-09-05,2026-09-08,2026-09-10,2026-09-10,True,,,,,,False,,,False,,False,,NOT_DUE,4,Facility,False
2026-08|KUNSAN_AB|D_PAD|REQ-004,KUNSAN_AB|KUNSAN_AB|D_PAD|2026-08|SAIIT,PORTFOLIO 1,KUNSAN_AB,KUNSAN_AB|D_PAD,,2026-08,REQ-004,Facility,VERIFIED,True,2026-09-05,2026-09-08,2026-09-10,2026-09-10,True,,,,,,False,,,False,,False,,NOT_DUE,4,Facility,False
2026-08|KUNSAN_AB|D_PAD|REQ-005,KUNSAN_AB|KUNSAN_AB|D_PAD|2026-08|GPC,PORTFOLIO 1,KUNSAN_AB,KUNSAN_AB|D_PAD,,2026-08,REQ-005,Facility,VERIFIED,True,2026-09-05,2026-09-08,2026-09-10,2026-09-10,True,,,,,,False,,,False,,False,,NOT_DUE,4,Facility,False
2026-08|KUNSAN_AB|O_MALLEY|REQ-001,KUNSAN_AB|KUNSAN_AB|O_MALLEY|2026-08|1119,PORTFOLIO 1,KUNSAN_AB,KUNSAN_AB|O_MALLEY,,2026-08,REQ-001,Facility,VERIFIED,True,2026-09-05,2026-09-08,2026-09-10,2026-09-10,True,,,,,,False,,,False,,False,,NOT_DUE,4,Facility,False
2026-08|KUNSAN_AB|O_MALLEY|REQ-003,KUNSAN_AB|KUNSAN_AB|O_MALLEY|2026-08|SF1080,PORTFOLIO 1,KUNSAN_AB,KUNSAN_AB|O_MALLEY,,2026-08,REQ-003,Facility,VERIFIED,True,2026-09-05,2026-09-08,2026-09-10,2026-09-10,True,,,,,,False,,,False,,False,,NOT_DUE,4,Facility,False
2026-08|KUNSAN_AB|O_MALLEY|REQ-004,KUNSAN_AB|KUNSAN_AB|O_MALLEY|2026-08|SAIIT,PORTFOLIO 1,KUNSAN_AB,KUNSAN_AB|O_MALLEY,,2026-08,REQ-004,Facility,VERIFIED,True,2026-09-05,2026-09-08,2026-09-10,2026-09-10,True,,,,,,False,,,False,,False,,NOT_DUE,4,Facility,False
2026-08|KUNSAN_AB|O_MALLEY|REQ-005,KUNSAN_AB|KUNSAN_AB|O_MALLEY|2026-08|GPC,PORTFOLIO 1,KUNSAN_AB,KUNSAN_AB|O_MALLEY,,2026-08,REQ-005,Facility,VERIFIED,True,2026-09-05,2026-09-08,2026-09-10,2026-09-10,True,,,,,,False,,,False,,False,,NOT_DUE,4,Facility,False
2026-08|MAXWELL_AFB|OTS|REQ-001,MAXWELL_AFB|MAXWELL_AFB|OTS|2026-08|1119,PORTFOLIO 4,MAXWELL_AFB,MAXWELL_AFB|OTS,,2026-08,REQ-001,Facility,VERIFIED,True,2026-09-05,2026-09-08,2026-09-10,2026-09-10,True,,,,,,False,,,False,,False,,NOT_DUE,4,Facility,False
2026-08|MAXWELL_AFB|OTS|REQ-003,MAXWELL_AFB|MAXWELL_AFB|OTS|2026-08|SF1080,PORTFOLIO 4,MAXWELL_AFB,MAXWELL_AFB|OTS,,2026-08,REQ-003,Facility,VERIFIED,True,2026-09-05,2026-09-08,2026-09-10,2026-09-10,True,,,,,,False,,,False,,False,,NOT_DUE,4,Facility,False
2026-08|MAXWELL_AFB|OTS|REQ-004,MAXWELL_AFB|MAXWELL_AFB|OTS|2026-08|SAIIT,PORTFOLIO 4,MAXWELL_AFB,MAXWELL_AFB|OTS,,2026-08,REQ-004,Facility,VERIFIED,True,2026-09-05,2026-09-08,2026-09-10,2026-09-10,True,,,,,,False,,,False,,False,,NOT_DUE,4,Facility,False
2026-08|MAXWELL_AFB|OTS|REQ-005,MAXWELL_AFB|MAXWELL_AFB|OTS|2026-08|GPC,PORTFOLIO 4,MAXWELL_AFB,MAXWELL_AFB|OTS,,2026-08,REQ-005,Facility,VERIFIED,True,2026-09-05,2026-09-08,2026-09-10,2026-09-10,True,,,,,,False,,,False,,False,,NOT_DUE,4,Facility,False
2026-08|MAXWELL_AFB|RIVER_FRONT|REQ-001,MAXWELL_AFB|MAXWELL_AFB|RIVER_FRONT|2026-08|1119,PORTFOLIO 4,MAXWELL_AFB,MAXWELL_AFB|RIVER_FRONT,,2026-08,REQ-001,Facility,VERIFIED,True,2026-09-05,2026-09-08,2026-09-10,2026-09-10,True,,,,,,False,,,False,,False,,NOT_DUE,4,Facility,False
2026-08|MAXWELL_AFB|RIVER_FRONT|REQ-003,MAXWELL_AFB|MAXWELL_AFB|RIVER_FRONT|2026-08|SF1080,PORTFOLIO 4,MAXWELL_AFB,MAXWELL_AFB|RIVER_FRONT,,2026-08,REQ-003,Facility,VERIFIED,True,2026-09-05,2026-09-08,2026-09-10,2026-09-10,True,,,,,,False,,,False,,False,,NOT_DUE,4,Facility,False
2026-08|MAXWELL_AFB|RIVER_FRONT|REQ-004,MAXWELL_AFB|MAXWELL_AFB|RIVER_FRONT|2026-08|SAIIT,PORTFOLIO 4,MAXWELL_AFB,MAXWELL_AFB|RIVER_FRONT,,2026-08,REQ-004,Facility,VERIFIED,True,2026-09-05,2026-09-08,2026-09-10,2026-09-10,True,,,,,,False,,,False,,False,,NOT_DUE,4,Facility,False
2026-08|MAXWELL_AFB|RIVER_FRONT|REQ-005,MAXWELL_AFB|MAXWELL_AFB|RIVER_FRONT|2026-08|GPC,PORTFOLIO 4,MAXWELL_AFB,MAXWELL_AFB|RIVER_FRONT,,2026-08,REQ-005,Facility,VERIFIED,True,2026-09-05,2026-09-08,2026-09-10,2026-09-10,True,,,,,,False,,,False,,False,,NOT_DUE,4,Facility,False
2026-08|MILDENHALL_AB|GATEWAY|REQ-001,MILDENHALL_AB|MILDENHALL_AB|GATEWAY|2026-08|1119,PORTFOLIO 4,MILDENHALL_AB,MILDENHALL_AB|GATEWAY,,2026-08,REQ-001,Facility,VERIFIED,True,2026-09-05,2026-09-08,2026-09-10,2026-09-10,True,,,,,,False,,,False,,False,,NOT_DUE,4,Facility,False
2026-08|MILDENHALL_AB|GATEWAY|REQ-003,MILDENHALL_AB|MILDENHALL_AB|GATEWAY|2026-08|SF1080,PORTFOLIO 4,MILDENHALL_AB,MILDENHALL_AB|GATEWAY,,2026-08,REQ-003,Facility,VERIFIED,True,2026-09-05,2026-09-08,2026-09-10,2026-09-10,True,,,,,,False,,,False,,False,,NOT_DUE,4,Facility,False
2026-08|MILDENHALL_AB|GATEWAY|REQ-004,MILDENHALL_AB|MILDENHALL_AB|GATEWAY|2026-08|SAIIT,PORTFOLIO 4,MILDENHALL_AB,MILDENHALL_AB|GATEWAY,,2026-08,REQ-004,Facility,VERIFIED,True,2026-09-05,2026-09-08,2026-09-10,2026-09-10,True,,,,,,False,,,False,,False,,NOT_DUE,4,Facility,False
2026-08|MILDENHALL_AB|GATEWAY|REQ-005,MILDENHALL_AB|MILDENHALL_AB|GATEWAY|2026-08|GPC,PORTFOLIO 4,MILDENHALL_AB,MILDENHALL_AB|GATEWAY,,2026-08,REQ-005,Facility,VERIFIED,True,2026-09-05,2026-09-08,2026-09-10,2026-09-10,True,,,,,,False,,,False,,False,,NOT_DUE,4,Facility,False
2026-08|MISAWA_AB|FALCON_FEEDER|REQ-001,MISAWA_AB|MISAWA_AB|FALCON_FEEDER|2026-08|1119,PORTFOLIO 1,MISAWA_AB,MISAWA_AB|FALCON_FEEDER,,2026-08,REQ-001,Facility,VERIFIED,True,2026-09-05,2026-09-08,2026-09-10,2026-09-10,True,,,,,,False,,,False,,False,,NOT_DUE,4,Facility,False
2026-08|MISAWA_AB|FALCON_FEEDER|REQ-003,MISAWA_AB|MISAWA_AB|FALCON_FEEDER|2026-08|SF1080,PORTFOLIO 1,MISAWA_AB,MISAWA_AB|FALCON_FEEDER,,2026-08,REQ-003,Facility,VERIFIED,True,2026-09-05,2026-09-08,2026-09-10,2026-09-10,True,,,,,,False,,,False,,False,,NOT_DUE,4,Facility,False
2026-08|MISAWA_AB|FALCON_FEEDER|REQ-004,MISAWA_AB|MISAWA_AB|FALCON_FEEDER|2026-08|SAIIT,PORTFOLIO 1,MISAWA_AB,MISAWA_AB|FALCON_FEEDER,,2026-08,REQ-004,Facility,VERIFIED,True,2026-09-05,2026-09-08,2026-09-10,2026-09-10,True,,,,,,False,,,False,,False,,NOT_DUE,4,Facility,False
2026-08|MISAWA_AB|FALCON_FEEDER|REQ-005,MISAWA_AB|MISAWA_AB|FALCON_FEEDER|2026-08|GPC,PORTFOLIO 1,MISAWA_AB,MISAWA_AB|FALCON_FEEDER,,2026-08,REQ-005,Facility,VERIFIED,True,2026-09-05,2026-09-08,2026-09-10,2026-09-10,True,,,,,,False,,,False,,False,,NOT_DUE,4,Facility,False
2026-08|MISAWA_AB|GRISSOM|REQ-001,MISAWA_AB|MISAWA_AB|GRISSOM|2026-08|1119,PORTFOLIO 1,MISAWA_AB,MISAWA_AB|GRISSOM,,2026-08,REQ-001,Facility,VERIFIED,True,2026-09-05,2026-09-08,2026-09-10,2026-09-10,True,,,,,,False,,,False,,False,,NOT_DUE,4,Facility,False
2026-08|MISAWA_AB|GRISSOM|REQ-003,MISAWA_AB|MISAWA_AB|GRISSOM|2026-08|SF1080,PORTFOLIO 1,MISAWA_AB,MISAWA_AB|GRISSOM,,2026-08,REQ-003,Facility,VERIFIED,True,2026-09-05,2026-09-08,2026-09-10,2026-09-10,True,,,,,,False,,,False,,False,,NOT_DUE,4,Facility,False
2026-08|MISAWA_AB|GRISSOM|REQ-004,MISAWA_AB|MISAWA_AB|GRISSOM|2026-08|SAIIT,PORTFOLIO 1,MISAWA_AB,MISAWA_AB|GRISSOM,,2026-08,REQ-004,Facility,VERIFIED,True,2026-09-05,2026-09-08,2026-09-10,2026-09-10,True,,,,,,False,,,False,,False,,NOT_DUE,4,Facility,False
2026-08|MISAWA_AB|GRISSOM|REQ-005,MISAWA_AB|MISAWA_AB|GRISSOM|2026-08|GPC,PORTFOLIO 1,MISAWA_AB,MISAWA_AB|GRISSOM,,2026-08,REQ-005,Facility,VERIFIED,True,2026-09-05,2026-09-08,2026-09-10,2026-09-10,True,,,,,,False,,,False,,False,,NOT_DUE,4,Facility,False
2026-08|MOODY_AFB|GEORGIA_PINES|REQ-001,MOODY_AFB|MOODY_AFB|GEORGIA_PINES|2026-08|1119,PORTFOLIO 4,MOODY_AFB,MOODY_AFB|GEORGIA_PINES,,2026-08,REQ-001,Facility,VERIFIED,True,2026-09-05,2026-09-08,2026-09-10,2026-09-10,True,,,,,,False,,,False,,False,,NOT_DUE,4,Facility,False
2026-08|MOODY_AFB|GEORGIA_PINES|REQ-003,MOODY_AFB|MOODY_AFB|GEORGIA_PINES|2026-08|SF1080,PORTFOLIO 4,MOODY_AFB,MOODY_AFB|GEORGIA_PINES,,2026-08,REQ-003,Facility,VERIFIED,True,2026-09-05,2026-09-08,2026-09-10,2026-09-10,True,,,,,,False,,,False,,False,,NOT_DUE,4,Facility,False
2026-08|MOODY_AFB|GEORGIA_PINES|REQ-004,MOODY_AFB|MOODY_AFB|GEORGIA_PINES|2026-08|SAIIT,PORTFOLIO 4,MOODY_AFB,MOODY_AFB|GEORGIA_PINES,,2026-08,REQ-004,Facility,VERIFIED,True,2026-09-05,2026-09-08,2026-09-10,2026-09-10,True,,,,,,False,,,False,,False,,NOT_DUE,4,Facility,False
2026-08|MOODY_AFB|GEORGIA_PINES|REQ-005,MOODY_AFB|MOODY_AFB|GEORGIA_PINES|2026-08|GPC,PORTFOLIO 4,MOODY_AFB,MOODY_AFB|GEORGIA_PINES,,2026-08,REQ-005,Facility,VERIFIED,True,2026-09-05,2026-09-08,2026-09-10,2026-09-10,True,,,,,,False,,,False,,False,,NOT_DUE,4,Facility,False
2026-08|MORON_AB|EL_COMEDOR|REQ-001,MORON_AB|MORON_AB|EL_COMEDOR|2026-08|1119,PORTFOLIO 4,MORON_AB,MORON_AB|EL_COMEDOR,,2026-08,REQ-001,Facility,VERIFIED,True,2026-09-05,2026-09-08,2026-09-10,2026-09-10,True,,,,,,False,,,False,,False,,NOT_DUE,4,Facility,False
2026-08|MORON_AB|EL_COMEDOR|REQ-003,MORON_AB|MORON_AB|EL_COMEDOR|2026-08|SF1080,PORTFOLIO 4,MORON_AB,MORON_AB|EL_COMEDOR,,2026-08,REQ-003,Facility,VERIFIED,True,2026-09-05,2026-09-08,2026-09-10,2026-09-10,True,,,,,,False,,,False,,False,,NOT_DUE,4,Facility,False
2026-08|MORON_AB|EL_COMEDOR|REQ-004,MORON_AB|MORON_AB|EL_COMEDOR|2026-08|SAIIT,PORTFOLIO 4,MORON_AB,MORON_AB|EL_COMEDOR,,2026-08,REQ-004,Facility,VERIFIED,True,2026-09-05,2026-09-08,2026-09-10,2026-09-10,True,,,,,,False,,,False,,False,,NOT_DUE,4,Facility,False
2026-08|MORON_AB|EL_COMEDOR|REQ-005,MORON_AB|MORON_AB|EL_COMEDOR|2026-08|GPC,PORTFOLIO 4,MORON_AB,MORON_AB|EL_COMEDOR,,2026-08,REQ-005,Facility,VERIFIED,True,2026-09-05,2026-09-08,2026-09-10,2026-09-10,True,,,,,,False,,,False,,False,,NOT_DUE,4,Facility,False
2026-08|MOUNTAIN_HOME_AFB|WAGON_WHEEL|REQ-001,MOUNTAIN_HOME_AFB|MOUNTAIN_HOME_AFB|WAGON_WHEEL|2026-08|1119,PORTFOLIO 3,MOUNTAIN_HOME_AFB,MOUNTAIN_HOME_AFB|WAGON_WHEEL,,2026-08,REQ-001,Facility,VERIFIED,True,2026-09-05,2026-09-08,2026-09-10,2026-09-10,True,,,,,,False,,,False,,False,,NOT_DUE,4,Facility,False
2026-08|MOUNTAIN_HOME_AFB|WAGON_WHEEL|REQ-003,MOUNTAIN_HOME_AFB|MOUNTAIN_HOME_AFB|WAGON_WHEEL|2026-08|SF1080,PORTFOLIO 3,MOUNTAIN_HOME_AFB,MOUNTAIN_HOME_AFB|WAGON_WHEEL,,2026-08,REQ-003,Facility,VERIFIED,True,2026-09-05,2026-09-08,2026-09-10,2026-09-10,True,,,,,,False,,,False,,False,,NOT_DUE,4,Facility,False
2026-08|MOUNTAIN_HOME_AFB|WAGON_WHEEL|REQ-004,MOUNTAIN_HOME_AFB|MOUNTAIN_HOME_AFB|WAGON_WHEEL|2026-08|SAIIT,PORTFOLIO 3,MOUNTAIN_HOME_AFB,MOUNTAIN_HOME_AFB|WAGON_WHEEL,,2026-08,REQ-004,Facility,VERIFIED,True,2026-09-05,2026-09-08,2026-09-10,2026-09-10,True,,,,,,False,,,False,,False,,NOT_DUE,4,Facility,False
2026-08|MOUNTAIN_HOME_AFB|WAGON_WHEEL|REQ-005,MOUNTAIN_HOME_AFB|MOUNTAIN_HOME_AFB|WAGON_WHEEL|2026-08|GPC,PORTFOLIO 3,MOUNTAIN_HOME_AFB,MOUNTAIN_HOME_AFB|WAGON_WHEEL,,2026-08,REQ-005,Facility,VERIFIED,True,2026-09-05,2026-09-08,2026-09-10,2026-09-10,True,,,,,,False,,,False,,False,,NOT_DUE,4,Facility,False
2026-08|OSAN_AB|GINKGO_TREE|REQ-001,OSAN_AB|OSAN_AB|GINKGO_TREE|2026-08|1119,PORTFOLIO 1,OSAN_AB,OSAN_AB|GINKGO_TREE,,2026-08,REQ-001,Facility,VERIFIED,True,2026-09-05,2026-09-08,2026-09-10,2026-09-10,True,,,,,,False,,,False,,False,,NOT_DUE,4,Facility,False
2026-08|OSAN_AB|GINKGO_TREE|REQ-003,OSAN_AB|OSAN_AB|GINKGO_TREE|2026-08|SF1080,PORTFOLIO 1,OSAN_AB,OSAN_AB|GINKGO_TREE,,2026-08,REQ-003,Facility,VERIFIED,True,2026-09-05,2026-09-08,2026-09-10,2026-09-10,True,,,,,,False,,,False,,False,,NOT_DUE,4,Facility,False
2026-08|OSAN_AB|GINKGO_TREE|REQ-004,OSAN_AB|OSAN_AB|GINKGO_TREE|2026-08|SAIIT,PORTFOLIO 1,OSAN_AB,OSAN_AB|GINKGO_TREE,,2026-08,REQ-004,Facility,VERIFIED,True,2026-09-05,2026-09-08,2026-09-10,2026-09-10,True,,,,,,False,,,False,,False,,NOT_DUE,4,Facility,False
2026-08|OSAN_AB|GINKGO_TREE|REQ-005,OSAN_AB|OSAN_AB|GINKGO_TREE|2026-08|GPC,PORTFOLIO 1,OSAN_AB,OSAN_AB|GINKGO_TREE,,2026-08,REQ-005,Facility,VERIFIED,True,2026-09-05,2026-09-08,2026-09-10,2026-09-10,True,,,,,,False,,,False,,False,,NOT_DUE,4,Facility,False
2026-08|OSAN_AB|PACIFIC_HOUSE|REQ-001,OSAN_AB|OSAN_AB|PACIFIC_HOUSE|2026-08|1119,PORTFOLIO 1,OSAN_AB,OSAN_AB|PACIFIC_HOUSE,,2026-08,REQ-001,Facility,VERIFIED,True,2026-09-05,2026-09-08,2026-09-10,2026-09-10,True,,,,,,False,,,False,,False,,NOT_DUE,4,Facility,False
2026-08|OSAN_AB|PACIFIC_HOUSE|REQ-003,OSAN_AB|OSAN_AB|PACIFIC_HOUSE|2026-08|SF1080,PORTFOLIO 1,OSAN_AB,OSAN_AB|PACIFIC_HOUSE,,2026-08,REQ-003,Facility,VERIFIED,True,2026-09-05,2026-09-08,2026-09-10,2026-09-10,True,,,,,,False,,,False,,False,,NOT_DUE,4,Facility,False
2026-08|OSAN_AB|PACIFIC_HOUSE|REQ-004,OSAN_AB|OSAN_AB|PACIFIC_HOUSE|2026-08|SAIIT,PORTFOLIO 1,OSAN_AB,OSAN_AB|PACIFIC_HOUSE,,2026-08,REQ-004,Facility,VERIFIED,True,2026-09-05,2026-09-08,2026-09-10,2026-09-10,True,,,,,,False,,,False,,False,,NOT_DUE,4,Facility,False
2026-08|OSAN_AB|PACIFIC_HOUSE|REQ-005,OSAN_AB|OSAN_AB|PACIFIC_HOUSE|2026-08|GPC,PORTFOLIO 1,OSAN_AB,OSAN_AB|PACIFIC_HOUSE,,2026-08,REQ-005,Facility,VERIFIED,True,2026-09-05,2026-09-08,2026-09-10,2026-09-10,True,,,,,,False,,,False,,False,,NOT_DUE,4,Facility,False
2026-08|RAF_LAKENHEATH|KNIGHTS_TABLE|REQ-001,RAF_LAKENHEATH|RAF_LAKENHEATH|KNIGHTS_TABLE|2026-08|1119,PORTFOLIO 4,RAF_LAKENHEATH,RAF_LAKENHEATH|KNIGHTS_TABLE,,2026-08,REQ-001,Facility,VERIFIED,True,2026-09-05,2026-09-08,2026-09-10,2026-09-10,True,,,,,,False,,,False,,False,,NOT_DUE,4,Facility,False
2026-08|RAF_LAKENHEATH|KNIGHTS_TABLE|REQ-003,RAF_LAKENHEATH|RAF_LAKENHEATH|KNIGHTS_TABLE|2026-08|SF1080,PORTFOLIO 4,RAF_LAKENHEATH,RAF_LAKENHEATH|KNIGHTS_TABLE,,2026-08,REQ-003,Facility,VERIFIED,True,2026-09-05,2026-09-08,2026-09-10,2026-09-10,True,,,,,,False,,,False,,False,,NOT_DUE,4,Facility,False
2026-08|RAF_LAKENHEATH|KNIGHTS_TABLE|REQ-004,RAF_LAKENHEATH|RAF_LAKENHEATH|KNIGHTS_TABLE|2026-08|SAIIT,PORTFOLIO 4,RAF_LAKENHEATH,RAF_LAKENHEATH|KNIGHTS_TABLE,,2026-08,REQ-004,Facility,VERIFIED,True,2026-09-05,2026-09-08,2026-09-10,2026-09-10,True,,,,,,False,,,False,,False,,NOT_DUE,4,Facility,False
2026-08|RAF_LAKENHEATH|KNIGHTS_TABLE|REQ-005,RAF_LAKENHEATH|RAF_LAKENHEATH|KNIGHTS_TABLE|2026-08|GPC,PORTFOLIO 4,RAF_LAKENHEATH,RAF_LAKENHEATH|KNIGHTS_TABLE,,2026-08,REQ-005,Facility,VERIFIED,True,2026-09-05,2026-09-08,2026-09-10,2026-09-10,True,,,,,,False,,,False,,False,,NOT_DUE,4,Facility,False
2026-08|RAMSTEIN_AB|JAWBONE_FK|REQ-001,RAMSTEIN_AB|RAMSTEIN_AB|JAWBONE_FK|2026-08|1119,PORTFOLIO 4,RAMSTEIN_AB,RAMSTEIN_AB|JAWBONE_FK,,2026-08,REQ-001,Facility,VERIFIED,True,2026-09-05,2026-09-08,2026-09-10,2026-09-10,True,,,,,,False,,,False,,False,,NOT_DUE,4,Facility,False
2026-08|RAMSTEIN_AB|JAWBONE_FK|REQ-003,RAMSTEIN_AB|RAMSTEIN_AB|JAWBONE_FK|2026-08|SF1080,PORTFOLIO 4,RAMSTEIN_AB,RAMSTEIN_AB|JAWBONE_FK,,2026-08,REQ-003,Facility,VERIFIED,True,2026-09-05,2026-09-08,2026-09-10,2026-09-10,True,,,,,,False,,,False,,False,,NOT_DUE,4,Facility,False
2026-08|RAMSTEIN_AB|JAWBONE_FK|REQ-004,RAMSTEIN_AB|RAMSTEIN_AB|JAWBONE_FK|2026-08|SAIIT,PORTFOLIO 4,RAMSTEIN_AB,RAMSTEIN_AB|JAWBONE_FK,,2026-08,REQ-004,Facility,VERIFIED,True,2026-09-05,2026-09-08,2026-09-10,2026-09-10,True,,,,,,False,,,False,,False,,NOT_DUE,4,Facility,False
2026-08|RAMSTEIN_AB|JAWBONE_FK|REQ-005,RAMSTEIN_AB|RAMSTEIN_AB|JAWBONE_FK|2026-08|GPC,PORTFOLIO 4,RAMSTEIN_AB,RAMSTEIN_AB|JAWBONE_FK,,2026-08,REQ-005,Facility,VERIFIED,True,2026-09-05,2026-09-08,2026-09-10,2026-09-10,True,,,,,,False,,,False,,False,,NOT_DUE,4,Facility,False
2026-08|RAMSTEIN_AB|LINDBERGHOF|REQ-001,RAMSTEIN_AB|RAMSTEIN_AB|LINDBERGHOF|2026-08|1119,PORTFOLIO 4,RAMSTEIN_AB,RAMSTEIN_AB|LINDBERGHOF,,2026-08,REQ-001,Facility,VERIFIED,True,2026-09-05,2026-09-08,2026-09-10,2026-09-10,True,,,,,,False,,,False,,False,,NOT_DUE,4,Facility,False
2026-08|RAMSTEIN_AB|LINDBERGHOF|REQ-003,RAMSTEIN_AB|RAMSTEIN_AB|LINDBERGHOF|2026-08|SF1080,PORTFOLIO 4,RAMSTEIN_AB,RAMSTEIN_AB|LINDBERGHOF,,2026-08,REQ-003,Facility,VERIFIED,True,2026-09-05,2026-09-08,2026-09-10,2026-09-10,True,,,,,,False,,,False,,False,,NOT_DUE,4,Facility,False
2026-08|RAMSTEIN_AB|LINDBERGHOF|REQ-004,RAMSTEIN_AB|RAMSTEIN_AB|LINDBERGHOF|2026-08|SAIIT,PORTFOLIO 4,RAMSTEIN_AB,RAMSTEIN_AB|LINDBERGHOF,,2026-08,REQ-004,Facility,VERIFIED,True,2026-09-05,2026-09-08,2026-09-10,2026-09-10,True,,,,,,False,,,False,,False,,NOT_DUE,4,Facility,False
2026-08|RAMSTEIN_AB|LINDBERGHOF|REQ-005,RAMSTEIN_AB|RAMSTEIN_AB|LINDBERGHOF|2026-08|GPC,PORTFOLIO 4,RAMSTEIN_AB,RAMSTEIN_AB|LINDBERGHOF,,2026-08,REQ-005,Facility,VERIFIED,True,2026-09-05,2026-09-08,2026-09-10,2026-09-10,True,,,,,,False,,,False,,False,,NOT_DUE,4,Facility,False
2026-08|RAMSTEIN_AB|RHEINLAND_INN|REQ-001,RAMSTEIN_AB|RAMSTEIN_AB|RHEINLAND_INN|2026-08|1119,PORTFOLIO 4,RAMSTEIN_AB,RAMSTEIN_AB|RHEINLAND_INN,,2026-08,REQ-001,Facility,VERIFIED,True,2026-09-05,2026-09-08,2026-09-10,2026-09-10,True,,,,,,False,,,False,,False,,NOT_DUE,4,Facility,False
2026-08|RAMSTEIN_AB|RHEINLAND_INN|REQ-003,RAMSTEIN_AB|RAMSTEIN_AB|RHEINLAND_INN|2026-08|SF1080,PORTFOLIO 4,RAMSTEIN_AB,RAMSTEIN_AB|RHEINLAND_INN,,2026-08,REQ-003,Facility,VERIFIED,True,2026-09-05,2026-09-08,2026-09-10,2026-09-10,True,,,,,,False,,,False,,False,,NOT_DUE,4,Facility,False
2026-08|RAMSTEIN_AB|RHEINLAND_INN|REQ-004,RAMSTEIN_AB|RAMSTEIN_AB|RHEINLAND_INN|2026-08|SAIIT,PORTFOLIO 4,RAMSTEIN_AB,RAMSTEIN_AB|RHEINLAND_INN,,2026-08,REQ-004,Facility,VERIFIED,True,2026-09-05,2026-09-08,2026-09-10,2026-09-10,True,,,,,,False,,,False,,False,,NOT_DUE,4,Facility,False
2026-08|RAMSTEIN_AB|RHEINLAND_INN|REQ-005,RAMSTEIN_AB|RAMSTEIN_AB|RHEINLAND_INN|2026-08|GPC,PORTFOLIO 4,RAMSTEIN_AB,RAMSTEIN_AB|RHEINLAND_INN,,2026-08,REQ-005,Facility,VERIFIED,True,2026-09-05,2026-09-08,2026-09-10,2026-09-10,True,,,,,,False,,,False,,False,,NOT_DUE,4,Facility,False
2026-08|RAMSTEIN_AB|SILVER_FLAG|REQ-001,RAMSTEIN_AB|RAMSTEIN_AB|SILVER_FLAG|2026-08|1119,PORTFOLIO 4,RAMSTEIN_AB,RAMSTEIN_AB|SILVER_FLAG,,2026-08,REQ-001,Facility,VERIFIED,True,2026-09-05,2026-09-08,2026-09-10,2026-09-10,True,,,,,,False,,,False,,False,,NOT_DUE,4,Facility,False
2026-08|RAMSTEIN_AB|SILVER_FLAG|REQ-003,RAMSTEIN_AB|RAMSTEIN_AB|SILVER_FLAG|2026-08|SF1080,PORTFOLIO 4,RAMSTEIN_AB,RAMSTEIN_AB|SILVER_FLAG,,2026-08,REQ-003,Facility,VERIFIED,True,2026-09-05,2026-09-08,2026-09-10,2026-09-10,True,,,,,,False,,,False,,False,,NOT_DUE,4,Facility,False
2026-08|RAMSTEIN_AB|SILVER_FLAG|REQ-004,RAMSTEIN_AB|RAMSTEIN_AB|SILVER_FLAG|2026-08|SAIIT,PORTFOLIO 4,RAMSTEIN_AB,RAMSTEIN_AB|SILVER_FLAG,,2026-08,REQ-004,Facility,VERIFIED,True,2026-09-05,2026-09-08,2026-09-10,2026-09-10,True,,,,,,False,,,False,,False,,NOT_DUE,4,Facility,False
2026-08|RAMSTEIN_AB|SILVER_FLAG|REQ-005,RAMSTEIN_AB|RAMSTEIN_AB|SILVER_FLAG|2026-08|GPC,PORTFOLIO 4,RAMSTEIN_AB,RAMSTEIN_AB|SILVER_FLAG,,2026-08,REQ-005,Facility,VERIFIED,True,2026-09-05,2026-09-08,2026-09-10,2026-09-10,True,,,,,,False,,,False,,False,,NOT_DUE,4,Facility,False
2026-08|ROBINS_AFB|WYNN|REQ-001,ROBINS_AFB|ROBINS_AFB|WYNN|2026-08|1119,PORTFOLIO 4,ROBINS_AFB,ROBINS_AFB|WYNN,,2026-08,REQ-001,Facility,VERIFIED,True,2026-09-05,2026-09-08,2026-09-10,2026-09-10,True,,,,,,False,,,False,,False,,NOT_DUE,4,Facility,False
2026-08|ROBINS_AFB|WYNN|REQ-003,ROBINS_AFB|ROBINS_AFB|WYNN|2026-08|SF1080,PORTFOLIO 4,ROBINS_AFB,ROBINS_AFB|WYNN,,2026-08,REQ-003,Facility,VERIFIED,True,2026-09-05,2026-09-08,2026-09-10,2026-09-10,True,,,,,,False,,,False,,False,,NOT_DUE,4,Facility,False
2026-08|ROBINS_AFB|WYNN|REQ-004,ROBINS_AFB|ROBINS_AFB|WYNN|2026-08|SAIIT,PORTFOLIO 4,ROBINS_AFB,ROBINS_AFB|WYNN,,2026-08,REQ-004,Facility,VERIFIED,True,2026-09-05,2026-09-08,2026-09-10,2026-09-10,True,,,,,,False,,,False,,False,,NOT_DUE,4,Facility,False
2026-08|ROBINS_AFB|WYNN|REQ-005,ROBINS_AFB|ROBINS_AFB|WYNN|2026-08|GPC,PORTFOLIO 4,ROBINS_AFB,ROBINS_AFB|WYNN,,2026-08,REQ-005,Facility,VERIFIED,True,2026-09-05,2026-09-08,2026-09-10,2026-09-10,True,,,,,,False,,,False,,False,,NOT_DUE,4,Facility,False
2026-08|SCHRIEVER_SFB|SATELLITE_DISH|REQ-001,SCHRIEVER_SFB|SCHRIEVER_SFB|SATELLITE_DISH|2026-08|1119,PORTFOLIO 3,SCHRIEVER_SFB,SCHRIEVER_SFB|SATELLITE_DISH,,2026-08,REQ-001,Facility,VERIFIED,True,2026-09-05,2026-09-08,2026-09-10,2026-09-10,True,,,,,,False,,,False,,False,,NOT_DUE,4,Facility,False
2026-08|SCHRIEVER_SFB|SATELLITE_DISH|REQ-003,SCHRIEVER_SFB|SCHRIEVER_SFB|SATELLITE_DISH|2026-08|SF1080,PORTFOLIO 3,SCHRIEVER_SFB,SCHRIEVER_SFB|SATELLITE_DISH,,2026-08,REQ-003,Facility,VERIFIED,True,2026-09-05,2026-09-08,2026-09-10,2026-09-10,True,,,,,,False,,,False,,False,,NOT_DUE,4,Facility,False
2026-08|SCHRIEVER_SFB|SATELLITE_DISH|REQ-004,SCHRIEVER_SFB|SCHRIEVER_SFB|SATELLITE_DISH|2026-08|SAIIT,PORTFOLIO 3,SCHRIEVER_SFB,SCHRIEVER_SFB|SATELLITE_DISH,,2026-08,REQ-004,Facility,VERIFIED,True,2026-09-05,2026-09-08,2026-09-10,2026-09-10,True,,,,,,False,,,False,,False,,NOT_DUE,4,Facility,False
2026-08|SCHRIEVER_SFB|SATELLITE_DISH|REQ-005,SCHRIEVER_SFB|SCHRIEVER_SFB|SATELLITE_DISH|2026-08|GPC,PORTFOLIO 3,SCHRIEVER_SFB,SCHRIEVER_SFB|SATELLITE_DISH,,2026-08,REQ-005,Facility,VERIFIED,True,2026-09-05,2026-09-08,2026-09-10,2026-09-10,True,,,,,,False,,,False,,False,,NOT_DUE,4,Facility,False
2026-08|SHEPPARD_AFB|MESQUITE|REQ-001,SHEPPARD_AFB|SHEPPARD_AFB|MESQUITE|2026-08|1119,PORTFOLIO 2,SHEPPARD_AFB,SHEPPARD_AFB|MESQUITE,,2026-08,REQ-001,Facility,VERIFIED,True,2026-09-05,2026-09-08,2026-09-10,2026-09-10,True,,,,,,False,,,False,,False,,NOT_DUE,4,Facility,False
2026-08|SHEPPARD_AFB|MESQUITE|REQ-003,SHEPPARD_AFB|SHEPPARD_AFB|MESQUITE|2026-08|SF1080,PORTFOLIO 2,SHEPPARD_AFB,SHEPPARD_AFB|MESQUITE,,2026-08,REQ-003,Facility,VERIFIED,True,2026-09-05,2026-09-08,2026-09-10,2026-09-10,True,,,,,,False,,,False,,False,,NOT_DUE,4,Facility,False
2026-08|SHEPPARD_AFB|MESQUITE|REQ-004,SHEPPARD_AFB|SHEPPARD_AFB|MESQUITE|2026-08|SAIIT,PORTFOLIO 2,SHEPPARD_AFB,SHEPPARD_AFB|MESQUITE,,2026-08,REQ-004,Facility,VERIFIED,True,2026-09-05,2026-09-08,2026-09-10,2026-09-10,True,,,,,,False,,,False,,False,,NOT_DUE,4,Facility,False
2026-08|SHEPPARD_AFB|MESQUITE|REQ-005,SHEPPARD_AFB|SHEPPARD_AFB|MESQUITE|2026-08|GPC,PORTFOLIO 2,SHEPPARD_AFB,SHEPPARD_AFB|MESQUITE,,2026-08,REQ-005,Facility,VERIFIED,True,2026-09-05,2026-09-08,2026-09-10,2026-09-10,True,,,,,,False,,,False,,False,,NOT_DUE,4,Facility,False
2026-08|SHEPPARD_AFB|SAGEBRUSH|REQ-001,SHEPPARD_AFB|SHEPPARD_AFB|SAGEBRUSH|2026-08|1119,PORTFOLIO 2,SHEPPARD_AFB,SHEPPARD_AFB|SAGEBRUSH,,2026-08,REQ-001,Facility,VERIFIED,True,2026-09-05,2026-09-08,2026-09-10,2026-09-10,True,,,,,,False,,,False,,False,,NOT_DUE,4,Facility,False
2026-08|SHEPPARD_AFB|SAGEBRUSH|REQ-003,SHEPPARD_AFB|SHEPPARD_AFB|SAGEBRUSH|2026-08|SF1080,PORTFOLIO 2,SHEPPARD_AFB,SHEPPARD_AFB|SAGEBRUSH,,2026-08,REQ-003,Facility,VERIFIED,True,2026-09-05,2026-09-08,2026-09-10,2026-09-10,True,,,,,,False,,,False,,False,,NOT_DUE,4,Facility,False
2026-08|SHEPPARD_AFB|SAGEBRUSH|REQ-004,SHEPPARD_AFB|SHEPPARD_AFB|SAGEBRUSH|2026-08|SAIIT,PORTFOLIO 2,SHEPPARD_AFB,SHEPPARD_AFB|SAGEBRUSH,,2026-08,REQ-004,Facility,VERIFIED,True,2026-09-05,2026-09-08,2026-09-10,2026-09-10,True,,,,,,False,,,False,,False,,NOT_DUE,4,Facility,False
2026-08|SHEPPARD_AFB|SAGEBRUSH|REQ-005,SHEPPARD_AFB|SHEPPARD_AFB|SAGEBRUSH|2026-08|GPC,PORTFOLIO 2,SHEPPARD_AFB,SHEPPARD_AFB|SAGEBRUSH,,2026-08,REQ-005,Facility,VERIFIED,True,2026-09-05,2026-09-08,2026-09-10,2026-09-10,True,,,,,,False,,,False,,False,,NOT_DUE,4,Facility,False
2026-08|SHEPPARD_AFB|TUMBLEWEED|REQ-001,SHEPPARD_AFB|SHEPPARD_AFB|TUMBLEWEED|2026-08|1119,PORTFOLIO 2,SHEPPARD_AFB,SHEPPARD_AFB|TUMBLEWEED,,2026-08,REQ-001,Facility,VERIFIED,True,2026-09-05,2026-09-08,2026-09-10,2026-09-10,True,,,,,,False,,,False,,False,,NOT_DUE,4,Facility,False
2026-08|SHEPPARD_AFB|TUMBLEWEED|REQ-003,SHEPPARD_AFB|SHEPPARD_AFB|TUMBLEWEED|2026-08|SF1080,PORTFOLIO 2,SHEPPARD_AFB,SHEPPARD_AFB|TUMBLEWEED,,2026-08,REQ-003,Facility,VERIFIED,True,2026-09-05,2026-09-08,2026-09-10,2026-09-10,True,,,,,,False,,,False,,False,,NOT_DUE,4,Facility,False
2026-08|SHEPPARD_AFB|TUMBLEWEED|REQ-004,SHEPPARD_AFB|SHEPPARD_AFB|TUMBLEWEED|2026-08|SAIIT,PORTFOLIO 2,SHEPPARD_AFB,SHEPPARD_AFB|TUMBLEWEED,,2026-08,REQ-004,Facility,VERIFIED,True,2026-09-05,2026-09-08,2026-09-10,2026-09-10,True,,,,,,False,,,False,,False,,NOT_DUE,4,Facility,False
2026-08|SHEPPARD_AFB|TUMBLEWEED|REQ-005,SHEPPARD_AFB|SHEPPARD_AFB|TUMBLEWEED|2026-08|GPC,PORTFOLIO 2,SHEPPARD_AFB,SHEPPARD_AFB|TUMBLEWEED,,2026-08,REQ-005,Facility,VERIFIED,True,2026-09-05,2026-09-08,2026-09-10,2026-09-10,True,,,,,,False,,,False,,False,,NOT_DUE,4,Facility,False
2026-08|SPANGDAHLEM_AB|FK|REQ-001,SPANGDAHLEM_AB|SPANGDAHLEM_AB|FK|2026-08|1119,PORTFOLIO 4,SPANGDAHLEM_AB,SPANGDAHLEM_AB|FK,,2026-08,REQ-001,Facility,VERIFIED,True,2026-09-05,2026-09-08,2026-09-10,2026-09-10,True,,,,,,False,,,False,,False,,NOT_DUE,4,Facility,False
2026-08|SPANGDAHLEM_AB|FK|REQ-003,SPANGDAHLEM_AB|SPANGDAHLEM_AB|FK|2026-08|SF1080,PORTFOLIO 4,SPANGDAHLEM_AB,SPANGDAHLEM_AB|FK,,2026-08,REQ-003,Facility,VERIFIED,True,2026-09-05,2026-09-08,2026-09-10,2026-09-10,True,,,,,,False,,,False,,False,,NOT_DUE,4,Facility,False
2026-08|SPANGDAHLEM_AB|FK|REQ-004,SPANGDAHLEM_AB|SPANGDAHLEM_AB|FK|2026-08|SAIIT,PORTFOLIO 4,SPANGDAHLEM_AB,SPANGDAHLEM_AB|FK,,2026-08,REQ-004,Facility,VERIFIED,True,2026-09-05,2026-09-08,2026-09-10,2026-09-10,True,,,,,,False,,,False,,False,,NOT_DUE,4,Facility,False
2026-08|SPANGDAHLEM_AB|FK|REQ-005,SPANGDAHLEM_AB|SPANGDAHLEM_AB|FK|2026-08|GPC,PORTFOLIO 4,SPANGDAHLEM_AB,SPANGDAHLEM_AB|FK,,2026-08,REQ-005,Facility,VERIFIED,True,2026-09-05,2026-09-08,2026-09-10,2026-09-10,True,,,,,,False,,,False,,False,,NOT_DUE,4,Facility,False
2026-08|SPANGDAHLEM_AB|MOSEL_INN|REQ-001,SPANGDAHLEM_AB|SPANGDAHLEM_AB|MOSEL_INN|2026-08|1119,PORTFOLIO 4,SPANGDAHLEM_AB,SPANGDAHLEM_AB|MOSEL_INN,,2026-08,REQ-001,Facility,VERIFIED,True,2026-09-05,2026-09-08,2026-09-10,2026-09-10,True,,,,,,False,,,False,,False,,NOT_DUE,4,Facility,False
2026-08|SPANGDAHLEM_AB|MOSEL_INN|REQ-003,SPANGDAHLEM_AB|SPANGDAHLEM_AB|MOSEL_INN|2026-08|SF1080,PORTFOLIO 4,SPANGDAHLEM_AB,SPANGDAHLEM_AB|MOSEL_INN,,2026-08,REQ-003,Facility,VERIFIED,True,2026-09-05,2026-09-08,2026-09-10,2026-09-10,True,,,,,,False,,,False,,False,,NOT_DUE,4,Facility,False
2026-08|SPANGDAHLEM_AB|MOSEL_INN|REQ-004,SPANGDAHLEM_AB|SPANGDAHLEM_AB|MOSEL_INN|2026-08|SAIIT,PORTFOLIO 4,SPANGDAHLEM_AB,SPANGDAHLEM_AB|MOSEL_INN,,2026-08,REQ-004,Facility,VERIFIED,True,2026-09-05,2026-09-08,2026-09-10,2026-09-10,True,,,,,,False,,,False,,False,,NOT_DUE,4,Facility,False
2026-08|SPANGDAHLEM_AB|MOSEL_INN|REQ-005,SPANGDAHLEM_AB|SPANGDAHLEM_AB|MOSEL_INN|2026-08|GPC,PORTFOLIO 4,SPANGDAHLEM_AB,SPANGDAHLEM_AB|MOSEL_INN,,2026-08,REQ-005,Facility,VERIFIED,True,2026-09-05,2026-09-08,2026-09-10,2026-09-10,True,,,,,,False,,,False,,False,,NOT_DUE,4,Facility,False
2026-08|TINKER_AFB|VANWEY|REQ-001,TINKER_AFB|TINKER_AFB|VANWEY|2026-08|1119,PORTFOLIO 2,TINKER_AFB,TINKER_AFB|VANWEY,,2026-08,REQ-001,Facility,VERIFIED,True,2026-09-05,2026-09-08,2026-09-10,2026-09-10,True,,,,,,False,,,False,,False,,NOT_DUE,4,Facility,False
2026-08|TINKER_AFB|VANWEY|REQ-003,TINKER_AFB|TINKER_AFB|VANWEY|2026-08|SF1080,PORTFOLIO 2,TINKER_AFB,TINKER_AFB|VANWEY,,2026-08,REQ-003,Facility,VERIFIED,True,2026-09-05,2026-09-08,2026-09-10,2026-09-10,True,,,,,,False,,,False,,False,,NOT_DUE,4,Facility,False
2026-08|TINKER_AFB|VANWEY|REQ-004,TINKER_AFB|TINKER_AFB|VANWEY|2026-08|SAIIT,PORTFOLIO 2,TINKER_AFB,TINKER_AFB|VANWEY,,2026-08,REQ-004,Facility,VERIFIED,True,2026-09-05,2026-09-08,2026-09-10,2026-09-10,True,,,,,,False,,,False,,False,,NOT_DUE,4,Facility,False
2026-08|TINKER_AFB|VANWEY|REQ-005,TINKER_AFB|TINKER_AFB|VANWEY|2026-08|GPC,PORTFOLIO 2,TINKER_AFB,TINKER_AFB|VANWEY,,2026-08,REQ-005,Facility,VERIFIED,True,2026-09-05,2026-09-08,2026-09-10,2026-09-10,True,,,,,,False,,,False,,False,,NOT_DUE,4,Facility,False
2026-08|TYNDALL_AFB|BERG_LILES|REQ-001,TYNDALL_AFB|TYNDALL_AFB|BERG_LILES|2026-08|1119,PORTFOLIO 4,TYNDALL_AFB,TYNDALL_AFB|BERG_LILES,,2026-08,REQ-001,Facility,VERIFIED,True,2026-09-05,2026-09-08,2026-09-10,2026-09-10,True,,,,,,False,,,False,,False,,NOT_DUE,4,Facility,False
2026-08|TYNDALL_AFB|BERG_LILES|REQ-003,TYNDALL_AFB|TYNDALL_AFB|BERG_LILES|2026-08|SF1080,PORTFOLIO 4,TYNDALL_AFB,TYNDALL_AFB|BERG_LILES,,2026-08,REQ-003,Facility,VERIFIED,True,2026-09-05,2026-09-08,2026-09-10,2026-09-10,True,,,,,,False,,,False,,False,,NOT_DUE,4,Facility,False
2026-08|TYNDALL_AFB|BERG_LILES|REQ-004,TYNDALL_AFB|TYNDALL_AFB|BERG_LILES|2026-08|SAIIT,PORTFOLIO 4,TYNDALL_AFB,TYNDALL_AFB|BERG_LILES,,2026-08,REQ-004,Facility,VERIFIED,True,2026-09-05,2026-09-08,2026-09-10,2026-09-10,True,,,,,,False,,,False,,False,,NOT_DUE,4,Facility,False
2026-08|TYNDALL_AFB|BERG_LILES|REQ-005,TYNDALL_AFB|TYNDALL_AFB|BERG_LILES|2026-08|GPC,PORTFOLIO 4,TYNDALL_AFB,TYNDALL_AFB|BERG_LILES,,2026-08,REQ-005,Facility,VERIFIED,True,2026-09-05,2026-09-08,2026-09-10,2026-09-10,True,,,,,,False,,,False,,False,,NOT_DUE,4,Facility,False
2026-08|TYNDALL_AFB|RAPTOR_QUICK_TURN|REQ-001,TYNDALL_AFB|TYNDALL_AFB|RAPTOR_QUICK_TURN|2026-08|1119,PORTFOLIO 4,TYNDALL_AFB,TYNDALL_AFB|RAPTOR_QUICK_TURN,,2026-08,REQ-001,Facility,VERIFIED,True,2026-09-05,2026-09-08,2026-09-10,2026-09-10,True,,,,,,False,,,False,,False,,NOT_DUE,4,Facility,False
2026-08|TYNDALL_AFB|RAPTOR_QUICK_TURN|REQ-003,TYNDALL_AFB|TYNDALL_AFB|RAPTOR_QUICK_TURN|2026-08|SF1080,PORTFOLIO 4,TYNDALL_AFB,TYNDALL_AFB|RAPTOR_QUICK_TURN,,2026-08,REQ-003,Facility,VERIFIED,True,2026-09-05,2026-09-08,2026-09-10,2026-09-10,True,,,,,,False,,,False,,False,,NOT_DUE,4,Facility,False
2026-08|TYNDALL_AFB|RAPTOR_QUICK_TURN|REQ-004,TYNDALL_AFB|TYNDALL_AFB|RAPTOR_QUICK_TURN|2026-08|SAIIT,PORTFOLIO 4,TYNDALL_AFB,TYNDALL_AFB|RAPTOR_QUICK_TURN,,2026-08,REQ-004,Facility,VERIFIED,True,2026-09-05,2026-09-08,2026-09-10,2026-09-10,True,,,,,,False,,,False,,False,,NOT_DUE,4,Facility,False
2026-08|TYNDALL_AFB|RAPTOR_QUICK_TURN|REQ-005,TYNDALL_AFB|TYNDALL_AFB|RAPTOR_QUICK_TURN|2026-08|GPC,PORTFOLIO 4,TYNDALL_AFB,TYNDALL_AFB|RAPTOR_QUICK_TURN,,2026-08,REQ-005,Facility,VERIFIED,True,2026-09-05,2026-09-08,2026-09-10,2026-09-10,True,,,,,,False,,,False,,False,,NOT_DUE,4,Facility,False
2026-08|TYNDALL_AFB|SILVER_FLAG|REQ-001,TYNDALL_AFB|TYNDALL_AFB|SILVER_FLAG|2026-08|1119,PORTFOLIO 4,TYNDALL_AFB,TYNDALL_AFB|SILVER_FLAG,,2026-08,REQ-001,Facility,VERIFIED,True,2026-09-05,2026-09-08,2026-09-10,2026-09-10,True,,,,,,False,,,False,,False,,NOT_DUE,4,Facility,False
2026-08|TYNDALL_AFB|SILVER_FLAG|REQ-003,TYNDALL_AFB|TYNDALL_AFB|SILVER_FLAG|2026-08|SF1080,PORTFOLIO 4,TYNDALL_AFB,TYNDALL_AFB|SILVER_FLAG,,2026-08,REQ-003,Facility,VERIFIED,True,2026-09-05,2026-09-08,2026-09-10,2026-09-10,True,,,,,,False,,,False,,False,,NOT_DUE,4,Facility,False
2026-08|TYNDALL_AFB|SILVER_FLAG|REQ-004,TYNDALL_AFB|TYNDALL_AFB|SILVER_FLAG|2026-08|SAIIT,PORTFOLIO 4,TYNDALL_AFB,TYNDALL_AFB|SILVER_FLAG,,2026-08,REQ-004,Facility,VERIFIED,True,2026-09-05,2026-09-08,2026-09-10,2026-09-10,True,,,,,,False,,,False,,False,,NOT_DUE,4,Facility,False
2026-08|TYNDALL_AFB|SILVER_FLAG|REQ-005,TYNDALL_AFB|TYNDALL_AFB|SILVER_FLAG|2026-08|GPC,PORTFOLIO 4,TYNDALL_AFB,TYNDALL_AFB|SILVER_FLAG,,2026-08,REQ-005,Facility,VERIFIED,True,2026-09-05,2026-09-08,2026-09-10,2026-09-10,True,,,,,,False,,,False,,False,,NOT_DUE,4,Facility,False
2026-08|USAF_ACADEMY|HIGH_COUNTRY_INN|REQ-001,USAF_ACADEMY|USAF_ACADEMY|HIGH_COUNTRY_INN|2026-08|1119,PORTFOLIO 3,USAF_ACADEMY,USAF_ACADEMY|HIGH_COUNTRY_INN,,2026-08,REQ-001,Facility,VERIFIED,True,2026-09-05,2026-09-08,2026-09-10,2026-09-10,True,,,,,,False,,,False,,False,,NOT_DUE,4,Facility,False
2026-08|USAF_ACADEMY|HIGH_COUNTRY_INN|REQ-003,USAF_ACADEMY|USAF_ACADEMY|HIGH_COUNTRY_INN|2026-08|SF1080,PORTFOLIO 3,USAF_ACADEMY,USAF_ACADEMY|HIGH_COUNTRY_INN,,2026-08,REQ-003,Facility,VERIFIED,True,2026-09-05,2026-09-08,2026-09-10,2026-09-10,True,,,,,,False,,,False,,False,,NOT_DUE,4,Facility,False
2026-08|USAF_ACADEMY|HIGH_COUNTRY_INN|REQ-004,USAF_ACADEMY|USAF_ACADEMY|HIGH_COUNTRY_INN|2026-08|SAIIT,PORTFOLIO 3,USAF_ACADEMY,USAF_ACADEMY|HIGH_COUNTRY_INN,,2026-08,REQ-004,Facility,VERIFIED,True,2026-09-05,2026-09-08,2026-09-10,2026-09-10,True,,,,,,False,,,False,,False,,NOT_DUE,4,Facility,False
2026-08|USAF_ACADEMY|HIGH_COUNTRY_INN|REQ-005,USAF_ACADEMY|USAF_ACADEMY|HIGH_COUNTRY_INN|2026-08|GPC,PORTFOLIO 3,USAF_ACADEMY,USAF_ACADEMY|HIGH_COUNTRY_INN,,2026-08,REQ-005,Facility,VERIFIED,True,2026-09-05,2026-09-08,2026-09-10,2026-09-10,True,,,,,,False,,,False,,False,,NOT_DUE,4,Facility,False
2026-08|VOLKEL_AB|EAGLE_S_PERCH|REQ-001,VOLKEL_AB|VOLKEL_AB|EAGLE_S_PERCH|2026-08|1119,PORTFOLIO 4,VOLKEL_AB,VOLKEL_AB|EAGLE_S_PERCH,,2026-08,REQ-001,Facility,VERIFIED,True,2026-09-05,2026-09-08,2026-09-10,2026-09-10,True,,,,,,False,,,False,,False,,NOT_DUE,4,Facility,False
2026-08|VOLKEL_AB|EAGLE_S_PERCH|REQ-003,VOLKEL_AB|VOLKEL_AB|EAGLE_S_PERCH|2026-08|SF1080,PORTFOLIO 4,VOLKEL_AB,VOLKEL_AB|EAGLE_S_PERCH,,2026-08,REQ-003,Facility,VERIFIED,True,2026-09-05,2026-09-08,2026-09-10,2026-09-10,True,,,,,,False,,,False,,False,,NOT_DUE,4,Facility,False
2026-08|VOLKEL_AB|EAGLE_S_PERCH|REQ-004,VOLKEL_AB|VOLKEL_AB|EAGLE_S_PERCH|2026-08|SAIIT,PORTFOLIO 4,VOLKEL_AB,VOLKEL_AB|EAGLE_S_PERCH,,2026-08,REQ-004,Facility,VERIFIED,True,2026-09-05,2026-09-08,2026-09-10,2026-09-10,True,,,,,,False,,,False,,False,,NOT_DUE,4,Facility,False
2026-08|VOLKEL_AB|EAGLE_S_PERCH|REQ-005,VOLKEL_AB|VOLKEL_AB|EAGLE_S_PERCH|2026-08|GPC,PORTFOLIO 4,VOLKEL_AB,VOLKEL_AB|EAGLE_S_PERCH,,2026-08,REQ-005,Facility,VERIFIED,True,2026-09-05,2026-09-08,2026-09-10,2026-09-10,True,,,,,,False,,,False,,False,,NOT_DUE,4,Facility,False
2026-08|WHITEMAN_AFB|OZARK_INN|REQ-001,WHITEMAN_AFB|WHITEMAN_AFB|OZARK_INN|2026-08|1119,PORTFOLIO 3,WHITEMAN_AFB,WHITEMAN_AFB|OZARK_INN,,2026-08,REQ-001,Facility,VERIFIED,True,2026-09-05,2026-09-08,2026-09-10,2026-09-10,True,,,,,,False,,,False,,False,,NOT_DUE,4,Facility,False
2026-08|WHITEMAN_AFB|OZARK_INN|REQ-003,WHITEMAN_AFB|WHITEMAN_AFB|OZARK_INN|2026-08|SF1080,PORTFOLIO 3,WHITEMAN_AFB,WHITEMAN_AFB|OZARK_INN,,2026-08,REQ-003,Facility,VERIFIED,True,2026-09-05,2026-09-08,2026-09-10,2026-09-10,True,,,,,,False,,,False,,False,,NOT_DUE,4,Facility,False
2026-08|WHITEMAN_AFB|OZARK_INN|REQ-004,WHITEMAN_AFB|WHITEMAN_AFB|OZARK_INN|2026-08|SAIIT,PORTFOLIO 3,WHITEMAN_AFB,WHITEMAN_AFB|OZARK_INN,,2026-08,REQ-004,Facility,VERIFIED,True,2026-09-05,2026-09-08,2026-09-10,2026-09-10,True,,,,,,False,,,False,,False,,NOT_DUE,4,Facility,False
2026-08|WHITEMAN_AFB|OZARK_INN|REQ-005,WHITEMAN_AFB|WHITEMAN_AFB|OZARK_INN|2026-08|GPC,PORTFOLIO 3,WHITEMAN_AFB,WHITEMAN_AFB|OZARK_INN,,2026-08,REQ-005,Facility,VERIFIED,True,2026-09-05,2026-09-08,2026-09-10,2026-09-10,True,,,,,,False,,,False,,False,,NOT_DUE,4,Facility,False
2026-08|WHITEMAN_AFB|TOUCH_GO|REQ-001,WHITEMAN_AFB|WHITEMAN_AFB|TOUCH_GO|2026-08|1119,PORTFOLIO 3,WHITEMAN_AFB,WHITEMAN_AFB|TOUCH_GO,,2026-08,REQ-001,Facility,VERIFIED,True,2026-09-05,2026-09-08,2026-09-10,2026-09-10,True,,,,,,False,,,False,,False,,NOT_DUE,4,Facility,False
2026-08|WHITEMAN_AFB|TOUCH_GO|REQ-003,WHITEMAN_AFB|WHITEMAN_AFB|TOUCH_GO|2026-08|SF1080,PORTFOLIO 3,WHITEMAN_AFB,WHITEMAN_AFB|TOUCH_GO,,2026-08,REQ-003,Facility,VERIFIED,True,2026-09-05,2026-09-08,2026-09-10,2026-09-10,True,,,,,,False,,,False,,False,,NOT_DUE,4,Facility,False
2026-08|WHITEMAN_AFB|TOUCH_GO|REQ-004,WHITEMAN_AFB|WHITEMAN_AFB|TOUCH_GO|2026-08|SAIIT,PORTFOLIO 3,WHITEMAN_AFB,WHITEMAN_AFB|TOUCH_GO,,2026-08,REQ-004,Facility,VERIFIED,True,2026-09-05,2026-09-08,2026-09-10,2026-09-10,True,,,,,,False,,,False,,False,,NOT_DUE,4,Facility,False
2026-08|WHITEMAN_AFB|TOUCH_GO|REQ-005,WHITEMAN_AFB|WHITEMAN_AFB|TOUCH_GO|2026-08|GPC,PORTFOLIO 3,WHITEMAN_AFB,WHITEMAN_AFB|TOUCH_GO,,2026-08,REQ-005,Facility,VERIFIED,True,2026-09-05,2026-09-08,2026-09-10,2026-09-10,True,,,,,,False,,,False,,False,,NOT_DUE,4,Facility,False
2026-08|WRIGHT_PATTERSON_AFB|HPW_DINING_FACILITY|REQ-001,WRIGHT_PATTERSON_AFB|WRIGHT_PATTERSON_AFB|HPW_DINING_FACILITY|2026-08|1119,PORTFOLIO 3,WRIGHT_PATTERSON_AFB,WRIGHT_PATTERSON_AFB|HPW_DINING_FACILITY,,2026-08,REQ-001,Facility,VERIFIED,True,2026-09-05,2026-09-08,2026-09-10,2026-09-10,True,,,,,,False,,,False,,False,,NOT_DUE,4,Facility,False
2026-08|WRIGHT_PATTERSON_AFB|HPW_DINING_FACILITY|REQ-003,WRIGHT_PATTERSON_AFB|WRIGHT_PATTERSON_AFB|HPW_DINING_FACILITY|2026-08|SF1080,PORTFOLIO 3,WRIGHT_PATTERSON_AFB,WRIGHT_PATTERSON_AFB|HPW_DINING_FACILITY,,2026-08,REQ-003,Facility,VERIFIED,True,2026-09-05,2026-09-08,2026-09-10,2026-09-10,True,,,,,,False,,,False,,False,,NOT_DUE,4,Facility,False
2026-08|WRIGHT_PATTERSON_AFB|HPW_DINING_FACILITY|REQ-004,WRIGHT_PATTERSON_AFB|WRIGHT_PATTERSON_AFB|HPW_DINING_FACILITY|2026-08|SAIIT,PORTFOLIO 3,WRIGHT_PATTERSON_AFB,WRIGHT_PATTERSON_AFB|HPW_DINING_FACILITY,,2026-08,REQ-004,Facility,VERIFIED,True,2026-09-05,2026-09-08,2026-09-10,2026-09-10,True,,,,,,False,,,False,,False,,NOT_DUE,4,Facility,False
2026-08|WRIGHT_PATTERSON_AFB|HPW_DINING_FACILITY|REQ-005,WRIGHT_PATTERSON_AFB|WRIGHT_PATTERSON_AFB|HPW_DINING_FACILITY|2026-08|GPC,PORTFOLIO 3,WRIGHT_PATTERSON_AFB,WRIGHT_PATTERSON_AFB|HPW_DINING_FACILITY,,2026-08,REQ-005,Facility,VERIFIED,True,2026-09-05,2026-09-08,2026-09-10,2026-09-10,True,,,,,,False,,,False,,False,,NOT_DUE,4,Facility,False
2026-08|WRIGHT_PATTERSON_AFB|PITSENBARGER|REQ-001,WRIGHT_PATTERSON_AFB|WRIGHT_PATTERSON_AFB|PITSENBARGER|2026-08|1119,PORTFOLIO 3,WRIGHT_PATTERSON_AFB,WRIGHT_PATTERSON_AFB|PITSENBARGER,,2026-08,REQ-001,Facility,VERIFIED,True,2026-09-05,2026-09-08,2026-09-10,2026-09-10,True,,,,,,False,,,False,,False,,NOT_DUE,4,Facility,False
2026-08|WRIGHT_PATTERSON_AFB|PITSENBARGER|REQ-003,WRIGHT_PATTERSON_AFB|WRIGHT_PATTERSON_AFB|PITSENBARGER|2026-08|SF1080,PORTFOLIO 3,WRIGHT_PATTERSON_AFB,WRIGHT_PATTERSON_AFB|PITSENBARGER,,2026-08,REQ-003,Facility,VERIFIED,True,2026-09-05,2026-09-08,2026-09-10,2026-09-10,True,,,,,,False,,,False,,False,,NOT_DUE,4,Facility,False
2026-08|WRIGHT_PATTERSON_AFB|PITSENBARGER|REQ-004,WRIGHT_PATTERSON_AFB|WRIGHT_PATTERSON_AFB|PITSENBARGER|2026-08|SAIIT,PORTFOLIO 3,WRIGHT_PATTERSON_AFB,WRIGHT_PATTERSON_AFB|PITSENBARGER,,2026-08,REQ-004,Facility,VERIFIED,True,2026-09-05,2026-09-08,2026-09-10,2026-09-10,True,,,,,,False,,,False,,False,,NOT_DUE,4,Facility,False
2026-08|WRIGHT_PATTERSON_AFB|PITSENBARGER|REQ-005,WRIGHT_PATTERSON_AFB|WRIGHT_PATTERSON_AFB|PITSENBARGER|2026-08|GPC,PORTFOLIO 3,WRIGHT_PATTERSON_AFB,WRIGHT_PATTERSON_AFB|PITSENBARGER,,2026-08,REQ-005,Facility,VERIFIED,True,2026-09-05,2026-09-08,2026-09-10,2026-09-10,True,,,,,,False,,,False,,False,,NOT_DUE,4,Facility,False
2026-08|YOKOTA_AB|SAMURAI_CAF|REQ-001,YOKOTA_AB|YOKOTA_AB|SAMURAI_CAF|2026-08|1119,PORTFOLIO 1,YOKOTA_AB,YOKOTA_AB|SAMURAI_CAF,,2026-08,REQ-001,Facility,VERIFIED,True,2026-09-05,2026-09-08,2026-09-10,2026-09-10,True,,,,,,False,,,False,,False,,NOT_DUE,4,Facility,False
2026-08|YOKOTA_AB|SAMURAI_CAF|REQ-003,YOKOTA_AB|YOKOTA_AB|SAMURAI_CAF|2026-08|SF1080,PORTFOLIO 1,YOKOTA_AB,YOKOTA_AB|SAMURAI_CAF,,2026-08,REQ-003,Facility,VERIFIED,True,2026-09-05,2026-09-08,2026-09-10,2026-09-10,True,,,,,,False,,,False,,False,,NOT_DUE,4,Facility,False
2026-08|YOKOTA_AB|SAMURAI_CAF|REQ-004,YOKOTA_AB|YOKOTA_AB|SAMURAI_CAF|2026-08|SAIIT,PORTFOLIO 1,YOKOTA_AB,YOKOTA_AB|SAMURAI_CAF,,2026-08,REQ-004,Facility,VERIFIED,True,2026-09-05,2026-09-08,2026-09-10,2026-09-10,True,,,,,,False,,,False,,False,,NOT_DUE,4,Facility,False
2026-08|YOKOTA_AB|SAMURAI_CAF|REQ-005,YOKOTA_AB|YOKOTA_AB|SAMURAI_CAF|2026-08|GPC,PORTFOLIO 1,YOKOTA_AB,YOKOTA_AB|SAMURAI_CAF,,2026-08,REQ-005,Facility,VERIFIED,True,2026-09-05,2026-09-08,2026-09-10,2026-09-10,True,,,,,,False,,,False,,False,,NOT_DUE,4,Facility,False
2026-09|ANDERSEN_AB|DFAC|REQ-001,ANDERSEN_AB|ANDERSEN_AB|DFAC|2026-09|1119,PORTFOLIO 1,ANDERSEN_AB,ANDERSEN_AB|DFAC,,2026-09,REQ-001,Facility,VERIFIED,True,2026-10-05,2026-10-05,2026-10-10,2026-10-13,True,,,,,,False,,,False,,False,,NOT_DUE,4,Facility,False
2026-09|ANDERSEN_AB|DFAC|REQ-003,ANDERSEN_AB|ANDERSEN_AB|DFAC|2026-09|SF1080,PORTFOLIO 1,ANDERSEN_AB,ANDERSEN_AB|DFAC,,2026-09,REQ-003,Facility,VERIFIED,True,2026-10-05,2026-10-05,2026-10-10,2026-10-13,True,,,,,,False,,,False,,False,,NOT_DUE,4,Facility,False
2026-09|ANDERSEN_AB|DFAC|REQ-004,ANDERSEN_AB|ANDERSEN_AB|DFAC|2026-09|SAIIT,PORTFOLIO 1,ANDERSEN_AB,ANDERSEN_AB|DFAC,,2026-09,REQ-004,Facility,VERIFIED,True,2026-10-05,2026-10-05,2026-10-10,2026-10-13,True,,,,,,False,,,False,,False,,NOT_DUE,4,Facility,False
2026-09|ANDERSEN_AB|DFAC|REQ-005,ANDERSEN_AB|ANDERSEN_AB|DFAC|2026-09|GPC,PORTFOLIO 1,ANDERSEN_AB,ANDERSEN_AB|DFAC,,2026-09,REQ-005,Facility,VERIFIED,True,2026-10-05,2026-10-05,2026-10-10,2026-10-13,True,,,,,,False,,,False,,False,,NOT_DUE,4,Facility,False
2026-09|ANDERSEN_AB|DFAC|REQ-006,ANDERSEN_AB|ANDERSEN_AB|DFAC|2026-09|1038,PORTFOLIO 1,ANDERSEN_AB,ANDERSEN_AB|DFAC,,2026-09,REQ-006,Facility,VERIFIED,True,2026-10-05,2026-10-05,2026-10-10,2026-10-13,True,,,,,,False,,,False,,False,,NOT_DUE,4,Facility,False
2026-09|ANDERSEN_AB|DFAC|REQ-020,ANDERSEN_AB|ANDERSEN_AB|DFAC|2026-09|EOY-MFR,PORTFOLIO 1,ANDERSEN_AB,ANDERSEN_AB|DFAC,,2026-09,REQ-020,Facility,VERIFIED,True,2026-10-05,2026-10-05,2026-10-10,2026-10-13,True,,,,,,False,,,False,,False,,NOT_DUE,4,Facility,False
2026-09|ANDERSEN_AB|DFAC|REQ-021,ANDERSEN_AB|ANDERSEN_AB|DFAC|2026-09|EOY-INV,PORTFOLIO 1,ANDERSEN_AB,ANDERSEN_AB|DFAC,,2026-09,REQ-021,Facility,VERIFIED,True,2026-10-05,2026-10-05,2026-10-10,2026-10-13,True,,,,,,False,,,False,,False,,NOT_DUE,4,Facility,False
2026-09|ANDERSEN_AB|SILVER_FLAG|REQ-001,ANDERSEN_AB|ANDERSEN_AB|SILVER_FLAG|2026-09|1119,PORTFOLIO 1,ANDERSEN_AB,ANDERSEN_AB|SILVER_FLAG,,2026-09,REQ-001,Facility,VERIFIED,True,2026-10-05,2026-10-05,2026-10-10,2026-10-13,True,,,,,,False,,,False,,False,,NOT_DUE,4,Facility,False
2026-09|ANDERSEN_AB|SILVER_FLAG|REQ-003,ANDERSEN_AB|ANDERSEN_AB|SILVER_FLAG|2026-09|SF1080,PORTFOLIO 1,ANDERSEN_AB,ANDERSEN_AB|SILVER_FLAG,,2026-09,REQ-003,Facility,VERIFIED,True,2026-10-05,2026-10-05,2026-10-10,2026-10-13,True,,,,,,False,,,False,,False,,NOT_DUE,4,Facility,False
2026-09|ANDERSEN_AB|SILVER_FLAG|REQ-004,ANDERSEN_AB|ANDERSEN_AB|SILVER_FLAG|2026-09|SAIIT,PORTFOLIO 1,ANDERSEN_AB,ANDERSEN_AB|SILVER_FLAG,,2026-09,REQ-004,Facility,VERIFIED,True,2026-10-05,2026-10-05,2026-10-10,2026-10-13,True,,,,,,False,,,False,,False,,NOT_DUE,4,Facility,False
2026-09|ANDERSEN_AB|SILVER_FLAG|REQ-005,ANDERSEN_AB|ANDERSEN_AB|SILVER_FLAG|2026-09|GPC,PORTFOLIO 1,ANDERSEN_AB,ANDERSEN_AB|SILVER_FLAG,,2026-09,REQ-005,Facility,VERIFIED,True,2026-10-05,2026-10-05,2026-10-10,2026-10-13,True,,,,,,False,,,False,,False,,NOT_DUE,4,Facility,False
2026-09|ANDERSEN_AB|SILVER_FLAG|REQ-006,ANDERSEN_AB|ANDERSEN_AB|SILVER_FLAG|2026-09|1038,PORTFOLIO 1,ANDERSEN_AB,ANDERSEN_AB|SILVER_FLAG,,2026-09,REQ-006,Facility,VERIFIED,True,2026-10-05,2026-10-05,2026-10-10,2026-10-13,True,,,,,,False,,,False,,False,,NOT_DUE,4,Facility,False
2026-09|ANDERSEN_AB|SILVER_FLAG|REQ-020,ANDERSEN_AB|ANDERSEN_AB|SILVER_FLAG|2026-09|EOY-MFR,PORTFOLIO 1,ANDERSEN_AB,ANDERSEN_AB|SILVER_FLAG,,2026-09,REQ-020,Facility,VERIFIED,True,2026-10-05,2026-10-05,2026-10-10,2026-10-13,True,,,,,,False,,,False,,False,,NOT_DUE,4,Facility,False
2026-09|ANDERSEN_AB|SILVER_FLAG|REQ-021,ANDERSEN_AB|ANDERSEN_AB|SILVER_FLAG|2026-09|EOY-INV,PORTFOLIO 1,ANDERSEN_AB,ANDERSEN_AB|SILVER_FLAG,,2026-09,REQ-021,Facility,VERIFIED,True,2026-10-05,2026-10-05,2026-10-10,2026-10-13,True,,,,,,False,,,False,,False,,NOT_DUE,4,Facility,False
2026-09|AVIANO_AB|DFAC|REQ-001,AVIANO_AB|AVIANO_AB|DFAC|2026-09|1119,PORTFOLIO 4,AVIANO_AB,AVIANO_AB|DFAC,,2026-09,REQ-001,Facility,VERIFIED,True,2026-10-05,2026-10-05,2026-10-10,2026-10-13,True,,,,,,False,,,False,,False,,NOT_DUE,4,Facility,False
2026-09|AVIANO_AB|DFAC|REQ-003,AVIANO_AB|AVIANO_AB|DFAC|2026-09|SF1080,PORTFOLIO 4,AVIANO_AB,AVIANO_AB|DFAC,,2026-09,REQ-003,Facility,VERIFIED,True,2026-10-05,2026-10-05,2026-10-10,2026-10-13,True,,,,,,False,,,False,,False,,NOT_DUE,4,Facility,False
2026-09|AVIANO_AB|DFAC|REQ-004,AVIANO_AB|AVIANO_AB|DFAC|2026-09|SAIIT,PORTFOLIO 4,AVIANO_AB,AVIANO_AB|DFAC,,2026-09,REQ-004,Facility,VERIFIED,True,2026-10-05,2026-10-05,2026-10-10,2026-10-13,True,,,,,,False,,,False,,False,,NOT_DUE,4,Facility,False
2026-09|AVIANO_AB|DFAC|REQ-005,AVIANO_AB|AVIANO_AB|DFAC|2026-09|GPC,PORTFOLIO 4,AVIANO_AB,AVIANO_AB|DFAC,,2026-09,REQ-005,Facility,VERIFIED,True,2026-10-05,2026-10-05,2026-10-10,2026-10-13,True,,,,,,False,,,False,,False,,NOT_DUE,4,Facility,False
2026-09|AVIANO_AB|DFAC|REQ-006,AVIANO_AB|AVIANO_AB|DFAC|2026-09|1038,PORTFOLIO 4,AVIANO_AB,AVIANO_AB|DFAC,,2026-09,REQ-006,Facility,VERIFIED,True,2026-10-05,2026-10-05,2026-10-10,2026-10-13,True,,,,,,False,,,False,,False,,NOT_DUE,4,Facility,False
2026-09|AVIANO_AB|DFAC|REQ-020,AVIANO_AB|AVIANO_AB|DFAC|2026-09|EOY-MFR,PORTFOLIO 4,AVIANO_AB,AVIANO_AB|DFAC,,2026-09,REQ-020,Facility,VERIFIED,True,2026-10-05,2026-10-05,2026-10-10,2026-10-13,True,,,,,,False,,,False,,False,,NOT_DUE,4,Facility,False
2026-09|AVIANO_AB|DFAC|REQ-021,AVIANO_AB|AVIANO_AB|DFAC|2026-09|EOY-INV,PORTFOLIO 4,AVIANO_AB,AVIANO_AB|DFAC,,2026-09,REQ-021,Facility,VERIFIED,True,2026-10-05,2026-10-05,2026-10-10,2026-10-13,True,,,,,,False,,,False,,False,,NOT_DUE,4,Facility,False
2026-09|BUECHEL_AB|ODIN_INN|REQ-001,BUECHEL_AB|BUECHEL_AB|ODIN_INN|2026-09|1119,PORTFOLIO 4,BUECHEL_AB,BUECHEL_AB|ODIN_INN,,2026-09,REQ-001,Facility,VERIFIED,True,2026-10-05,2026-10-05,2026-10-10,2026-10-13,True,,,,,,False,,,False,,False,,NOT_DUE,4,Facility,False
2026-09|BUECHEL_AB|ODIN_INN|REQ-003,BUECHEL_AB|BUECHEL_AB|ODIN_INN|2026-09|SF1080,PORTFOLIO 4,BUECHEL_AB,BUECHEL_AB|ODIN_INN,,2026-09,REQ-003,Facility,VERIFIED,True,2026-10-05,2026-10-05,2026-10-10,2026-10-13,True,,,,,,False,,,False,,False,,NOT_DUE,4,Facility,False
2026-09|BUECHEL_AB|ODIN_INN|REQ-004,BUECHEL_AB|BUECHEL_AB|ODIN_INN|2026-09|SAIIT,PORTFOLIO 4,BUECHEL_AB,BUECHEL_AB|ODIN_INN,,2026-09,REQ-004,Facility,VERIFIED,True,2026-10-05,2026-10-05,2026-10-10,2026-10-13,True,,,,,,False,,,False,,False,,NOT_DUE,4,Facility,False
2026-09|BUECHEL_AB|ODIN_INN|REQ-005,BUECHEL_AB|BUECHEL_AB|ODIN_INN|2026-09|GPC,PORTFOLIO 4,BUECHEL_AB,BUECHEL_AB|ODIN_INN,,2026-09,REQ-005,Facility,VERIFIED,True,2026-10-05,2026-10-05,2026-10-10,2026-10-13,True,,,,,,False,,,False,,False,,NOT_DUE,4,Facility,False
2026-09|BUECHEL_AB|ODIN_INN|REQ-006,BUECHEL_AB|BUECHEL_AB|ODIN_INN|2026-09|1038,PORTFOLIO 4,BUECHEL_AB,BUECHEL_AB|ODIN_INN,,2026-09,REQ-006,Facility,VERIFIED,True,2026-10-05,2026-10-05,2026-10-10,2026-10-13,True,,,,,,False,,,False,,False,,NOT_DUE,4,Facility,False
2026-09|BUECHEL_AB|ODIN_INN|REQ-020,BUECHEL_AB|BUECHEL_AB|ODIN_INN|2026-09|EOY-MFR,PORTFOLIO 4,BUECHEL_AB,BUECHEL_AB|ODIN_INN,,2026-09,REQ-020,Facility,VERIFIED,True,2026-10-05,2026-10-05,2026-10-10,2026-10-13,True,,,,,,False,,,False,,False,,NOT_DUE,4,Facility,False
2026-09|BUECHEL_AB|ODIN_INN|REQ-021,BUECHEL_AB|BUECHEL_AB|ODIN_INN|2026-09|EOY-INV,PORTFOLIO 4,BUECHEL_AB,BUECHEL_AB|ODIN_INN,,2026-09,REQ-021,Facility,VERIFIED,True,2026-10-05,2026-10-05,2026-10-10,2026-10-13,True,,,,,,False,,,False,,False,,NOT_DUE,4,Facility,False
2026-09|CLEAR_SFS|DFAC|REQ-001,CLEAR_SFS|CLEAR_SFS|DFAC|2026-09|1119,PORTFOLIO 1,CLEAR_SFS,CLEAR_SFS|DFAC,,2026-09,REQ-001,Facility,VERIFIED,True,2026-10-05,2026-10-05,2026-10-10,2026-10-13,True,,,,,,False,,,False,,False,,NOT_DUE,4,Facility,False
2026-09|CLEAR_SFS|DFAC|REQ-003,CLEAR_SFS|CLEAR_SFS|DFAC|2026-09|SF1080,PORTFOLIO 1,CLEAR_SFS,CLEAR_SFS|DFAC,,2026-09,REQ-003,Facility,VERIFIED,True,2026-10-05,2026-10-05,2026-10-10,2026-10-13,True,,,,,,False,,,False,,False,,NOT_DUE,4,Facility,False
2026-09|CLEAR_SFS|DFAC|REQ-004,CLEAR_SFS|CLEAR_SFS|DFAC|2026-09|SAIIT,PORTFOLIO 1,CLEAR_SFS,CLEAR_SFS|DFAC,,2026-09,REQ-004,Facility,VERIFIED,True,2026-10-05,2026-10-05,2026-10-10,2026-10-13,True,,,,,,False,,,False,,False,,NOT_DUE,4,Facility,False
2026-09|CLEAR_SFS|DFAC|REQ-005,CLEAR_SFS|CLEAR_SFS|DFAC|2026-09|GPC,PORTFOLIO 1,CLEAR_SFS,CLEAR_SFS|DFAC,,2026-09,REQ-005,Facility,VERIFIED,True,2026-10-05,2026-10-05,2026-10-10,2026-10-13,True,,,,,,False,,,False,,False,,NOT_DUE,4,Facility,False
2026-09|CLEAR_SFS|DFAC|REQ-006,CLEAR_SFS|CLEAR_SFS|DFAC|2026-09|1038,PORTFOLIO 1,CLEAR_SFS,CLEAR_SFS|DFAC,,2026-09,REQ-006,Facility,VERIFIED,True,2026-10-05,2026-10-05,2026-10-10,2026-10-13,True,,,,,,False,,,False,,False,,NOT_DUE,4,Facility,False
2026-09|CLEAR_SFS|DFAC|REQ-020,CLEAR_SFS|CLEAR_SFS|DFAC|2026-09|EOY-MFR,PORTFOLIO 1,CLEAR_SFS,CLEAR_SFS|DFAC,,2026-09,REQ-020,Facility,VERIFIED,True,2026-10-05,2026-10-05,2026-10-10,2026-10-13,True,,,,,,False,,,False,,False,,NOT_DUE,4,Facility,False
2026-09|CLEAR_SFS|DFAC|REQ-021,CLEAR_SFS|CLEAR_SFS|DFAC|2026-09|EOY-INV,PORTFOLIO 1,CLEAR_SFS,CLEAR_SFS|DFAC,,2026-09,REQ-021,Facility,VERIFIED,True,2026-10-05,2026-10-05,2026-10-10,2026-10-13,True,,,,,,False,,,False,,False,,NOT_DUE,4,Facility,False
2026-09|CREECH_AFB|DFAC|REQ-001,CREECH_AFB|CREECH_AFB|DFAC|2026-09|1119,PORTFOLIO 1,CREECH_AFB,CREECH_AFB|DFAC,,2026-09,REQ-001,Facility,VERIFIED,True,2026-10-05,2026-10-05,2026-10-10,2026-10-13,True,,,,,,False,,,False,,False,,NOT_DUE,4,Facility,False
2026-09|CREECH_AFB|DFAC|REQ-003,CREECH_AFB|CREECH_AFB|DFAC|2026-09|SF1080,PORTFOLIO 1,CREECH_AFB,CREECH_AFB|DFAC,,2026-09,REQ-003,Facility,VERIFIED,True,2026-10-05,2026-10-05,2026-10-10,2026-10-13,True,,,,,,False,,,False,,False,,NOT_DUE,4,Facility,False
2026-09|CREECH_AFB|DFAC|REQ-004,CREECH_AFB|CREECH_AFB|DFAC|2026-09|SAIIT,PORTFOLIO 1,CREECH_AFB,CREECH_AFB|DFAC,,2026-09,REQ-004,Facility,VERIFIED,True,2026-10-05,2026-10-05,2026-10-10,2026-10-13,True,,,,,,False,,,False,,False,,NOT_DUE,4,Facility,False
2026-09|CREECH_AFB|DFAC|REQ-005,CREECH_AFB|CREECH_AFB|DFAC|2026-09|GPC,PORTFOLIO 1,CREECH_AFB,CREECH_AFB|DFAC,,2026-09,REQ-005,Facility,VERIFIED,True,2026-10-05,2026-10-05,2026-10-10,2026-10-13,True,,,,,,False,,,False,,False,,NOT_DUE,4,Facility,False
2026-09|CREECH_AFB|DFAC|REQ-006,CREECH_AFB|CREECH_AFB|DFAC|2026-09|1038,PORTFOLIO 1,CREECH_AFB,CREECH_AFB|DFAC,,2026-09,REQ-006,Facility,VERIFIED,True,2026-10-05,2026-10-05,2026-10-10,2026-10-13,True,,,,,,False,,,False,,False,,NOT_DUE,4,Facility,False
2026-09|CREECH_AFB|DFAC|REQ-020,CREECH_AFB|CREECH_AFB|DFAC|2026-09|EOY-MFR,PORTFOLIO 1,CREECH_AFB,CREECH_AFB|DFAC,,2026-09,REQ-020,Facility,VERIFIED,True,2026-10-05,2026-10-05,2026-10-10,2026-10-13,True,,,,,,False,,,False,,False,,NOT_DUE,4,Facility,False
2026-09|CREECH_AFB|DFAC|REQ-021,CREECH_AFB|CREECH_AFB|DFAC|2026-09|EOY-INV,PORTFOLIO 1,CREECH_AFB,CREECH_AFB|DFAC,,2026-09,REQ-021,Facility,VERIFIED,True,2026-10-05,2026-10-05,2026-10-10,2026-10-13,True,,,,,,False,,,False,,False,,NOT_DUE,4,Facility,False
2026-09|EDWARDS_AFB|DFAC|REQ-001,EDWARDS_AFB|EDWARDS_AFB|DFAC|2026-09|1119,PORTFOLIO 1,EDWARDS_AFB,EDWARDS_AFB|DFAC,,2026-09,REQ-001,Facility,VERIFIED,True,2026-10-05,2026-10-05,2026-10-10,2026-10-13,True,,,,,,False,,,False,,False,,NOT_DUE,4,Facility,False
2026-09|EDWARDS_AFB|DFAC|REQ-003,EDWARDS_AFB|EDWARDS_AFB|DFAC|2026-09|SF1080,PORTFOLIO 1,EDWARDS_AFB,EDWARDS_AFB|DFAC,,2026-09,REQ-003,Facility,VERIFIED,True,2026-10-05,2026-10-05,2026-10-10,2026-10-13,True,,,,,,False,,,False,,False,,NOT_DUE,4,Facility,False
2026-09|EDWARDS_AFB|DFAC|REQ-004,EDWARDS_AFB|EDWARDS_AFB|DFAC|2026-09|SAIIT,PORTFOLIO 1,EDWARDS_AFB,EDWARDS_AFB|DFAC,,2026-09,REQ-004,Facility,VERIFIED,True,2026-10-05,2026-10-05,2026-10-10,2026-10-13,True,,,,,,False,,,False,,False,,NOT_DUE,4,Facility,False
2026-09|EDWARDS_AFB|DFAC|REQ-005,EDWARDS_AFB|EDWARDS_AFB|DFAC|2026-09|GPC,PORTFOLIO 1,EDWARDS_AFB,EDWARDS_AFB|DFAC,,2026-09,REQ-005,Facility,VERIFIED,True,2026-10-05,2026-10-05,2026-10-10,2026-10-13,True,,,,,,False,,,False,,False,,NOT_DUE,4,Facility,False
2026-09|EDWARDS_AFB|DFAC|REQ-006,EDWARDS_AFB|EDWARDS_AFB|DFAC|2026-09|1038,PORTFOLIO 1,EDWARDS_AFB,EDWARDS_AFB|DFAC,,2026-09,REQ-006,Facility,VERIFIED,True,2026-10-05,2026-10-05,2026-10-10,2026-10-13,True,,,,,,False,,,False,,False,,NOT_DUE,4,Facility,False
2026-09|EDWARDS_AFB|DFAC|REQ-020,EDWARDS_AFB|EDWARDS_AFB|DFAC|2026-09|EOY-MFR,PORTFOLIO 1,EDWARDS_AFB,EDWARDS_AFB|DFAC,,2026-09,REQ-020,Facility,VERIFIED,True,2026-10-05,2026-10-05,2026-10-10,2026-10-13,True,,,,,,False,,,False,,False,,NOT_DUE,4,Facility,False
2026-09|EDWARDS_AFB|DFAC|REQ-021,EDWARDS_AFB|EDWARDS_AFB|DFAC|2026-09|EOY-INV,PORTFOLIO 1,EDWARDS_AFB,EDWARDS_AFB|DFAC,,2026-09,REQ-021,Facility,VERIFIED,True,2026-10-05,2026-10-05,2026-10-10,2026-10-13,True,,,,,,False,,,False,,False,,NOT_DUE,4,Facility,False
2026-09|EGLIN_AFB|LIGHTNING|REQ-001,EGLIN_AFB|EGLIN_AFB|LIGHTNING|2026-09|1119,PORTFOLIO 4,EGLIN_AFB,EGLIN_AFB|LIGHTNING,,2026-09,REQ-001,Facility,VERIFIED,True,2026-10-05,2026-10-05,2026-10-10,2026-10-13,True,,,,,,False,,,False,,False,,NOT_DUE,4,Facility,False
2026-09|EGLIN_AFB|LIGHTNING|REQ-003,EGLIN_AFB|EGLIN_AFB|LIGHTNING|2026-09|SF1080,PORTFOLIO 4,EGLIN_AFB,EGLIN_AFB|LIGHTNING,,2026-09,REQ-003,Facility,VERIFIED,True,2026-10-05,2026-10-05,2026-10-10,2026-10-13,True,,,,,,False,,,False,,False,,NOT_DUE,4,Facility,False
2026-09|EGLIN_AFB|LIGHTNING|REQ-004,EGLIN_AFB|EGLIN_AFB|LIGHTNING|2026-09|SAIIT,PORTFOLIO 4,EGLIN_AFB,EGLIN_AFB|LIGHTNING,,2026-09,REQ-004,Facility,VERIFIED,True,2026-10-05,2026-10-05,2026-10-10,2026-10-13,True,,,,,,False,,,False,,False,,NOT_DUE,4,Facility,False
2026-09|EGLIN_AFB|LIGHTNING|REQ-005,EGLIN_AFB|EGLIN_AFB|LIGHTNING|2026-09|GPC,PORTFOLIO 4,EGLIN_AFB,EGLIN_AFB|LIGHTNING,,2026-09,REQ-005,Facility,VERIFIED,True,2026-10-05,2026-10-05,2026-10-10,2026-10-13,True,,,,,,False,,,False,,False,,NOT_DUE,4,Facility,False
2026-09|EGLIN_AFB|LIGHTNING|REQ-006,EGLIN_AFB|EGLIN_AFB|LIGHTNING|2026-09|1038,PORTFOLIO 4,EGLIN_AFB,EGLIN_AFB|LIGHTNING,,2026-09,REQ-006,Facility,VERIFIED,True,2026-10-05,2026-10-05,2026-10-10,2026-10-13,True,,,,,,False,,,False,,False,,NOT_DUE,4,Facility,False
2026-09|EGLIN_AFB|LIGHTNING|REQ-020,EGLIN_AFB|EGLIN_AFB|LIGHTNING|2026-09|EOY-MFR,PORTFOLIO 4,EGLIN_AFB,EGLIN_AFB|LIGHTNING,,2026-09,REQ-020,Facility,VERIFIED,True,2026-10-05,2026-10-05,2026-10-10,2026-10-13,True,,,,,,False,,,False,,False,,NOT_DUE,4,Facility,False
2026-09|EGLIN_AFB|LIGHTNING|REQ-021,EGLIN_AFB|EGLIN_AFB|LIGHTNING|2026-09|EOY-INV,PORTFOLIO 4,EGLIN_AFB,EGLIN_AFB|LIGHTNING,,2026-09,REQ-021,Facility,VERIFIED,True,2026-10-05,2026-10-05,2026-10-10,2026-10-13,True,,,,,,False,,,False,,False,,NOT_DUE,4,Facility,False
2026-09|EIELSON_AFB|DFAC|REQ-001,EIELSON_AFB|EIELSON_AFB|DFAC|2026-09|1119,PORTFOLIO 1,EIELSON_AFB,EIELSON_AFB|DFAC,,2026-09,REQ-001,Facility,VERIFIED,True,2026-10-05,2026-10-05,2026-10-10,2026-10-13,True,,,,,,False,,,False,,False,,NOT_DUE,4,Facility,False
2026-09|EIELSON_AFB|DFAC|REQ-003,EIELSON_AFB|EIELSON_AFB|DFAC|2026-09|SF1080,PORTFOLIO 1,EIELSON_AFB,EIELSON_AFB|DFAC,,2026-09,REQ-003,Facility,VERIFIED,True,2026-10-05,2026-10-05,2026-10-10,2026-10-13,True,,,,,,False,,,False,,False,,NOT_DUE,4,Facility,False
2026-09|EIELSON_AFB|DFAC|REQ-004,EIELSON_AFB|EIELSON_AFB|DFAC|2026-09|SAIIT,PORTFOLIO 1,EIELSON_AFB,EIELSON_AFB|DFAC,,2026-09,REQ-004,Facility,VERIFIED,True,2026-10-05,2026-10-05,2026-10-10,2026-10-13,True,,,,,,False,,,False,,False,,NOT_DUE,4,Facility,False
2026-09|EIELSON_AFB|DFAC|REQ-005,EIELSON_AFB|EIELSON_AFB|DFAC|2026-09|GPC,PORTFOLIO 1,EIELSON_AFB,EIELSON_AFB|DFAC,,2026-09,REQ-005,Facility,VERIFIED,True,2026-10-05,2026-10-05,2026-10-10,2026-10-13,True,,,,,,False,,,False,,False,,NOT_DUE,4,Facility,False
2026-09|EIELSON_AFB|DFAC|REQ-006,EIELSON_AFB|EIELSON_AFB|DFAC|2026-09|1038,PORTFOLIO 1,EIELSON_AFB,EIELSON_AFB|DFAC,,2026-09,REQ-006,Facility,VERIFIED,True,2026-10-05,2026-10-05,2026-10-10,2026-10-13,True,,,,,,False,,,False,,False,,NOT_DUE,4,Facility,False
2026-09|EIELSON_AFB|DFAC|REQ-020,EIELSON_AFB|EIELSON_AFB|DFAC|2026-09|EOY-MFR,PORTFOLIO 1,EIELSON_AFB,EIELSON_AFB|DFAC,,2026-09,REQ-020,Facility,VERIFIED,True,2026-10-05,2026-10-05,2026-10-10,2026-10-13,True,,,,,,False,,,False,,False,,NOT_DUE,4,Facility,False
2026-09|EIELSON_AFB|DFAC|REQ-021,EIELSON_AFB|EIELSON_AFB|DFAC|2026-09|EOY-INV,PORTFOLIO 1,EIELSON_AFB,EIELSON_AFB|DFAC,,2026-09,REQ-021,Facility,VERIFIED,True,2026-10-05,2026-10-05,2026-10-10,2026-10-13,True,,,,,,False,,,False,,False,,NOT_DUE,4,Facility,False
2026-09|FT_GREGG_ADAMS|SCHOOLHOUSE|REQ-001,FT_GREGG_ADAMS|FT_GREGG_ADAMS|SCHOOLHOUSE|2026-09|1119,PORTFOLIO 4,FT_GREGG_ADAMS,FT_GREGG_ADAMS|SCHOOLHOUSE,,2026-09,REQ-001,Facility,VERIFIED,True,2026-10-05,2026-10-05,2026-10-10,2026-10-13,True,,,,,,False,,,False,,False,,NOT_DUE,4,Facility,False
2026-09|FT_GREGG_ADAMS|SCHOOLHOUSE|REQ-003,FT_GREGG_ADAMS|FT_GREGG_ADAMS|SCHOOLHOUSE|2026-09|SF1080,PORTFOLIO 4,FT_GREGG_ADAMS,FT_GREGG_ADAMS|SCHOOLHOUSE,,2026-09,REQ-003,Facility,VERIFIED,True,2026-10-05,2026-10-05,2026-10-10,2026-10-13,True,,,,,,False,,,False,,False,,NOT_DUE,4,Facility,False
2026-09|FT_GREGG_ADAMS|SCHOOLHOUSE|REQ-004,FT_GREGG_ADAMS|FT_GREGG_ADAMS|SCHOOLHOUSE|2026-09|SAIIT,PORTFOLIO 4,FT_GREGG_ADAMS,FT_GREGG_ADAMS|SCHOOLHOUSE,,2026-09,REQ-004,Facility,VERIFIED,True,2026-10-05,2026-10-05,2026-10-10,2026-10-13,True,,,,,,False,,,False,,False,,NOT_DUE,4,Facility,False
2026-09|FT_GREGG_ADAMS|SCHOOLHOUSE|REQ-005,FT_GREGG_ADAMS|FT_GREGG_ADAMS|SCHOOLHOUSE|2026-09|GPC,PORTFOLIO 4,FT_GREGG_ADAMS,FT_GREGG_ADAMS|SCHOOLHOUSE,,2026-09,REQ-005,Facility,VERIFIED,True,2026-10-05,2026-10-05,2026-10-10,2026-10-13,True,,,,,,False,,,False,,False,,NOT_DUE,4,Facility,False
2026-09|FT_GREGG_ADAMS|SCHOOLHOUSE|REQ-006,FT_GREGG_ADAMS|FT_GREGG_ADAMS|SCHOOLHOUSE|2026-09|1038,PORTFOLIO 4,FT_GREGG_ADAMS,FT_GREGG_ADAMS|SCHOOLHOUSE,,2026-09,REQ-006,Facility,VERIFIED,True,2026-10-05,2026-10-05,2026-10-10,2026-10-13,True,,,,,,False,,,False,,False,,NOT_DUE,4,Facility,False
2026-09|FT_GREGG_ADAMS|SCHOOLHOUSE|REQ-020,FT_GREGG_ADAMS|FT_GREGG_ADAMS|SCHOOLHOUSE|2026-09|EOY-MFR,PORTFOLIO 4,FT_GREGG_ADAMS,FT_GREGG_ADAMS|SCHOOLHOUSE,,2026-09,REQ-020,Facility,VERIFIED,True,2026-10-05,2026-10-05,2026-10-10,2026-10-13,True,,,,,,False,,,False,,False,,NOT_DUE,4,Facility,False
2026-09|FT_GREGG_ADAMS|SCHOOLHOUSE|REQ-021,FT_GREGG_ADAMS|FT_GREGG_ADAMS|SCHOOLHOUSE|2026-09|EOY-INV,PORTFOLIO 4,FT_GREGG_ADAMS,FT_GREGG_ADAMS|SCHOOLHOUSE,,2026-09,REQ-021,Facility,VERIFIED,True,2026-10-05,2026-10-05,2026-10-10,2026-10-13,True,,,,,,False,,,False,,False,,NOT_DUE,4,Facility,False
2026-09|FT_MEADE|SIX_HATS|REQ-001,FT_MEADE|FT_MEADE|SIX_HATS|2026-09|1119,PORTFOLIO 4,FT_MEADE,FT_MEADE|SIX_HATS,,2026-09,REQ-001,Facility,VERIFIED,True,2026-10-05,2026-10-05,2026-10-10,2026-10-13,True,,,,,,False,,,False,,False,,NOT_DUE,4,Facility,False
2026-09|FT_MEADE|SIX_HATS|REQ-003,FT_MEADE|FT_MEADE|SIX_HATS|2026-09|SF1080,PORTFOLIO 4,FT_MEADE,FT_MEADE|SIX_HATS,,2026-09,REQ-003,Facility,VERIFIED,True,2026-10-05,2026-10-05,2026-10-10,2026-10-13,True,,,,,,False,,,False,,False,,NOT_DUE,4,Facility,False
2026-09|FT_MEADE|SIX_HATS|REQ-004,FT_MEADE|FT_MEADE|SIX_HATS|2026-09|SAIIT,PORTFOLIO 4,FT_MEADE,FT_MEADE|SIX_HATS,,2026-09,REQ-004,Facility,VERIFIED,True,2026-10-05,2026-10-05,2026-10-10,2026-10-13,True,,,,,,False,,,False,,False,,NOT_DUE,4,Facility,False
2026-09|FT_MEADE|SIX_HATS|REQ-005,FT_MEADE|FT_MEADE|SIX_HATS|2026-09|GPC,PORTFOLIO 4,FT_MEADE,FT_MEADE|SIX_HATS,,2026-09,REQ-005,Facility,VERIFIED,True,2026-10-05,2026-10-05,2026-10-10,2026-10-13,True,,,,,,False,,,False,,False,,NOT_DUE,4,Facility,False
2026-09|FT_MEADE|SIX_HATS|REQ-006,FT_MEADE|FT_MEADE|SIX_HATS|2026-09|1038,PORTFOLIO 4,FT_MEADE,FT_MEADE|SIX_HATS,,2026-09,REQ-006,Facility,VERIFIED,True,2026-10-05,2026-10-05,2026-10-10,2026-10-13,True,,,,,,False,,,False,,False,,NOT_DUE,4,Facility,False
2026-09|FT_MEADE|SIX_HATS|REQ-020,FT_MEADE|FT_MEADE|SIX_HATS|2026-09|EOY-MFR,PORTFOLIO 4,FT_MEADE,FT_MEADE|SIX_HATS,,2026-09,REQ-020,Facility,VERIFIED,True,2026-10-05,2026-10-05,2026-10-10,2026-10-13,True,,,,,,False,,,False,,False,,NOT_DUE,4,Facility,False
2026-09|FT_MEADE|SIX_HATS|REQ-021,FT_MEADE|FT_MEADE|SIX_HATS|2026-09|EOY-INV,PORTFOLIO 4,FT_MEADE,FT_MEADE|SIX_HATS,,2026-09,REQ-021,Facility,VERIFIED,True,2026-10-05,2026-10-05,2026-10-10,2026-10-13,True,,,,,,False,,,False,,False,,NOT_DUE,4,Facility,False
2026-09|GHEDI_AB|DFAC|REQ-001,GHEDI_AB|GHEDI_AB|DFAC|2026-09|1119,PORTFOLIO 4,GHEDI_AB,GHEDI_AB|DFAC,,2026-09,REQ-001,Facility,VERIFIED,True,2026-10-05,2026-10-05,2026-10-10,2026-10-13,True,,,,,,False,,,False,,False,,NOT_DUE,4,Facility,False
2026-09|GHEDI_AB|DFAC|REQ-003,GHEDI_AB|GHEDI_AB|DFAC|2026-09|SF1080,PORTFOLIO 4,GHEDI_AB,GHEDI_AB|DFAC,,2026-09,REQ-003,Facility,VERIFIED,True,2026-10-05,2026-10-05,2026-10-10,2026-10-13,True,,,,,,False,,,False,,False,,NOT_DUE,4,Facility,False
2026-09|GHEDI_AB|DFAC|REQ-004,GHEDI_AB|GHEDI_AB|DFAC|2026-09|SAIIT,PORTFOLIO 4,GHEDI_AB,GHEDI_AB|DFAC,,2026-09,REQ-004,Facility,VERIFIED,True,2026-10-05,2026-10-05,2026-10-10,2026-10-13,True,,,,,,False,,,False,,False,,NOT_DUE,4,Facility,False
2026-09|GHEDI_AB|DFAC|REQ-005,GHEDI_AB|GHEDI_AB|DFAC|2026-09|GPC,PORTFOLIO 4,GHEDI_AB,GHEDI_AB|DFAC,,2026-09,REQ-005,Facility,VERIFIED,True,2026-10-05,2026-10-05,2026-10-10,2026-10-13,True,,,,,,False,,,False,,False,,NOT_DUE,4,Facility,False
2026-09|GHEDI_AB|DFAC|REQ-006,GHEDI_AB|GHEDI_AB|DFAC|2026-09|1038,PORTFOLIO 4,GHEDI_AB,GHEDI_AB|DFAC,,2026-09,REQ-006,Facility,VERIFIED,True,2026-10-05,2026-10-05,2026-10-10,2026-10-13,True,,,,,,False,,,False,,False,,NOT_DUE,4,Facility,False
2026-09|GHEDI_AB|DFAC|REQ-020,GHEDI_AB|GHEDI_AB|DFAC|2026-09|EOY-MFR,PORTFOLIO 4,GHEDI_AB,GHEDI_AB|DFAC,,2026-09,REQ-020,Facility,VERIFIED,True,2026-10-05,2026-10-05,2026-10-10,2026-10-13,True,,,,,,False,,,False,,False,,NOT_DUE,4,Facility,False
2026-09|GHEDI_AB|DFAC|REQ-021,GHEDI_AB|GHEDI_AB|DFAC|2026-09|EOY-INV,PORTFOLIO 4,GHEDI_AB,GHEDI_AB|DFAC,,2026-09,REQ-021,Facility,VERIFIED,True,2026-10-05,2026-10-05,2026-10-10,2026-10-13,True,,,,,,False,,,False,,False,,NOT_DUE,4,Facility,False
2026-09|HILL_AFB|HILL_CREST|REQ-001,HILL_AFB|HILL_AFB|HILL_CREST|2026-09|1119,PORTFOLIO 3,HILL_AFB,HILL_AFB|HILL_CREST,,2026-09,REQ-001,Facility,VERIFIED,True,2026-10-05,2026-10-05,2026-10-10,2026-10-13,True,,,,,,False,,,False,,False,,NOT_DUE,4,Facility,False
2026-09|HILL_AFB|HILL_CREST|REQ-003,HILL_AFB|HILL_AFB|HILL_CREST|2026-09|SF1080,PORTFOLIO 3,HILL_AFB,HILL_AFB|HILL_CREST,,2026-09,REQ-003,Facility,VERIFIED,True,2026-10-05,2026-10-05,2026-10-10,2026-10-13,True,,,,,,False,,,False,,False,,NOT_DUE,4,Facility,False
2026-09|HILL_AFB|HILL_CREST|REQ-004,HILL_AFB|HILL_AFB|HILL_CREST|2026-09|SAIIT,PORTFOLIO 3,HILL_AFB,HILL_AFB|HILL_CREST,,2026-09,REQ-004,Facility,VERIFIED,True,2026-10-05,2026-10-05,2026-10-10,2026-10-13,True,,,,,,False,,,False,,False,,NOT_DUE,4,Facility,False
2026-09|HILL_AFB|HILL_CREST|REQ-005,HILL_AFB|HILL_AFB|HILL_CREST|2026-09|GPC,PORTFOLIO 3,HILL_AFB,HILL_AFB|HILL_CREST,,2026-09,REQ-005,Facility,VERIFIED,True,2026-10-05,2026-10-05,2026-10-10,2026-10-13,True,,,,,,False,,,False,,False,,NOT_DUE,4,Facility,False
2026-09|HILL_AFB|HILL_CREST|REQ-006,HILL_AFB|HILL_AFB|HILL_CREST|2026-09|1038,PORTFOLIO 3,HILL_AFB,HILL_AFB|HILL_CREST,,2026-09,REQ-006,Facility,VERIFIED,True,2026-10-05,2026-10-05,2026-10-10,2026-10-13,True,,,,,,False,,,False,,False,,NOT_DUE,4,Facility,False
2026-09|HILL_AFB|HILL_CREST|REQ-020,HILL_AFB|HILL_AFB|HILL_CREST|2026-09|EOY-MFR,PORTFOLIO 3,HILL_AFB,HILL_AFB|HILL_CREST,,2026-09,REQ-020,Facility,VERIFIED,True,2026-10-05,2026-10-05,2026-10-10,2026-10-13,True,,,,,,False,,,False,,False,,NOT_DUE,4,Facility,False
2026-09|HILL_AFB|HILL_CREST|REQ-021,HILL_AFB|HILL_AFB|HILL_CREST|2026-09|EOY-INV,PORTFOLIO 3,HILL_AFB,HILL_AFB|HILL_CREST,,2026-09,REQ-021,Facility,VERIFIED,True,2026-10-05,2026-10-05,2026-10-10,2026-10-13,True,,,,,,False,,,False,,False,,NOT_DUE,4,Facility,False
2026-09|HURLBURT_FIELD|RIPTIDE|REQ-001,HURLBURT_FIELD|HURLBURT_FIELD|RIPTIDE|2026-09|1119,PORTFOLIO 4,HURLBURT_FIELD,HURLBURT_FIELD|RIPTIDE,,2026-09,REQ-001,Facility,VERIFIED,True,2026-10-05,2026-10-05,2026-10-10,2026-10-13,True,,,,,,False,,,False,,False,,NOT_DUE,4,Facility,False
2026-09|HURLBURT_FIELD|RIPTIDE|REQ-003,HURLBURT_FIELD|HURLBURT_FIELD|RIPTIDE|2026-09|SF1080,PORTFOLIO 4,HURLBURT_FIELD,HURLBURT_FIELD|RIPTIDE,,2026-09,REQ-003,Facility,VERIFIED,True,2026-10-05,2026-10-05,2026-10-10,2026-10-13,True,,,,,,False,,,False,,False,,NOT_DUE,4,Facility,False
2026-09|HURLBURT_FIELD|RIPTIDE|REQ-004,HURLBURT_FIELD|HURLBURT_FIELD|RIPTIDE|2026-09|SAIIT,PORTFOLIO 4,HURLBURT_FIELD,HURLBURT_FIELD|RIPTIDE,,2026-09,REQ-004,Facility,VERIFIED,True,2026-10-05,2026-10-05,2026-10-10,2026-10-13,True,,,,,,False,,,False,,False,,NOT_DUE,4,Facility,False
2026-09|HURLBURT_FIELD|RIPTIDE|REQ-005,HURLBURT_FIELD|HURLBURT_FIELD|RIPTIDE|2026-09|GPC,PORTFOLIO 4,HURLBURT_FIELD,HURLBURT_FIELD|RIPTIDE,,2026-09,REQ-005,Facility,VERIFIED,True,2026-10-05,2026-10-05,2026-10-10,2026-10-13,True,,,,,,False,,,False,,False,,NOT_DUE,4,Facility,False
2026-09|HURLBURT_FIELD|RIPTIDE|REQ-006,HURLBURT_FIELD|HURLBURT_FIELD|RIPTIDE|2026-09|1038,PORTFOLIO 4,HURLBURT_FIELD,HURLBURT_FIELD|RIPTIDE,,2026-09,REQ-006,Facility,VERIFIED,True,2026-10-05,2026-10-05,2026-10-10,2026-10-13,True,,,,,,False,,,False,,False,,NOT_DUE,4,Facility,False
2026-09|HURLBURT_FIELD|RIPTIDE|REQ-020,HURLBURT_FIELD|HURLBURT_FIELD|RIPTIDE|2026-09|EOY-MFR,PORTFOLIO 4,HURLBURT_FIELD,HURLBURT_FIELD|RIPTIDE,,2026-09,REQ-020,Facility,VERIFIED,True,2026-10-05,2026-10-05,2026-10-10,2026-10-13,True,,,,,,False,,,False,,False,,NOT_DUE,4,Facility,False
2026-09|HURLBURT_FIELD|RIPTIDE|REQ-021,HURLBURT_FIELD|HURLBURT_FIELD|RIPTIDE|2026-09|EOY-INV,PORTFOLIO 4,HURLBURT_FIELD,HURLBURT_FIELD|RIPTIDE,,2026-09,REQ-021,Facility,VERIFIED,True,2026-10-05,2026-10-05,2026-10-10,2026-10-13,True,,,,,,False,,,False,,False,,NOT_DUE,4,Facility,False
2026-09|INCIRLIK_AB|SULTAN_S_INN|REQ-001,INCIRLIK_AB|INCIRLIK_AB|SULTAN_S_INN|2026-09|1119,PORTFOLIO 4,INCIRLIK_AB,INCIRLIK_AB|SULTAN_S_INN,,2026-09,REQ-001,Facility,VERIFIED,True,2026-10-05,2026-10-05,2026-10-10,2026-10-13,True,,,,,,False,,,False,,False,,NOT_DUE,4,Facility,False
2026-09|INCIRLIK_AB|SULTAN_S_INN|REQ-003,INCIRLIK_AB|INCIRLIK_AB|SULTAN_S_INN|2026-09|SF1080,PORTFOLIO 4,INCIRLIK_AB,INCIRLIK_AB|SULTAN_S_INN,,2026-09,REQ-003,Facility,VERIFIED,True,2026-10-05,2026-10-05,2026-10-10,2026-10-13,True,,,,,,False,,,False,,False,,NOT_DUE,4,Facility,False
2026-09|INCIRLIK_AB|SULTAN_S_INN|REQ-004,INCIRLIK_AB|INCIRLIK_AB|SULTAN_S_INN|2026-09|SAIIT,PORTFOLIO 4,INCIRLIK_AB,INCIRLIK_AB|SULTAN_S_INN,,2026-09,REQ-004,Facility,VERIFIED,True,2026-10-05,2026-10-05,2026-10-10,2026-10-13,True,,,,,,False,,,False,,False,,NOT_DUE,4,Facility,False
2026-09|INCIRLIK_AB|SULTAN_S_INN|REQ-005,INCIRLIK_AB|INCIRLIK_AB|SULTAN_S_INN|2026-09|GPC,PORTFOLIO 4,INCIRLIK_AB,INCIRLIK_AB|SULTAN_S_INN,,2026-09,REQ-005,Facility,VERIFIED,True,2026-10-05,2026-10-05,2026-10-10,2026-10-13,True,,,,,,False,,,False,,False,,NOT_DUE,4,Facility,False
2026-09|INCIRLIK_AB|SULTAN_S_INN|REQ-006,INCIRLIK_AB|INCIRLIK_AB|SULTAN_S_INN|2026-09|1038,PORTFOLIO 4,INCIRLIK_AB,INCIRLIK_AB|SULTAN_S_INN,,2026-09,REQ-006,Facility,VERIFIED,True,2026-10-05,2026-10-05,2026-10-10,2026-10-13,True,,,,,,False,,,False,,False,,NOT_DUE,4,Facility,False
2026-09|INCIRLIK_AB|SULTAN_S_INN|REQ-020,INCIRLIK_AB|INCIRLIK_AB|SULTAN_S_INN|2026-09|EOY-MFR,PORTFOLIO 4,INCIRLIK_AB,INCIRLIK_AB|SULTAN_S_INN,,2026-09,REQ-020,Facility,VERIFIED,True,2026-10-05,2026-10-05,2026-10-10,2026-10-13,True,,,,,,False,,,False,,False,,NOT_DUE,4,Facility,False
2026-09|INCIRLIK_AB|SULTAN_S_INN|REQ-021,INCIRLIK_AB|INCIRLIK_AB|SULTAN_S_INN|2026-09|EOY-INV,PORTFOLIO 4,INCIRLIK_AB,INCIRLIK_AB|SULTAN_S_INN,,2026-09,REQ-021,Facility,VERIFIED,True,2026-10-05,2026-10-05,2026-10-10,2026-10-13,True,,,,,,False,,,False,,False,,NOT_DUE,4,Facility,False
2026-09|JBL_MCCHORD|OLYMPIC|REQ-001,JBL_MCCHORD|JBL_MCCHORD|OLYMPIC|2026-09|1119,PORTFOLIO 1,JBL_MCCHORD,JBL_MCCHORD|OLYMPIC,,2026-09,REQ-001,Facility,VERIFIED,True,2026-10-05,2026-10-05,2026-10-10,2026-10-13,True,,,,,,False,,,False,,False,,NOT_DUE,4,Facility,False
2026-09|JBL_MCCHORD|OLYMPIC|REQ-003,JBL_MCCHORD|JBL_MCCHORD|OLYMPIC|2026-09|SF1080,PORTFOLIO 1,JBL_MCCHORD,JBL_MCCHORD|OLYMPIC,,2026-09,REQ-003,Facility,VERIFIED,True,2026-10-05,2026-10-05,2026-10-10,2026-10-13,True,,,,,,False,,,False,,False,,NOT_DUE,4,Facility,False
2026-09|JBL_MCCHORD|OLYMPIC|REQ-004,JBL_MCCHORD|JBL_MCCHORD|OLYMPIC|2026-09|SAIIT,PORTFOLIO 1,JBL_MCCHORD,JBL_MCCHORD|OLYMPIC,,2026-09,REQ-004,Facility,VERIFIED,True,2026-10-05,2026-10-05,2026-10-10,2026-10-13,True,,,,,,False,,,False,,False,,NOT_DUE,4,Facility,False
2026-09|JBL_MCCHORD|OLYMPIC|REQ-005,JBL_MCCHORD|JBL_MCCHORD|OLYMPIC|2026-09|GPC,PORTFOLIO 1,JBL_MCCHORD,JBL_MCCHORD|OLYMPIC,,2026-09,REQ-005,Facility,VERIFIED,True,2026-10-05,2026-10-05,2026-10-10,2026-10-13,True,,,,,,False,,,False,,False,,NOT_DUE,4,Facility,False
2026-09|JBL_MCCHORD|OLYMPIC|REQ-006,JBL_MCCHORD|JBL_MCCHORD|OLYMPIC|2026-09|1038,PORTFOLIO 1,JBL_MCCHORD,JBL_MCCHORD|OLYMPIC,,2026-09,REQ-006,Facility,VERIFIED,True,2026-10-05,2026-10-05,2026-10-10,2026-10-13,True,,,,,,False,,,False,,False,,NOT_DUE,4,Facility,False
2026-09|JBL_MCCHORD|OLYMPIC|REQ-020,JBL_MCCHORD|JBL_MCCHORD|OLYMPIC|2026-09|EOY-MFR,PORTFOLIO 1,JBL_MCCHORD,JBL_MCCHORD|OLYMPIC,,2026-09,REQ-020,Facility,VERIFIED,True,2026-10-05,2026-10-05,2026-10-10,2026-10-13,True,,,,,,False,,,False,,False,,NOT_DUE,4,Facility,False
2026-09|JBL_MCCHORD|OLYMPIC|REQ-021,JBL_MCCHORD|JBL_MCCHORD|OLYMPIC|2026-09|EOY-INV,PORTFOLIO 1,JBL_MCCHORD,JBL_MCCHORD|OLYMPIC,,2026-09,REQ-021,Facility,VERIFIED,True,2026-10-05,2026-10-05,2026-10-10,2026-10-13,True,,,,,,False,,,False,,False,,NOT_DUE,4,Facility,False
2026-09|JBP_HICKAM|HALE_AINA|REQ-001,JBP_HICKAM|JBP_HICKAM|HALE_AINA|2026-09|1119,PORTFOLIO 1,JBP_HICKAM,JBP_HICKAM|HALE_AINA,,2026-09,REQ-001,Facility,VERIFIED,True,2026-10-05,2026-10-05,2026-10-10,2026-10-13,True,,,,,,False,,,False,,False,,NOT_DUE,4,Facility,False
2026-09|JBP_HICKAM|HALE_AINA|REQ-003,JBP_HICKAM|JBP_HICKAM|HALE_AINA|2026-09|SF1080,PORTFOLIO 1,JBP_HICKAM,JBP_HICKAM|HALE_AINA,,2026-09,REQ-003,Facility,VERIFIED,True,2026-10-05,2026-10-05,2026-10-10,2026-10-13,True,,,,,,False,,,False,,False,,NOT_DUE,4,Facility,False
2026-09|JBP_HICKAM|HALE_AINA|REQ-004,JBP_HICKAM|JBP_HICKAM|HALE_AINA|2026-09|SAIIT,PORTFOLIO 1,JBP_HICKAM,JBP_HICKAM|HALE_AINA,,2026-09,REQ-004,Facility,VERIFIED,True,2026-10-05,2026-10-05,2026-10-10,2026-10-13,True,,,,,,False,,,False,,False,,NOT_DUE,4,Facility,False
2026-09|JBP_HICKAM|HALE_AINA|REQ-005,JBP_HICKAM|JBP_HICKAM|HALE_AINA|2026-09|GPC,PORTFOLIO 1,JBP_HICKAM,JBP_HICKAM|HALE_AINA,,2026-09,REQ-005,Facility,VERIFIED,True,2026-10-05,2026-10-05,2026-10-10,2026-10-13,True,,,,,,False,,,False,,False,,NOT_DUE,4,Facility,False
2026-09|JBP_HICKAM|HALE_AINA|REQ-006,JBP_HICKAM|JBP_HICKAM|HALE_AINA|2026-09|1038,PORTFOLIO 1,JBP_HICKAM,JBP_HICKAM|HALE_AINA,,2026-09,REQ-006,Facility,VERIFIED,True,2026-10-05,2026-10-05,2026-10-10,2026-10-13,True,,,,,,False,,,False,,False,,NOT_DUE,4,Facility,False
2026-09|JBP_HICKAM|HALE_AINA|REQ-020,JBP_HICKAM|JBP_HICKAM|HALE_AINA|2026-09|EOY-MFR,PORTFOLIO 1,JBP_HICKAM,JBP_HICKAM|HALE_AINA,,2026-09,REQ-020,Facility,VERIFIED,True,2026-10-05,2026-10-05,2026-10-10,2026-10-13,True,,,,,,False,,,False,,False,,NOT_DUE,4,Facility,False
2026-09|JBP_HICKAM|HALE_AINA|REQ-021,JBP_HICKAM|JBP_HICKAM|HALE_AINA|2026-09|EOY-INV,PORTFOLIO 1,JBP_HICKAM,JBP_HICKAM|HALE_AINA,,2026-09,REQ-021,Facility,VERIFIED,True,2026-10-05,2026-10-05,2026-10-10,2026-10-13,True,,,,,,False,,,False,,False,,NOT_DUE,4,Facility,False
2026-09|JBSA_LACKLAND|AMIGO|REQ-001,JBSA_LACKLAND|JBSA_LACKLAND|AMIGO|2026-09|1119,PORTFOLIO 2,JBSA_LACKLAND,JBSA_LACKLAND|AMIGO,,2026-09,REQ-001,Facility,VERIFIED,True,2026-10-05,2026-10-05,2026-10-10,2026-10-13,True,,,,,,False,,,False,,False,,NOT_DUE,4,Facility,False
2026-09|JBSA_LACKLAND|AMIGO|REQ-003,JBSA_LACKLAND|JBSA_LACKLAND|AMIGO|2026-09|SF1080,PORTFOLIO 2,JBSA_LACKLAND,JBSA_LACKLAND|AMIGO,,2026-09,REQ-003,Facility,VERIFIED,True,2026-10-05,2026-10-05,2026-10-10,2026-10-13,True,,,,,,False,,,False,,False,,NOT_DUE,4,Facility,False
2026-09|JBSA_LACKLAND|AMIGO|REQ-004,JBSA_LACKLAND|JBSA_LACKLAND|AMIGO|2026-09|SAIIT,PORTFOLIO 2,JBSA_LACKLAND,JBSA_LACKLAND|AMIGO,,2026-09,REQ-004,Facility,VERIFIED,True,2026-10-05,2026-10-05,2026-10-10,2026-10-13,True,,,,,,False,,,False,,False,,NOT_DUE,4,Facility,False
2026-09|JBSA_LACKLAND|AMIGO|REQ-005,JBSA_LACKLAND|JBSA_LACKLAND|AMIGO|2026-09|GPC,PORTFOLIO 2,JBSA_LACKLAND,JBSA_LACKLAND|AMIGO,,2026-09,REQ-005,Facility,VERIFIED,True,2026-10-05,2026-10-05,2026-10-10,2026-10-13,True,,,,,,False,,,False,,False,,NOT_DUE,4,Facility,False
2026-09|JBSA_LACKLAND|AMIGO|REQ-006,JBSA_LACKLAND|JBSA_LACKLAND|AMIGO|2026-09|1038,PORTFOLIO 2,JBSA_LACKLAND,JBSA_LACKLAND|AMIGO,,2026-09,REQ-006,Facility,VERIFIED,True,2026-10-05,2026-10-05,2026-10-10,2026-10-13,True,,,,,,False,,,False,,False,,NOT_DUE,4,Facility,False
2026-09|JBSA_LACKLAND|AMIGO|REQ-020,JBSA_LACKLAND|JBSA_LACKLAND|AMIGO|2026-09|EOY-MFR,PORTFOLIO 2,JBSA_LACKLAND,JBSA_LACKLAND|AMIGO,,2026-09,REQ-020,Facility,VERIFIED,True,2026-10-05,2026-10-05,2026-10-10,2026-10-13,True,,,,,,False,,,False,,False,,NOT_DUE,4,Facility,False
2026-09|JBSA_LACKLAND|AMIGO|REQ-021,JBSA_LACKLAND|JBSA_LACKLAND|AMIGO|2026-09|EOY-INV,PORTFOLIO 2,JBSA_LACKLAND,JBSA_LACKLAND|AMIGO,,2026-09,REQ-021,Facility,VERIFIED,True,2026-10-05,2026-10-05,2026-10-10,2026-10-13,True,,,,,,False,,,False,,False,,NOT_DUE,4,Facility,False
2026-09|JBSA_LACKLAND|CHAPMAN|REQ-001,JBSA_LACKLAND|JBSA_LACKLAND|CHAPMAN|2026-09|1119,PORTFOLIO 2,JBSA_LACKLAND,JBSA_LACKLAND|CHAPMAN,,2026-09,REQ-001,Facility,VERIFIED,True,2026-10-05,2026-10-05,2026-10-10,2026-10-13,True,,,,,,False,,,False,,False,,NOT_DUE,4,Facility,False
2026-09|JBSA_LACKLAND|CHAPMAN|REQ-003,JBSA_LACKLAND|JBSA_LACKLAND|CHAPMAN|2026-09|SF1080,PORTFOLIO 2,JBSA_LACKLAND,JBSA_LACKLAND|CHAPMAN,,2026-09,REQ-003,Facility,VERIFIED,True,2026-10-05,2026-10-05,2026-10-10,2026-10-13,True,,,,,,False,,,False,,False,,NOT_DUE,4,Facility,False
2026-09|JBSA_LACKLAND|CHAPMAN|REQ-004,JBSA_LACKLAND|JBSA_LACKLAND|CHAPMAN|2026-09|SAIIT,PORTFOLIO 2,JBSA_LACKLAND,JBSA_LACKLAND|CHAPMAN,,2026-09,REQ-004,Facility,VERIFIED,True,2026-10-05,2026-10-05,2026-10-10,2026-10-13,True,,,,,,False,,,False,,False,,NOT_DUE,4,Facility,False
2026-09|JBSA_LACKLAND|CHAPMAN|REQ-005,JBSA_LACKLAND|JBSA_LACKLAND|CHAPMAN|2026-09|GPC,PORTFOLIO 2,JBSA_LACKLAND,JBSA_LACKLAND|CHAPMAN,,2026-09,REQ-005,Facility,VERIFIED,True,2026-10-05,2026-10-05,2026-10-10,2026-10-13,True,,,,,,False,,,False,,False,,NOT_DUE,4,Facility,False
2026-09|JBSA_LACKLAND|CHAPMAN|REQ-006,JBSA_LACKLAND|JBSA_LACKLAND|CHAPMAN|2026-09|1038,PORTFOLIO 2,JBSA_LACKLAND,JBSA_LACKLAND|CHAPMAN,,2026-09,REQ-006,Facility,VERIFIED,True,2026-10-05,2026-10-05,2026-10-10,2026-10-13,True,,,,,,False,,,False,,False,,NOT_DUE,4,Facility,False
2026-09|JBSA_LACKLAND|CHAPMAN|REQ-020,JBSA_LACKLAND|JBSA_LACKLAND|CHAPMAN|2026-09|EOY-MFR,PORTFOLIO 2,JBSA_LACKLAND,JBSA_LACKLAND|CHAPMAN,,2026-09,REQ-020,Facility,VERIFIED,True,2026-10-05,2026-10-05,2026-10-10,2026-10-13,True,,,,,,False,,,False,,False,,NOT_DUE,4,Facility,False
2026-09|JBSA_LACKLAND|CHAPMAN|REQ-021,JBSA_LACKLAND|JBSA_LACKLAND|CHAPMAN|2026-09|EOY-INV,PORTFOLIO 2,JBSA_LACKLAND,JBSA_LACKLAND|CHAPMAN,,2026-09,REQ-021,Facility,VERIFIED,True,2026-10-05,2026-10-05,2026-10-10,2026-10-13,True,,,,,,False,,,False,,False,,NOT_DUE,4,Facility,False
2026-09|JBSA_LACKLAND|DEFENDER|REQ-001,JBSA_LACKLAND|JBSA_LACKLAND|DEFENDER|2026-09|1119,PORTFOLIO 2,JBSA_LACKLAND,JBSA_LACKLAND|DEFENDER,,2026-09,REQ-001,Facility,VERIFIED,True,2026-10-05,2026-10-05,2026-10-10,2026-10-13,True,,,,,,False,,,False,,False,,NOT_DUE,4,Facility,False
2026-09|JBSA_LACKLAND|DEFENDER|REQ-003,JBSA_LACKLAND|JBSA_LACKLAND|DEFENDER|2026-09|SF1080,PORTFOLIO 2,JBSA_LACKLAND,JBSA_LACKLAND|DEFENDER,,2026-09,REQ-003,Facility,VERIFIED,True,2026-10-05,2026-10-05,2026-10-10,2026-10-13,True,,,,,,False,,,False,,False,,NOT_DUE,4,Facility,False
2026-09|JBSA_LACKLAND|DEFENDER|REQ-004,JBSA_LACKLAND|JBSA_LACKLAND|DEFENDER|2026-09|SAIIT,PORTFOLIO 2,JBSA_LACKLAND,JBSA_LACKLAND|DEFENDER,,2026-09,REQ-004,Facility,VERIFIED,True,2026-10-05,2026-10-05,2026-10-10,2026-10-13,True,,,,,,False,,,False,,False,,NOT_DUE,4,Facility,False
2026-09|JBSA_LACKLAND|DEFENDER|REQ-005,JBSA_LACKLAND|JBSA_LACKLAND|DEFENDER|2026-09|GPC,PORTFOLIO 2,JBSA_LACKLAND,JBSA_LACKLAND|DEFENDER,,2026-09,REQ-005,Facility,VERIFIED,True,2026-10-05,2026-10-05,2026-10-10,2026-10-13,True,,,,,,False,,,False,,False,,NOT_DUE,4,Facility,False
2026-09|JBSA_LACKLAND|DEFENDER|REQ-006,JBSA_LACKLAND|JBSA_LACKLAND|DEFENDER|2026-09|1038,PORTFOLIO 2,JBSA_LACKLAND,JBSA_LACKLAND|DEFENDER,,2026-09,REQ-006,Facility,VERIFIED,True,2026-10-05,2026-10-05,2026-10-10,2026-10-13,True,,,,,,False,,,False,,False,,NOT_DUE,4,Facility,False
2026-09|JBSA_LACKLAND|DEFENDER|REQ-020,JBSA_LACKLAND|JBSA_LACKLAND|DEFENDER|2026-09|EOY-MFR,PORTFOLIO 2,JBSA_LACKLAND,JBSA_LACKLAND|DEFENDER,,2026-09,REQ-020,Facility,VERIFIED,True,2026-10-05,2026-10-05,2026-10-10,2026-10-13,True,,,,,,False,,,False,,False,,NOT_DUE,4,Facility,False
2026-09|JBSA_LACKLAND|DEFENDER|REQ-021,JBSA_LACKLAND|JBSA_LACKLAND|DEFENDER|2026-09|EOY-INV,PORTFOLIO 2,JBSA_LACKLAND,JBSA_LACKLAND|DEFENDER,,2026-09,REQ-021,Facility,VERIFIED,True,2026-10-05,2026-10-05,2026-10-10,2026-10-13,True,,,,,,False,,,False,,False,,NOT_DUE,4,Facility,False
2026-09|JBSA_LACKLAND|FLIGHT_KITCHEN_FK|REQ-001,JBSA_LACKLAND|JBSA_LACKLAND|FLIGHT_KITCHEN_FK|2026-09|1119,PORTFOLIO 2,JBSA_LACKLAND,JBSA_LACKLAND|FLIGHT_KITCHEN_FK,,2026-09,REQ-001,Facility,VERIFIED,True,2026-10-05,2026-10-05,2026-10-10,2026-10-13,True,,,,,,False,,,False,,False,,NOT_DUE,4,Facility,False
2026-09|JBSA_LACKLAND|FLIGHT_KITCHEN_FK|REQ-003,JBSA_LACKLAND|JBSA_LACKLAND|FLIGHT_KITCHEN_FK|2026-09|SF1080,PORTFOLIO 2,JBSA_LACKLAND,JBSA_LACKLAND|FLIGHT_KITCHEN_FK,,2026-09,REQ-003,Facility,VERIFIED,True,2026-10-05,2026-10-05,2026-10-10,2026-10-13,True,,,,,,False,,,False,,False,,NOT_DUE,4,Facility,False
2026-09|JBSA_LACKLAND|FLIGHT_KITCHEN_FK|REQ-004,JBSA_LACKLAND|JBSA_LACKLAND|FLIGHT_KITCHEN_FK|2026-09|SAIIT,PORTFOLIO 2,JBSA_LACKLAND,JBSA_LACKLAND|FLIGHT_KITCHEN_FK,,2026-09,REQ-004,Facility,VERIFIED,True,2026-10-05,2026-10-05,2026-10-10,2026-10-13,True,,,,,,False,,,False,,False,,NOT_DUE,4,Facility,False
2026-09|JBSA_LACKLAND|FLIGHT_KITCHEN_FK|REQ-005,JBSA_LACKLAND|JBSA_LACKLAND|FLIGHT_KITCHEN_FK|2026-09|GPC,PORTFOLIO 2,JBSA_LACKLAND,JBSA_LACKLAND|FLIGHT_KITCHEN_FK,,2026-09,REQ-005,Facility,VERIFIED,True,2026-10-05,2026-10-05,2026-10-10,2026-10-13,True,,,,,,False,,,False,,False,,NOT_DUE,4,Facility,False
2026-09|JBSA_LACKLAND|FLIGHT_KITCHEN_FK|REQ-006,JBSA_LACKLAND|JBSA_LACKLAND|FLIGHT_KITCHEN_FK|2026-09|1038,PORTFOLIO 2,JBSA_LACKLAND,JBSA_LACKLAND|FLIGHT_KITCHEN_FK,,2026-09,REQ-006,Facility,VERIFIED,True,2026-10-05,2026-10-05,2026-10-10,2026-10-13,True,,,,,,False,,,False,,False,,NOT_DUE,4,Facility,False
2026-09|JBSA_LACKLAND|FLIGHT_KITCHEN_FK|REQ-020,JBSA_LACKLAND|JBSA_LACKLAND|FLIGHT_KITCHEN_FK|2026-09|EOY-MFR,PORTFOLIO 2,JBSA_LACKLAND,JBSA_LACKLAND|FLIGHT_KITCHEN_FK,,2026-09,REQ-020,Facility,VERIFIED,True,2026-10-05,2026-10-05,2026-10-10,2026-10-13,True,,,,,,False,,,False,,False,,NOT_DUE,4,Facility,False
2026-09|JBSA_LACKLAND|FLIGHT_KITCHEN_FK|REQ-021,JBSA_LACKLAND|JBSA_LACKLAND|FLIGHT_KITCHEN_FK|2026-09|EOY-INV,PORTFOLIO 2,JBSA_LACKLAND,JBSA_LACKLAND|FLIGHT_KITCHEN_FK,,2026-09,REQ-021,Facility,VERIFIED,True,2026-10-05,2026-10-05,2026-10-10,2026-10-13,True,,,,,,False,,,False,,False,,NOT_DUE,4,Facility,False
2026-09|JBSA_LACKLAND|LIVE_OAK|REQ-001,JBSA_LACKLAND|JBSA_LACKLAND|LIVE_OAK|2026-09|1119,PORTFOLIO 2,JBSA_LACKLAND,JBSA_LACKLAND|LIVE_OAK,,2026-09,REQ-001,Facility,VERIFIED,True,2026-10-05,2026-10-05,2026-10-10,2026-10-13,True,,,,,,False,,,False,,False,,NOT_DUE,4,Facility,False
2026-09|JBSA_LACKLAND|LIVE_OAK|REQ-003,JBSA_LACKLAND|JBSA_LACKLAND|LIVE_OAK|2026-09|SF1080,PORTFOLIO 2,JBSA_LACKLAND,JBSA_LACKLAND|LIVE_OAK,,2026-09,REQ-003,Facility,VERIFIED,True,2026-10-05,2026-10-05,2026-10-10,2026-10-13,True,,,,,,False,,,False,,False,,NOT_DUE,4,Facility,False
2026-09|JBSA_LACKLAND|LIVE_OAK|REQ-004,JBSA_LACKLAND|JBSA_LACKLAND|LIVE_OAK|2026-09|SAIIT,PORTFOLIO 2,JBSA_LACKLAND,JBSA_LACKLAND|LIVE_OAK,,2026-09,REQ-004,Facility,VERIFIED,True,2026-10-05,2026-10-05,2026-10-10,2026-10-13,True,,,,,,False,,,False,,False,,NOT_DUE,4,Facility,False
2026-09|JBSA_LACKLAND|LIVE_OAK|REQ-005,JBSA_LACKLAND|JBSA_LACKLAND|LIVE_OAK|2026-09|GPC,PORTFOLIO 2,JBSA_LACKLAND,JBSA_LACKLAND|LIVE_OAK,,2026-09,REQ-005,Facility,VERIFIED,True,2026-10-05,2026-10-05,2026-10-10,2026-10-13,True,,,,,,False,,,False,,False,,NOT_DUE,4,Facility,False
2026-09|JBSA_LACKLAND|LIVE_OAK|REQ-006,JBSA_LACKLAND|JBSA_LACKLAND|LIVE_OAK|2026-09|1038,PORTFOLIO 2,JBSA_LACKLAND,JBSA_LACKLAND|LIVE_OAK,,2026-09,REQ-006,Facility,VERIFIED,True,2026-10-05,2026-10-05,2026-10-10,2026-10-13,True,,,,,,False,,,False,,False,,NOT_DUE,4,Facility,False
2026-09|JBSA_LACKLAND|LIVE_OAK|REQ-020,JBSA_LACKLAND|JBSA_LACKLAND|LIVE_OAK|2026-09|EOY-MFR,PORTFOLIO 2,JBSA_LACKLAND,JBSA_LACKLAND|LIVE_OAK,,2026-09,REQ-020,Facility,VERIFIED,True,2026-10-05,2026-10-05,2026-10-10,2026-10-13,True,,,,,,False,,,False,,False,,NOT_DUE,4,Facility,False
2026-09|JBSA_LACKLAND|LIVE_OAK|REQ-021,JBSA_LACKLAND|JBSA_LACKLAND|LIVE_OAK|2026-09|EOY-INV,PORTFOLIO 2,JBSA_LACKLAND,JBSA_LACKLAND|LIVE_OAK,,2026-09,REQ-021,Facility,VERIFIED,True,2026-10-05,2026-10-05,2026-10-10,2026-10-13,True,,,,,,False,,,False,,False,,NOT_DUE,4,Facility,False
2026-09|JBSA_LACKLAND|SWT|REQ-001,JBSA_LACKLAND|JBSA_LACKLAND|SWT|2026-09|1119,PORTFOLIO 2,JBSA_LACKLAND,JBSA_LACKLAND|SWT,,2026-09,REQ-001,Facility,VERIFIED,True,2026-10-05,2026-10-05,2026-10-10,2026-10-13,True,,,,,,False,,,False,,False,,NOT_DUE,4,Facility,False
2026-09|JBSA_LACKLAND|SWT|REQ-003,JBSA_LACKLAND|JBSA_LACKLAND|SWT|2026-09|SF1080,PORTFOLIO 2,JBSA_LACKLAND,JBSA_LACKLAND|SWT,,2026-09,REQ-003,Facility,VERIFIED,True,2026-10-05,2026-10-05,2026-10-10,2026-10-13,True,,,,,,False,,,False,,False,,NOT_DUE,4,Facility,False
2026-09|JBSA_LACKLAND|SWT|REQ-004,JBSA_LACKLAND|JBSA_LACKLAND|SWT|2026-09|SAIIT,PORTFOLIO 2,JBSA_LACKLAND,JBSA_LACKLAND|SWT,,2026-09,REQ-004,Facility,VERIFIED,True,2026-10-05,2026-10-05,2026-10-10,2026-10-13,True,,,,,,False,,,False,,False,,NOT_DUE,4,Facility,False
2026-09|JBSA_LACKLAND|SWT|REQ-005,JBSA_LACKLAND|JBSA_LACKLAND|SWT|2026-09|GPC,PORTFOLIO 2,JBSA_LACKLAND,JBSA_LACKLAND|SWT,,2026-09,REQ-005,Facility,VERIFIED,True,2026-10-05,2026-10-05,2026-10-10,2026-10-13,True,,,,,,False,,,False,,False,,NOT_DUE,4,Facility,False
2026-09|JBSA_LACKLAND|SWT|REQ-006,JBSA_LACKLAND|JBSA_LACKLAND|SWT|2026-09|1038,PORTFOLIO 2,JBSA_LACKLAND,JBSA_LACKLAND|SWT,,2026-09,REQ-006,Facility,VERIFIED,True,2026-10-05,2026-10-05,2026-10-10,2026-10-13,True,,,,,,False,,,False,,False,,NOT_DUE,4,Facility,False
2026-09|JBSA_LACKLAND|SWT|REQ-020,JBSA_LACKLAND|JBSA_LACKLAND|SWT|2026-09|EOY-MFR,PORTFOLIO 2,JBSA_LACKLAND,JBSA_LACKLAND|SWT,,2026-09,REQ-020,Facility,VERIFIED,True,2026-10-05,2026-10-05,2026-10-10,2026-10-13,True,,,,,,False,,,False,,False,,NOT_DUE,4,Facility,False
2026-09|JBSA_LACKLAND|SWT|REQ-021,JBSA_LACKLAND|JBSA_LACKLAND|SWT|2026-09|EOY-INV,PORTFOLIO 2,JBSA_LACKLAND,JBSA_LACKLAND|SWT,,2026-09,REQ-021,Facility,VERIFIED,True,2026-10-05,2026-10-05,2026-10-10,2026-10-13,True,,,,,,False,,,False,,False,,NOT_DUE,4,Facility,False
2026-09|JB_LANGLEY|CROSSBOW|REQ-001,JB_LANGLEY|JB_LANGLEY|CROSSBOW|2026-09|1119,PORTFOLIO 4,JB_LANGLEY,JB_LANGLEY|CROSSBOW,,2026-09,REQ-001,Facility,VERIFIED,True,2026-10-05,2026-10-05,2026-10-10,2026-10-13,True,,,,,,False,,,False,,False,,NOT_DUE,4,Facility,False
2026-09|JB_LANGLEY|CROSSBOW|REQ-003,JB_LANGLEY|JB_LANGLEY|CROSSBOW|2026-09|SF1080,PORTFOLIO 4,JB_LANGLEY,JB_LANGLEY|CROSSBOW,,2026-09,REQ-003,Facility,VERIFIED,True,2026-10-05,2026-10-05,2026-10-10,2026-10-13,True,,,,,,False,,,False,,False,,NOT_DUE,4,Facility,False
2026-09|JB_LANGLEY|CROSSBOW|REQ-004,JB_LANGLEY|JB_LANGLEY|CROSSBOW|2026-09|SAIIT,PORTFOLIO 4,JB_LANGLEY,JB_LANGLEY|CROSSBOW,,2026-09,REQ-004,Facility,VERIFIED,True,2026-10-05,2026-10-05,2026-10-10,2026-10-13,True,,,,,,False,,,False,,False,,NOT_DUE,4,Facility,False
2026-09|JB_LANGLEY|CROSSBOW|REQ-005,JB_LANGLEY|JB_LANGLEY|CROSSBOW|2026-09|GPC,PORTFOLIO 4,JB_LANGLEY,JB_LANGLEY|CROSSBOW,,2026-09,REQ-005,Facility,VERIFIED,True,2026-10-05,2026-10-05,2026-10-10,2026-10-13,True,,,,,,False,,,False,,False,,NOT_DUE,4,Facility,False
2026-09|JB_LANGLEY|CROSSBOW|REQ-006,JB_LANGLEY|JB_LANGLEY|CROSSBOW|2026-09|1038,PORTFOLIO 4,JB_LANGLEY,JB_LANGLEY|CROSSBOW,,2026-09,REQ-006,Facility,VERIFIED,True,2026-10-05,2026-10-05,2026-10-10,2026-10-13,True,,,,,,False,,,False,,False,,NOT_DUE,4,Facility,False
2026-09|JB_LANGLEY|CROSSBOW|REQ-020,JB_LANGLEY|JB_LANGLEY|CROSSBOW|2026-09|EOY-MFR,PORTFOLIO 4,JB_LANGLEY,JB_LANGLEY|CROSSBOW,,2026-09,REQ-020,Facility,VERIFIED,True,2026-10-05,2026-10-05,2026-10-10,2026-10-13,True,,,,,,False,,,False,,False,,NOT_DUE,4,Facility,False
2026-09|JB_LANGLEY|CROSSBOW|REQ-021,JB_LANGLEY|JB_LANGLEY|CROSSBOW|2026-09|EOY-INV,PORTFOLIO 4,JB_LANGLEY,JB_LANGLEY|CROSSBOW,,2026-09,REQ-021,Facility,VERIFIED,True,2026-10-05,2026-10-05,2026-10-10,2026-10-13,True,,,,,,False,,,False,,False,,NOT_DUE,4,Facility,False
2026-09|JB_LANGLEY|RAPTOR_FK|REQ-001,JB_LANGLEY|JB_LANGLEY|RAPTOR_FK|2026-09|1119,PORTFOLIO 4,JB_LANGLEY,JB_LANGLEY|RAPTOR_FK,,2026-09,REQ-001,Facility,VERIFIED,True,2026-10-05,2026-10-05,2026-10-10,2026-10-13,True,,,,,,False,,,False,,False,,NOT_DUE,4,Facility,False
2026-09|JB_LANGLEY|RAPTOR_FK|REQ-003,JB_LANGLEY|JB_LANGLEY|RAPTOR_FK|2026-09|SF1080,PORTFOLIO 4,JB_LANGLEY,JB_LANGLEY|RAPTOR_FK,,2026-09,REQ-003,Facility,VERIFIED,True,2026-10-05,2026-10-05,2026-10-10,2026-10-13,True,,,,,,False,,,False,,False,,NOT_DUE,4,Facility,False
2026-09|JB_LANGLEY|RAPTOR_FK|REQ-004,JB_LANGLEY|JB_LANGLEY|RAPTOR_FK|2026-09|SAIIT,PORTFOLIO 4,JB_LANGLEY,JB_LANGLEY|RAPTOR_FK,,2026-09,REQ-004,Facility,VERIFIED,True,2026-10-05,2026-10-05,2026-10-10,2026-10-13,True,,,,,,False,,,False,,False,,NOT_DUE,4,Facility,False
2026-09|JB_LANGLEY|RAPTOR_FK|REQ-005,JB_LANGLEY|JB_LANGLEY|RAPTOR_FK|2026-09|GPC,PORTFOLIO 4,JB_LANGLEY,JB_LANGLEY|RAPTOR_FK,,2026-09,REQ-005,Facility,VERIFIED,True,2026-10-05,2026-10-05,2026-10-10,2026-10-13,True,,,,,,False,,,False,,False,,NOT_DUE,4,Facility,False
2026-09|JB_LANGLEY|RAPTOR_FK|REQ-006,JB_LANGLEY|JB_LANGLEY|RAPTOR_FK|2026-09|1038,PORTFOLIO 4,JB_LANGLEY,JB_LANGLEY|RAPTOR_FK,,2026-09,REQ-006,Facility,VERIFIED,True,2026-10-05,2026-10-05,2026-10-10,2026-10-13,True,,,,,,False,,,False,,False,,NOT_DUE,4,Facility,False
2026-09|JB_LANGLEY|RAPTOR_FK|REQ-020,JB_LANGLEY|JB_LANGLEY|RAPTOR_FK|2026-09|EOY-MFR,PORTFOLIO 4,JB_LANGLEY,JB_LANGLEY|RAPTOR_FK,,2026-09,REQ-020,Facility,VERIFIED,True,2026-10-05,2026-10-05,2026-10-10,2026-10-13,True,,,,,,False,,,False,,False,,NOT_DUE,4,Facility,False
2026-09|JB_LANGLEY|RAPTOR_FK|REQ-021,JB_LANGLEY|JB_LANGLEY|RAPTOR_FK|2026-09|EOY-INV,PORTFOLIO 4,JB_LANGLEY,JB_LANGLEY|RAPTOR_FK,,2026-09,REQ-021,Facility,VERIFIED,True,2026-10-05,2026-10-05,2026-10-10,2026-10-13,True,,,,,,False,,,False,,False,,NOT_DUE,4,Facility,False
2026-09|KADENA_AB|JOHNSON|REQ-001,KADENA_AB|KADENA_AB|JOHNSON|2026-09|1119,PORTFOLIO 1,KADENA_AB,KADENA_AB|JOHNSON,,2026-09,REQ-001,Facility,VERIFIED,True,2026-10-05,2026-10-05,2026-10-10,2026-10-13,True,,,,,,False,,,False,,False,,NOT_DUE,4,Facility,False
2026-09|KADENA_AB|JOHNSON|REQ-003,KADENA_AB|KADENA_AB|JOHNSON|2026-09|SF1080,PORTFOLIO 1,KADENA_AB,KADENA_AB|JOHNSON,,2026-09,REQ-003,Facility,VERIFIED,True,2026-10-05,2026-10-05,2026-10-10,2026-10-13,True,,,,,,False,,,False,,False,,NOT_DUE,4,Facility,False
2026-09|KADENA_AB|JOHNSON|REQ-004,KADENA_AB|KADENA_AB|JOHNSON|2026-09|SAIIT,PORTFOLIO 1,KADENA_AB,KADENA_AB|JOHNSON,,2026-09,REQ-004,Facility,VERIFIED,True,2026-10-05,2026-10-05,2026-10-10,2026-10-13,True,,,,,,False,,,False,,False,,NOT_DUE,4,Facility,False
2026-09|KADENA_AB|JOHNSON|REQ-005,KADENA_AB|KADENA_AB|JOHNSON|2026-09|GPC,PORTFOLIO 1,KADENA_AB,KADENA_AB|JOHNSON,,2026-09,REQ-005,Facility,VERIFIED,True,2026-10-05,2026-10-05,2026-10-10,2026-10-13,True,,,,,,False,,,False,,False,,NOT_DUE,4,Facility,False
2026-09|KADENA_AB|JOHNSON|REQ-006,KADENA_AB|KADENA_AB|JOHNSON|2026-09|1038,PORTFOLIO 1,KADENA_AB,KADENA_AB|JOHNSON,,2026-09,REQ-006,Facility,VERIFIED,True,2026-10-05,2026-10-05,2026-10-10,2026-10-13,True,,,,,,False,,,False,,False,,NOT_DUE,4,Facility,False
2026-09|KADENA_AB|JOHNSON|REQ-020,KADENA_AB|KADENA_AB|JOHNSON|2026-09|EOY-MFR,PORTFOLIO 1,KADENA_AB,KADENA_AB|JOHNSON,,2026-09,REQ-020,Facility,VERIFIED,True,2026-10-05,2026-10-05,2026-10-10,2026-10-13,True,,,,,,False,,,False,,False,,NOT_DUE,4,Facility,False
2026-09|KADENA_AB|JOHNSON|REQ-021,KADENA_AB|KADENA_AB|JOHNSON|2026-09|EOY-INV,PORTFOLIO 1,KADENA_AB,KADENA_AB|JOHNSON,,2026-09,REQ-021,Facility,VERIFIED,True,2026-10-05,2026-10-05,2026-10-10,2026-10-13,True,,,,,,False,,,False,,False,,NOT_DUE,4,Facility,False
2026-09|KADENA_AB|MARSHALL|REQ-001,KADENA_AB|KADENA_AB|MARSHALL|2026-09|1119,PORTFOLIO 1,KADENA_AB,KADENA_AB|MARSHALL,,2026-09,REQ-001,Facility,VERIFIED,True,2026-10-05,2026-10-05,2026-10-10,2026-10-13,True,,,,,,False,,,False,,False,,NOT_DUE,4,Facility,False
2026-09|KADENA_AB|MARSHALL|REQ-003,KADENA_AB|KADENA_AB|MARSHALL|2026-09|SF1080,PORTFOLIO 1,KADENA_AB,KADENA_AB|MARSHALL,,2026-09,REQ-003,Facility,VERIFIED,True,2026-10-05,2026-10-05,2026-10-10,2026-10-13,True,,,,,,False,,,False,,False,,NOT_DUE,4,Facility,False
2026-09|KADENA_AB|MARSHALL|REQ-004,KADENA_AB|KADENA_AB|MARSHALL|2026-09|SAIIT,PORTFOLIO 1,KADENA_AB,KADENA_AB|MARSHALL,,2026-09,REQ-004,Facility,VERIFIED,True,2026-10-05,2026-10-05,2026-10-10,2026-10-13,True,,,,,,False,,,False,,False,,NOT_DUE,4,Facility,False
2026-09|KADENA_AB|MARSHALL|REQ-005,KADENA_AB|KADENA_AB|MARSHALL|2026-09|GPC,PORTFOLIO 1,KADENA_AB,KADENA_AB|MARSHALL,,2026-09,REQ-005,Facility,VERIFIED,True,2026-10-05,2026-10-05,2026-10-10,2026-10-13,True,,,,,,False,,,False,,False,,NOT_DUE,4,Facility,False
2026-09|KADENA_AB|MARSHALL|REQ-006,KADENA_AB|KADENA_AB|MARSHALL|2026-09|1038,PORTFOLIO 1,KADENA_AB,KADENA_AB|MARSHALL,,2026-09,REQ-006,Facility,VERIFIED,True,2026-10-05,2026-10-05,2026-10-10,2026-10-13,True,,,,,,False,,,False,,False,,NOT_DUE,4,Facility,False
2026-09|KADENA_AB|MARSHALL|REQ-020,KADENA_AB|KADENA_AB|MARSHALL|2026-09|EOY-MFR,PORTFOLIO 1,KADENA_AB,KADENA_AB|MARSHALL,,2026-09,REQ-020,Facility,VERIFIED,True,2026-10-05,2026-10-05,2026-10-10,2026-10-13,True,,,,,,False,,,False,,False,,NOT_DUE,4,Facility,False
2026-09|KADENA_AB|MARSHALL|REQ-021,KADENA_AB|KADENA_AB|MARSHALL|2026-09|EOY-INV,PORTFOLIO 1,KADENA_AB,KADENA_AB|MARSHALL,,2026-09,REQ-021,Facility,VERIFIED,True,2026-10-05,2026-10-05,2026-10-10,2026-10-13,True,,,,,,False,,,False,,False,,NOT_DUE,4,Facility,False
2026-09|KEESLER_AFB|AZALEA|REQ-001,KEESLER_AFB|KEESLER_AFB|AZALEA|2026-09|1119,PORTFOLIO 4,KEESLER_AFB,KEESLER_AFB|AZALEA,,2026-09,REQ-001,Facility,VERIFIED,True,2026-10-05,2026-10-05,2026-10-10,2026-10-13,True,,,,,,False,,,False,,False,,NOT_DUE,4,Facility,False
2026-09|KEESLER_AFB|AZALEA|REQ-003,KEESLER_AFB|KEESLER_AFB|AZALEA|2026-09|SF1080,PORTFOLIO 4,KEESLER_AFB,KEESLER_AFB|AZALEA,,2026-09,REQ-003,Facility,VERIFIED,True,2026-10-05,2026-10-05,2026-10-10,2026-10-13,True,,,,,,False,,,False,,False,,NOT_DUE,4,Facility,False
2026-09|KEESLER_AFB|AZALEA|REQ-004,KEESLER_AFB|KEESLER_AFB|AZALEA|2026-09|SAIIT,PORTFOLIO 4,KEESLER_AFB,KEESLER_AFB|AZALEA,,2026-09,REQ-004,Facility,VERIFIED,True,2026-10-05,2026-10-05,2026-10-10,2026-10-13,True,,,,,,False,,,False,,False,,NOT_DUE,4,Facility,False
2026-09|KEESLER_AFB|AZALEA|REQ-005,KEESLER_AFB|KEESLER_AFB|AZALEA|2026-09|GPC,PORTFOLIO 4,KEESLER_AFB,KEESLER_AFB|AZALEA,,2026-09,REQ-005,Facility,VERIFIED,True,2026-10-05,2026-10-05,2026-10-10,2026-10-13,True,,,,,,False,,,False,,False,,NOT_DUE,4,Facility,False
2026-09|KEESLER_AFB|AZALEA|REQ-006,KEESLER_AFB|KEESLER_AFB|AZALEA|2026-09|1038,PORTFOLIO 4,KEESLER_AFB,KEESLER_AFB|AZALEA,,2026-09,REQ-006,Facility,VERIFIED,True,2026-10-05,2026-10-05,2026-10-10,2026-10-13,True,,,,,,False,,,False,,False,,NOT_DUE,4,Facility,False
2026-09|KEESLER_AFB|AZALEA|REQ-020,KEESLER_AFB|KEESLER_AFB|AZALEA|2026-09|EOY-MFR,PORTFOLIO 4,KEESLER_AFB,KEESLER_AFB|AZALEA,,2026-09,REQ-020,Facility,VERIFIED,True,2026-10-05,2026-10-05,2026-10-10,2026-10-13,True,,,,,,False,,,False,,False,,NOT_DUE,4,Facility,False
2026-09|KEESLER_AFB|AZALEA|REQ-021,KEESLER_AFB|KEESLER_AFB|AZALEA|2026-09|EOY-INV,PORTFOLIO 4,KEESLER_AFB,KEESLER_AFB|AZALEA,,2026-09,REQ-021,Facility,VERIFIED,True,2026-10-05,2026-10-05,2026-10-10,2026-10-13,True,,,,,,False,,,False,,False,,NOT_DUE,4,Facility,False
2026-09|KEESLER_AFB|LIVE_OAK|REQ-001,KEESLER_AFB|KEESLER_AFB|LIVE_OAK|2026-09|1119,PORTFOLIO 4,KEESLER_AFB,KEESLER_AFB|LIVE_OAK,,2026-09,REQ-001,Facility,VERIFIED,True,2026-10-05,2026-10-05,2026-10-10,2026-10-13,True,,,,,,False,,,False,,False,,NOT_DUE,4,Facility,False
2026-09|KEESLER_AFB|LIVE_OAK|REQ-003,KEESLER_AFB|KEESLER_AFB|LIVE_OAK|2026-09|SF1080,PORTFOLIO 4,KEESLER_AFB,KEESLER_AFB|LIVE_OAK,,2026-09,REQ-003,Facility,VERIFIED,True,2026-10-05,2026-10-05,2026-10-10,2026-10-13,True,,,,,,False,,,False,,False,,NOT_DUE,4,Facility,False
2026-09|KEESLER_AFB|LIVE_OAK|REQ-004,KEESLER_AFB|KEESLER_AFB|LIVE_OAK|2026-09|SAIIT,PORTFOLIO 4,KEESLER_AFB,KEESLER_AFB|LIVE_OAK,,2026-09,REQ-004,Facility,VERIFIED,True,2026-10-05,2026-10-05,2026-10-10,2026-10-13,True,,,,,,False,,,False,,False,,NOT_DUE,4,Facility,False
2026-09|KEESLER_AFB|LIVE_OAK|REQ-005,KEESLER_AFB|KEESLER_AFB|LIVE_OAK|2026-09|GPC,PORTFOLIO 4,KEESLER_AFB,KEESLER_AFB|LIVE_OAK,,2026-09,REQ-005,Facility,VERIFIED,True,2026-10-05,2026-10-05,2026-10-10,2026-10-13,True,,,,,,False,,,False,,False,,NOT_DUE,4,Facility,False
2026-09|KEESLER_AFB|LIVE_OAK|REQ-006,KEESLER_AFB|KEESLER_AFB|LIVE_OAK|2026-09|1038,PORTFOLIO 4,KEESLER_AFB,KEESLER_AFB|LIVE_OAK,,2026-09,REQ-006,Facility,VERIFIED,True,2026-10-05,2026-10-05,2026-10-10,2026-10-13,True,,,,,,False,,,False,,False,,NOT_DUE,4,Facility,False
2026-09|KEESLER_AFB|LIVE_OAK|REQ-020,KEESLER_AFB|KEESLER_AFB|LIVE_OAK|2026-09|EOY-MFR,PORTFOLIO 4,KEESLER_AFB,KEESLER_AFB|LIVE_OAK,,2026-09,REQ-020,Facility,VERIFIED,True,2026-10-05,2026-10-05,2026-10-10,2026-10-13,True,,,,,,False,,,False,,False,,NOT_DUE,4,Facility,False
2026-09|KEESLER_AFB|LIVE_OAK|REQ-021,KEESLER_AFB|KEESLER_AFB|LIVE_OAK|2026-09|EOY-INV,PORTFOLIO 4,KEESLER_AFB,KEESLER_AFB|LIVE_OAK,,2026-09,REQ-021,Facility,VERIFIED,True,2026-10-05,2026-10-05,2026-10-10,2026-10-13,True,,,,,,False,,,False,,False,,NOT_DUE,4,Facility,False
2026-09|KEESLER_AFB|MAGNOLIA|REQ-001,KEESLER_AFB|KEESLER_AFB|MAGNOLIA|2026-09|1119,PORTFOLIO 4,KEESLER_AFB,KEESLER_AFB|MAGNOLIA,,2026-09,REQ-001,Facility,VERIFIED,True,2026-10-05,2026-10-05,2026-10-10,2026-10-13,True,,,,,,False,,,False,,False,,NOT_DUE,4,Facility,False
2026-09|KEESLER_AFB|MAGNOLIA|REQ-003,KEESLER_AFB|KEESLER_AFB|MAGNOLIA|2026-09|SF1080,PORTFOLIO 4,KEESLER_AFB,KEESLER_AFB|MAGNOLIA,,2026-09,REQ-003,Facility,VERIFIED,True,2026-10-05,2026-10-05,2026-10-10,2026-10-13,True,,,,,,False,,,False,,False,,NOT_DUE,4,Facility,False
2026-09|KEESLER_AFB|MAGNOLIA|REQ-004,KEESLER_AFB|KEESLER_AFB|MAGNOLIA|2026-09|SAIIT,PORTFOLIO 4,KEESLER_AFB,KEESLER_AFB|MAGNOLIA,,2026-09,REQ-004,Facility,VERIFIED,True,2026-10-05,2026-10-05,2026-10-10,2026-10-13,True,,,,,,False,,,False,,False,,NOT_DUE,4,Facility,False
2026-09|KEESLER_AFB|MAGNOLIA|REQ-005,KEESLER_AFB|KEESLER_AFB|MAGNOLIA|2026-09|GPC,PORTFOLIO 4,KEESLER_AFB,KEESLER_AFB|MAGNOLIA,,2026-09,REQ-005,Facility,VERIFIED,True,2026-10-05,2026-10-05,2026-10-10,2026-10-13,True,,,,,,False,,,False,,False,,NOT_DUE,4,Facility,False
2026-09|KEESLER_AFB|MAGNOLIA|REQ-006,KEESLER_AFB|KEESLER_AFB|MAGNOLIA|2026-09|1038,PORTFOLIO 4,KEESLER_AFB,KEESLER_AFB|MAGNOLIA,,2026-09,REQ-006,Facility,VERIFIED,True,2026-10-05,2026-10-05,2026-10-10,2026-10-13,True,,,,,,False,,,False,,False,,NOT_DUE,4,Facility,False
2026-09|KEESLER_AFB|MAGNOLIA|REQ-020,KEESLER_AFB|KEESLER_AFB|MAGNOLIA|2026-09|EOY-MFR,PORTFOLIO 4,KEESLER_AFB,KEESLER_AFB|MAGNOLIA,,2026-09,REQ-020,Facility,VERIFIED,True,2026-10-05,2026-10-05,2026-10-10,2026-10-13,True,,,,,,False,,,False,,False,,NOT_DUE,4,Facility,False
2026-09|KEESLER_AFB|MAGNOLIA|REQ-021,KEESLER_AFB|KEESLER_AFB|MAGNOLIA|2026-09|EOY-INV,PORTFOLIO 4,KEESLER_AFB,KEESLER_AFB|MAGNOLIA,,2026-09,REQ-021,Facility,VERIFIED,True,2026-10-05,2026-10-05,2026-10-10,2026-10-13,True,,,,,,False,,,False,,False,,NOT_DUE,4,Facility,False
2026-09|KIRTLAND_AFB|THUNDERBIRD|REQ-001,KIRTLAND_AFB|KIRTLAND_AFB|THUNDERBIRD|2026-09|1119,PORTFOLIO 2,KIRTLAND_AFB,KIRTLAND_AFB|THUNDERBIRD,,2026-09,REQ-001,Facility,VERIFIED,True,2026-10-05,2026-10-05,2026-10-10,2026-10-13,True,,,,,,False,,,False,,False,,NOT_DUE,4,Facility,False
2026-09|KIRTLAND_AFB|THUNDERBIRD|REQ-003,KIRTLAND_AFB|KIRTLAND_AFB|THUNDERBIRD|2026-09|SF1080,PORTFOLIO 2,KIRTLAND_AFB,KIRTLAND_AFB|THUNDERBIRD,,2026-09,REQ-003,Facility,VERIFIED,True,2026-10-05,2026-10-05,2026-10-10,2026-10-13,True,,,,,,False,,,False,,False,,NOT_DUE,4,Facility,False
2026-09|KIRTLAND_AFB|THUNDERBIRD|REQ-004,KIRTLAND_AFB|KIRTLAND_AFB|THUNDERBIRD|2026-09|SAIIT,PORTFOLIO 2,KIRTLAND_AFB,KIRTLAND_AFB|THUNDERBIRD,,2026-09,REQ-004,Facility,VERIFIED,True,2026-10-05,2026-10-05,2026-10-10,2026-10-13,True,,,,,,False,,,False,,False,,NOT_DUE,4,Facility,False
2026-09|KIRTLAND_AFB|THUNDERBIRD|REQ-005,KIRTLAND_AFB|KIRTLAND_AFB|THUNDERBIRD|2026-09|GPC,PORTFOLIO 2,KIRTLAND_AFB,KIRTLAND_AFB|THUNDERBIRD,,2026-09,REQ-005,Facility,VERIFIED,True,2026-10-05,2026-10-05,2026-10-10,2026-10-13,True,,,,,,False,,,False,,False,,NOT_DUE,4,Facility,False
2026-09|KIRTLAND_AFB|THUNDERBIRD|REQ-006,KIRTLAND_AFB|KIRTLAND_AFB|THUNDERBIRD|2026-09|1038,PORTFOLIO 2,KIRTLAND_AFB,KIRTLAND_AFB|THUNDERBIRD,,2026-09,REQ-006,Facility,VERIFIED,True,2026-10-05,2026-10-05,2026-10-10,2026-10-13,True,,,,,,False,,,False,,False,,NOT_DUE,4,Facility,False
2026-09|KIRTLAND_AFB|THUNDERBIRD|REQ-020,KIRTLAND_AFB|KIRTLAND_AFB|THUNDERBIRD|2026-09|EOY-MFR,PORTFOLIO 2,KIRTLAND_AFB,KIRTLAND_AFB|THUNDERBIRD,,2026-09,REQ-020,Facility,VERIFIED,True,2026-10-05,2026-10-05,2026-10-10,2026-10-13,True,,,,,,False,,,False,,False,,NOT_DUE,4,Facility,False
2026-09|KIRTLAND_AFB|THUNDERBIRD|REQ-021,KIRTLAND_AFB|KIRTLAND_AFB|THUNDERBIRD|2026-09|EOY-INV,PORTFOLIO 2,KIRTLAND_AFB,KIRTLAND_AFB|THUNDERBIRD,,2026-09,REQ-021,Facility,VERIFIED,True,2026-10-05,2026-10-05,2026-10-10,2026-10-13,True,,,,,,False,,,False,,False,,NOT_DUE,4,Facility,False
2026-09|KLEINE_BROGEL_AB|LIMBURG|REQ-001,KLEINE_BROGEL_AB|KLEINE_BROGEL_AB|LIMBURG|2026-09|1119,PORTFOLIO 4,KLEINE_BROGEL_AB,KLEINE_BROGEL_AB|LIMBURG,,2026-09,REQ-001,Facility,VERIFIED,True,2026-10-05,2026-10-05,2026-10-10,2026-10-13,True,,,,,,False,,,False,,False,,NOT_DUE,4,Facility,False
2026-09|KLEINE_BROGEL_AB|LIMBURG|REQ-003,KLEINE_BROGEL_AB|KLEINE_BROGEL_AB|LIMBURG|2026-09|SF1080,PORTFOLIO 4,KLEINE_BROGEL_AB,KLEINE_BROGEL_AB|LIMBURG,,2026-09,REQ-003,Facility,VERIFIED,True,2026-10-05,2026-10-05,2026-10-10,2026-10-13,True,,,,,,False,,,False,,False,,NOT_DUE,4,Facility,False
2026-09|KLEINE_BROGEL_AB|LIMBURG|REQ-004,KLEINE_BROGEL_AB|KLEINE_BROGEL_AB|LIMBURG|2026-09|SAIIT,PORTFOLIO 4,KLEINE_BROGEL_AB,KLEINE_BROGEL_AB|LIMBURG,,2026-09,REQ-004,Facility,VERIFIED,True,2026-10-05,2026-10-05,2026-10-10,2026-10-13,True,,,,,,False,,,False,,False,,NOT_DUE,4,Facility,False
2026-09|KLEINE_BROGEL_AB|LIMBURG|REQ-005,KLEINE_BROGEL_AB|KLEINE_BROGEL_AB|LIMBURG|2026-09|GPC,PORTFOLIO 4,KLEINE_BROGEL_AB,KLEINE_BROGEL_AB|LIMBURG,,2026-09,REQ-005,Facility,VERIFIED,True,2026-10-05,2026-10-05,2026-10-10,2026-10-13,True,,,,,,False,,,False,,False,,NOT_DUE,4,Facility,False
2026-09|KLEINE_BROGEL_AB|LIMBURG|REQ-006,KLEINE_BROGEL_AB|KLEINE_BROGEL_AB|LIMBURG|2026-09|1038,PORTFOLIO 4,KLEINE_BROGEL_AB,KLEINE_BROGEL_AB|LIMBURG,,2026-09,REQ-006,Facility,VERIFIED,True,2026-10-05,2026-10-05,2026-10-10,2026-10-13,True,,,,,,False,,,False,,False,,NOT_DUE,4,Facility,False
2026-09|KLEINE_BROGEL_AB|LIMBURG|REQ-020,KLEINE_BROGEL_AB|KLEINE_BROGEL_AB|LIMBURG|2026-09|EOY-MFR,PORTFOLIO 4,KLEINE_BROGEL_AB,KLEINE_BROGEL_AB|LIMBURG,,2026-09,REQ-020,Facility,VERIFIED,True,2026-10-05,2026-10-05,2026-10-10,2026-10-13,True,,,,,,False,,,False,,False,,NOT_DUE,4,Facility,False
2026-09|KLEINE_BROGEL_AB|LIMBURG|REQ-021,KLEINE_BROGEL_AB|KLEINE_BROGEL_AB|LIMBURG|2026-09|EOY-INV,PORTFOLIO 4,KLEINE_BROGEL_AB,KLEINE_BROGEL_AB|LIMBURG,,2026-09,REQ-021,Facility,VERIFIED,True,2026-10-05,2026-10-05,2026-10-10,2026-10-13,True,,,,,,False,,,False,,False,,NOT_DUE,4,Facility,False
2026-09|KUNSAN_AB|D_PAD|REQ-001,KUNSAN_AB|KUNSAN_AB|D_PAD|2026-09|1119,PORTFOLIO 1,KUNSAN_AB,KUNSAN_AB|D_PAD,,2026-09,REQ-001,Facility,VERIFIED,True,2026-10-05,2026-10-05,2026-10-10,2026-10-13,True,,,,,,False,,,False,,False,,NOT_DUE,4,Facility,False
2026-09|KUNSAN_AB|D_PAD|REQ-003,KUNSAN_AB|KUNSAN_AB|D_PAD|2026-09|SF1080,PORTFOLIO 1,KUNSAN_AB,KUNSAN_AB|D_PAD,,2026-09,REQ-003,Facility,VERIFIED,True,2026-10-05,2026-10-05,2026-10-10,2026-10-13,True,,,,,,False,,,False,,False,,NOT_DUE,4,Facility,False
2026-09|KUNSAN_AB|D_PAD|REQ-004,KUNSAN_AB|KUNSAN_AB|D_PAD|2026-09|SAIIT,PORTFOLIO 1,KUNSAN_AB,KUNSAN_AB|D_PAD,,2026-09,REQ-004,Facility,VERIFIED,True,2026-10-05,2026-10-05,2026-10-10,2026-10-13,True,,,,,,False,,,False,,False,,NOT_DUE,4,Facility,False
2026-09|KUNSAN_AB|D_PAD|REQ-005,KUNSAN_AB|KUNSAN_AB|D_PAD|2026-09|GPC,PORTFOLIO 1,KUNSAN_AB,KUNSAN_AB|D_PAD,,2026-09,REQ-005,Facility,VERIFIED,True,2026-10-05,2026-10-05,2026-10-10,2026-10-13,True,,,,,,False,,,False,,False,,NOT_DUE,4,Facility,False
2026-09|KUNSAN_AB|D_PAD|REQ-006,KUNSAN_AB|KUNSAN_AB|D_PAD|2026-09|1038,PORTFOLIO 1,KUNSAN_AB,KUNSAN_AB|D_PAD,,2026-09,REQ-006,Facility,VERIFIED,True,2026-10-05,2026-10-05,2026-10-10,2026-10-13,True,,,,,,False,,,False,,False,,NOT_DUE,4,Facility,False
2026-09|KUNSAN_AB|D_PAD|REQ-020,KUNSAN_AB|KUNSAN_AB|D_PAD|2026-09|EOY-MFR,PORTFOLIO 1,KUNSAN_AB,KUNSAN_AB|D_PAD,,2026-09,REQ-020,Facility,VERIFIED,True,2026-10-05,2026-10-05,2026-10-10,2026-10-13,True,,,,,,False,,,False,,False,,NOT_DUE,4,Facility,False
2026-09|KUNSAN_AB|D_PAD|REQ-021,KUNSAN_AB|KUNSAN_AB|D_PAD|2026-09|EOY-INV,PORTFOLIO 1,KUNSAN_AB,KUNSAN_AB|D_PAD,,2026-09,REQ-021,Facility,VERIFIED,True,2026-10-05,2026-10-05,2026-10-10,2026-10-13,True,,,,,,False,,,False,,False,,NOT_DUE,4,Facility,False
2026-09|KUNSAN_AB|O_MALLEY|REQ-001,KUNSAN_AB|KUNSAN_AB|O_MALLEY|2026-09|1119,PORTFOLIO 1,KUNSAN_AB,KUNSAN_AB|O_MALLEY,,2026-09,REQ-001,Facility,VERIFIED,True,2026-10-05,2026-10-05,2026-10-10,2026-10-13,True,,,,,,False,,,False,,False,,NOT_DUE,4,Facility,False
2026-09|KUNSAN_AB|O_MALLEY|REQ-003,KUNSAN_AB|KUNSAN_AB|O_MALLEY|2026-09|SF1080,PORTFOLIO 1,KUNSAN_AB,KUNSAN_AB|O_MALLEY,,2026-09,REQ-003,Facility,VERIFIED,True,2026-10-05,2026-10-05,2026-10-10,2026-10-13,True,,,,,,False,,,False,,False,,NOT_DUE,4,Facility,False
2026-09|KUNSAN_AB|O_MALLEY|REQ-004,KUNSAN_AB|KUNSAN_AB|O_MALLEY|2026-09|SAIIT,PORTFOLIO 1,KUNSAN_AB,KUNSAN_AB|O_MALLEY,,2026-09,REQ-004,Facility,VERIFIED,True,2026-10-05,2026-10-05,2026-10-10,2026-10-13,True,,,,,,False,,,False,,False,,NOT_DUE,4,Facility,False
2026-09|KUNSAN_AB|O_MALLEY|REQ-005,KUNSAN_AB|KUNSAN_AB|O_MALLEY|2026-09|GPC,PORTFOLIO 1,KUNSAN_AB,KUNSAN_AB|O_MALLEY,,2026-09,REQ-005,Facility,VERIFIED,True,2026-10-05,2026-10-05,2026-10-10,2026-10-13,True,,,,,,False,,,False,,False,,NOT_DUE,4,Facility,False
2026-09|KUNSAN_AB|O_MALLEY|REQ-006,KUNSAN_AB|KUNSAN_AB|O_MALLEY|2026-09|1038,PORTFOLIO 1,KUNSAN_AB,KUNSAN_AB|O_MALLEY,,2026-09,REQ-006,Facility,VERIFIED,True,2026-10-05,2026-10-05,2026-10-10,2026-10-13,True,,,,,,False,,,False,,False,,NOT_DUE,4,Facility,False
2026-09|KUNSAN_AB|O_MALLEY|REQ-020,KUNSAN_AB|KUNSAN_AB|O_MALLEY|2026-09|EOY-MFR,PORTFOLIO 1,KUNSAN_AB,KUNSAN_AB|O_MALLEY,,2026-09,REQ-020,Facility,VERIFIED,True,2026-10-05,2026-10-05,2026-10-10,2026-10-13,True,,,,,,False,,,False,,False,,NOT_DUE,4,Facility,False
2026-09|KUNSAN_AB|O_MALLEY|REQ-021,KUNSAN_AB|KUNSAN_AB|O_MALLEY|2026-09|EOY-INV,PORTFOLIO 1,KUNSAN_AB,KUNSAN_AB|O_MALLEY,,2026-09,REQ-021,Facility,VERIFIED,True,2026-10-05,2026-10-05,2026-10-10,2026-10-13,True,,,,,,False,,,False,,False,,NOT_DUE,4,Facility,False
2026-09|MAXWELL_AFB|OTS|REQ-001,MAXWELL_AFB|MAXWELL_AFB|OTS|2026-09|1119,PORTFOLIO 4,MAXWELL_AFB,MAXWELL_AFB|OTS,,2026-09,REQ-001,Facility,VERIFIED,True,2026-10-05,2026-10-05,2026-10-10,2026-10-13,True,,,,,,False,,,False,,False,,NOT_DUE,4,Facility,False
2026-09|MAXWELL_AFB|OTS|REQ-003,MAXWELL_AFB|MAXWELL_AFB|OTS|2026-09|SF1080,PORTFOLIO 4,MAXWELL_AFB,MAXWELL_AFB|OTS,,2026-09,REQ-003,Facility,VERIFIED,True,2026-10-05,2026-10-05,2026-10-10,2026-10-13,True,,,,,,False,,,False,,False,,NOT_DUE,4,Facility,False
2026-09|MAXWELL_AFB|OTS|REQ-004,MAXWELL_AFB|MAXWELL_AFB|OTS|2026-09|SAIIT,PORTFOLIO 4,MAXWELL_AFB,MAXWELL_AFB|OTS,,2026-09,REQ-004,Facility,VERIFIED,True,2026-10-05,2026-10-05,2026-10-10,2026-10-13,True,,,,,,False,,,False,,False,,NOT_DUE,4,Facility,False
2026-09|MAXWELL_AFB|OTS|REQ-005,MAXWELL_AFB|MAXWELL_AFB|OTS|2026-09|GPC,PORTFOLIO 4,MAXWELL_AFB,MAXWELL_AFB|OTS,,2026-09,REQ-005,Facility,VERIFIED,True,2026-10-05,2026-10-05,2026-10-10,2026-10-13,True,,,,,,False,,,False,,False,,NOT_DUE,4,Facility,False
2026-09|MAXWELL_AFB|OTS|REQ-006,MAXWELL_AFB|MAXWELL_AFB|OTS|2026-09|1038,PORTFOLIO 4,MAXWELL_AFB,MAXWELL_AFB|OTS,,2026-09,REQ-006,Facility,VERIFIED,True,2026-10-05,2026-10-05,2026-10-10,2026-10-13,True,,,,,,False,,,False,,False,,NOT_DUE,4,Facility,False
2026-09|MAXWELL_AFB|OTS|REQ-020,MAXWELL_AFB|MAXWELL_AFB|OTS|2026-09|EOY-MFR,PORTFOLIO 4,MAXWELL_AFB,MAXWELL_AFB|OTS,,2026-09,REQ-020,Facility,VERIFIED,True,2026-10-05,2026-10-05,2026-10-10,2026-10-13,True,,,,,,False,,,False,,False,,NOT_DUE,4,Facility,False
2026-09|MAXWELL_AFB|OTS|REQ-021,MAXWELL_AFB|MAXWELL_AFB|OTS|2026-09|EOY-INV,PORTFOLIO 4,MAXWELL_AFB,MAXWELL_AFB|OTS,,2026-09,REQ-021,Facility,VERIFIED,True,2026-10-05,2026-10-05,2026-10-10,2026-10-13,True,,,,,,False,,,False,,False,,NOT_DUE,4,Facility,False
2026-09|MAXWELL_AFB|RIVER_FRONT|REQ-001,MAXWELL_AFB|MAXWELL_AFB|RIVER_FRONT|2026-09|1119,PORTFOLIO 4,MAXWELL_AFB,MAXWELL_AFB|RIVER_FRONT,,2026-09,REQ-001,Facility,VERIFIED,True,2026-10-05,2026-10-05,2026-10-10,2026-10-13,True,,,,,,False,,,False,,False,,NOT_DUE,4,Facility,False
2026-09|MAXWELL_AFB|RIVER_FRONT|REQ-003,MAXWELL_AFB|MAXWELL_AFB|RIVER_FRONT|2026-09|SF1080,PORTFOLIO 4,MAXWELL_AFB,MAXWELL_AFB|RIVER_FRONT,,2026-09,REQ-003,Facility,VERIFIED,True,2026-10-05,2026-10-05,2026-10-10,2026-10-13,True,,,,,,False,,,False,,False,,NOT_DUE,4,Facility,False
2026-09|MAXWELL_AFB|RIVER_FRONT|REQ-004,MAXWELL_AFB|MAXWELL_AFB|RIVER_FRONT|2026-09|SAIIT,PORTFOLIO 4,MAXWELL_AFB,MAXWELL_AFB|RIVER_FRONT,,2026-09,REQ-004,Facility,VERIFIED,True,2026-10-05,2026-10-05,2026-10-10,2026-10-13,True,,,,,,False,,,False,,False,,NOT_DUE,4,Facility,False
2026-09|MAXWELL_AFB|RIVER_FRONT|REQ-005,MAXWELL_AFB|MAXWELL_AFB|RIVER_FRONT|2026-09|GPC,PORTFOLIO 4,MAXWELL_AFB,MAXWELL_AFB|RIVER_FRONT,,2026-09,REQ-005,Facility,VERIFIED,True,2026-10-05,2026-10-05,2026-10-10,2026-10-13,True,,,,,,False,,,False,,False,,NOT_DUE,4,Facility,False
2026-09|MAXWELL_AFB|RIVER_FRONT|REQ-006,MAXWELL_AFB|MAXWELL_AFB|RIVER_FRONT|2026-09|1038,PORTFOLIO 4,MAXWELL_AFB,MAXWELL_AFB|RIVER_FRONT,,2026-09,REQ-006,Facility,VERIFIED,True,2026-10-05,2026-10-05,2026-10-10,2026-10-13,True,,,,,,False,,,False,,False,,NOT_DUE,4,Facility,False
2026-09|MAXWELL_AFB|RIVER_FRONT|REQ-020,MAXWELL_AFB|MAXWELL_AFB|RIVER_FRONT|2026-09|EOY-MFR,PORTFOLIO 4,MAXWELL_AFB,MAXWELL_AFB|RIVER_FRONT,,2026-09,REQ-020,Facility,VERIFIED,True,2026-10-05,2026-10-05,2026-10-10,2026-10-13,True,,,,,,False,,,False,,False,,NOT_DUE,4,Facility,False
2026-09|MAXWELL_AFB|RIVER_FRONT|REQ-021,MAXWELL_AFB|MAXWELL_AFB|RIVER_FRONT|2026-09|EOY-INV,PORTFOLIO 4,MAXWELL_AFB,MAXWELL_AFB|RIVER_FRONT,,2026-09,REQ-021,Facility,VERIFIED,True,2026-10-05,2026-10-05,2026-10-10,2026-10-13,True,,,,,,False,,,False,,False,,NOT_DUE,4,Facility,False
2026-09|MILDENHALL_AB|GATEWAY|REQ-001,MILDENHALL_AB|MILDENHALL_AB|GATEWAY|2026-09|1119,PORTFOLIO 4,MILDENHALL_AB,MILDENHALL_AB|GATEWAY,,2026-09,REQ-001,Facility,VERIFIED,True,2026-10-05,2026-10-05,2026-10-10,2026-10-13,True,,,,,,False,,,False,,False,,NOT_DUE,4,Facility,False
2026-09|MILDENHALL_AB|GATEWAY|REQ-003,MILDENHALL_AB|MILDENHALL_AB|GATEWAY|2026-09|SF1080,PORTFOLIO 4,MILDENHALL_AB,MILDENHALL_AB|GATEWAY,,2026-09,REQ-003,Facility,VERIFIED,True,2026-10-05,2026-10-05,2026-10-10,2026-10-13,True,,,,,,False,,,False,,False,,NOT_DUE,4,Facility,False
2026-09|MILDENHALL_AB|GATEWAY|REQ-004,MILDENHALL_AB|MILDENHALL_AB|GATEWAY|2026-09|SAIIT,PORTFOLIO 4,MILDENHALL_AB,MILDENHALL_AB|GATEWAY,,2026-09,REQ-004,Facility,VERIFIED,True,2026-10-05,2026-10-05,2026-10-10,2026-10-13,True,,,,,,False,,,False,,False,,NOT_DUE,4,Facility,False
2026-09|MILDENHALL_AB|GATEWAY|REQ-005,MILDENHALL_AB|MILDENHALL_AB|GATEWAY|2026-09|GPC,PORTFOLIO 4,MILDENHALL_AB,MILDENHALL_AB|GATEWAY,,2026-09,REQ-005,Facility,VERIFIED,True,2026-10-05,2026-10-05,2026-10-10,2026-10-13,True,,,,,,False,,,False,,False,,NOT_DUE,4,Facility,False
2026-09|MILDENHALL_AB|GATEWAY|REQ-006,MILDENHALL_AB|MILDENHALL_AB|GATEWAY|2026-09|1038,PORTFOLIO 4,MILDENHALL_AB,MILDENHALL_AB|GATEWAY,,2026-09,REQ-006,Facility,VERIFIED,True,2026-10-05,2026-10-05,2026-10-10,2026-10-13,True,,,,,,False,,,False,,False,,NOT_DUE,4,Facility,False
2026-09|MILDENHALL_AB|GATEWAY|REQ-020,MILDENHALL_AB|MILDENHALL_AB|GATEWAY|2026-09|EOY-MFR,PORTFOLIO 4,MILDENHALL_AB,MILDENHALL_AB|GATEWAY,,2026-09,REQ-020,Facility,VERIFIED,True,2026-10-05,2026-10-05,2026-10-10,2026-10-13,True,,,,,,False,,,False,,False,,NOT_DUE,4,Facility,False
2026-09|MILDENHALL_AB|GATEWAY|REQ-021,MILDENHALL_AB|MILDENHALL_AB|GATEWAY|2026-09|EOY-INV,PORTFOLIO 4,MILDENHALL_AB,MILDENHALL_AB|GATEWAY,,2026-09,REQ-021,Facility,VERIFIED,True,2026-10-05,2026-10-05,2026-10-10,2026-10-13,True,,,,,,False,,,False,,False,,NOT_DUE,4,Facility,False
2026-09|MISAWA_AB|FALCON_FEEDER|REQ-001,MISAWA_AB|MISAWA_AB|FALCON_FEEDER|2026-09|1119,PORTFOLIO 1,MISAWA_AB,MISAWA_AB|FALCON_FEEDER,,2026-09,REQ-001,Facility,VERIFIED,True,2026-10-05,2026-10-05,2026-10-10,2026-10-13,True,,,,,,False,,,False,,False,,NOT_DUE,4,Facility,False
2026-09|MISAWA_AB|FALCON_FEEDER|REQ-003,MISAWA_AB|MISAWA_AB|FALCON_FEEDER|2026-09|SF1080,PORTFOLIO 1,MISAWA_AB,MISAWA_AB|FALCON_FEEDER,,2026-09,REQ-003,Facility,VERIFIED,True,2026-10-05,2026-10-05,2026-10-10,2026-10-13,True,,,,,,False,,,False,,False,,NOT_DUE,4,Facility,False
2026-09|MISAWA_AB|FALCON_FEEDER|REQ-004,MISAWA_AB|MISAWA_AB|FALCON_FEEDER|2026-09|SAIIT,PORTFOLIO 1,MISAWA_AB,MISAWA_AB|FALCON_FEEDER,,2026-09,REQ-004,Facility,VERIFIED,True,2026-10-05,2026-10-05,2026-10-10,2026-10-13,True,,,,,,False,,,False,,False,,NOT_DUE,4,Facility,False
2026-09|MISAWA_AB|FALCON_FEEDER|REQ-005,MISAWA_AB|MISAWA_AB|FALCON_FEEDER|2026-09|GPC,PORTFOLIO 1,MISAWA_AB,MISAWA_AB|FALCON_FEEDER,,2026-09,REQ-005,Facility,VERIFIED,True,2026-10-05,2026-10-05,2026-10-10,2026-10-13,True,,,,,,False,,,False,,False,,NOT_DUE,4,Facility,False
2026-09|MISAWA_AB|FALCON_FEEDER|REQ-006,MISAWA_AB|MISAWA_AB|FALCON_FEEDER|2026-09|1038,PORTFOLIO 1,MISAWA_AB,MISAWA_AB|FALCON_FEEDER,,2026-09,REQ-006,Facility,VERIFIED,True,2026-10-05,2026-10-05,2026-10-10,2026-10-13,True,,,,,,False,,,False,,False,,NOT_DUE,4,Facility,False
2026-09|MISAWA_AB|FALCON_FEEDER|REQ-020,MISAWA_AB|MISAWA_AB|FALCON_FEEDER|2026-09|EOY-MFR,PORTFOLIO 1,MISAWA_AB,MISAWA_AB|FALCON_FEEDER,,2026-09,REQ-020,Facility,VERIFIED,True,2026-10-05,2026-10-05,2026-10-10,2026-10-13,True,,,,,,False,,,False,,False,,NOT_DUE,4,Facility,False
2026-09|MISAWA_AB|FALCON_FEEDER|REQ-021,MISAWA_AB|MISAWA_AB|FALCON_FEEDER|2026-09|EOY-INV,PORTFOLIO 1,MISAWA_AB,MISAWA_AB|FALCON_FEEDER,,2026-09,REQ-021,Facility,VERIFIED,True,2026-10-05,2026-10-05,2026-10-10,2026-10-13,True,,,,,,False,,,False,,False,,NOT_DUE,4,Facility,False
2026-09|MISAWA_AB|GRISSOM|REQ-001,MISAWA_AB|MISAWA_AB|GRISSOM|2026-09|1119,PORTFOLIO 1,MISAWA_AB,MISAWA_AB|GRISSOM,,2026-09,REQ-001,Facility,VERIFIED,True,2026-10-05,2026-10-05,2026-10-10,2026-10-13,True,,,,,,False,,,False,,False,,NOT_DUE,4,Facility,False
2026-09|MISAWA_AB|GRISSOM|REQ-003,MISAWA_AB|MISAWA_AB|GRISSOM|2026-09|SF1080,PORTFOLIO 1,MISAWA_AB,MISAWA_AB|GRISSOM,,2026-09,REQ-003,Facility,VERIFIED,True,2026-10-05,2026-10-05,2026-10-10,2026-10-13,True,,,,,,False,,,False,,False,,NOT_DUE,4,Facility,False
2026-09|MISAWA_AB|GRISSOM|REQ-004,MISAWA_AB|MISAWA_AB|GRISSOM|2026-09|SAIIT,PORTFOLIO 1,MISAWA_AB,MISAWA_AB|GRISSOM,,2026-09,REQ-004,Facility,VERIFIED,True,2026-10-05,2026-10-05,2026-10-10,2026-10-13,True,,,,,,False,,,False,,False,,NOT_DUE,4,Facility,False
2026-09|MISAWA_AB|GRISSOM|REQ-005,MISAWA_AB|MISAWA_AB|GRISSOM|2026-09|GPC,PORTFOLIO 1,MISAWA_AB,MISAWA_AB|GRISSOM,,2026-09,REQ-005,Facility,VERIFIED,True,2026-10-05,2026-10-05,2026-10-10,2026-10-13,True,,,,,,False,,,False,,False,,NOT_DUE,4,Facility,False
2026-09|MISAWA_AB|GRISSOM|REQ-006,MISAWA_AB|MISAWA_AB|GRISSOM|2026-09|1038,PORTFOLIO 1,MISAWA_AB,MISAWA_AB|GRISSOM,,2026-09,REQ-006,Facility,VERIFIED,True,2026-10-05,2026-10-05,2026-10-10,2026-10-13,True,,,,,,False,,,False,,False,,NOT_DUE,4,Facility,False
2026-09|MISAWA_AB|GRISSOM|REQ-020,MISAWA_AB|MISAWA_AB|GRISSOM|2026-09|EOY-MFR,PORTFOLIO 1,MISAWA_AB,MISAWA_AB|GRISSOM,,2026-09,REQ-020,Facility,VERIFIED,True,2026-10-05,2026-10-05,2026-10-10,2026-10-13,True,,,,,,False,,,False,,False,,NOT_DUE,4,Facility,False
2026-09|MISAWA_AB|GRISSOM|REQ-021,MISAWA_AB|MISAWA_AB|GRISSOM|2026-09|EOY-INV,PORTFOLIO 1,MISAWA_AB,MISAWA_AB|GRISSOM,,2026-09,REQ-021,Facility,VERIFIED,True,2026-10-05,2026-10-05,2026-10-10,2026-10-13,True,,,,,,False,,,False,,False,,NOT_DUE,4,Facility,False
2026-09|MOODY_AFB|GEORGIA_PINES|REQ-001,MOODY_AFB|MOODY_AFB|GEORGIA_PINES|2026-09|1119,PORTFOLIO 4,MOODY_AFB,MOODY_AFB|GEORGIA_PINES,,2026-09,REQ-001,Facility,VERIFIED,True,2026-10-05,2026-10-05,2026-10-10,2026-10-13,True,,,,,,False,,,False,,False,,NOT_DUE,4,Facility,False
2026-09|MOODY_AFB|GEORGIA_PINES|REQ-003,MOODY_AFB|MOODY_AFB|GEORGIA_PINES|2026-09|SF1080,PORTFOLIO 4,MOODY_AFB,MOODY_AFB|GEORGIA_PINES,,2026-09,REQ-003,Facility,VERIFIED,True,2026-10-05,2026-10-05,2026-10-10,2026-10-13,True,,,,,,False,,,False,,False,,NOT_DUE,4,Facility,False
2026-09|MOODY_AFB|GEORGIA_PINES|REQ-004,MOODY_AFB|MOODY_AFB|GEORGIA_PINES|2026-09|SAIIT,PORTFOLIO 4,MOODY_AFB,MOODY_AFB|GEORGIA_PINES,,2026-09,REQ-004,Facility,VERIFIED,True,2026-10-05,2026-10-05,2026-10-10,2026-10-13,True,,,,,,False,,,False,,False,,NOT_DUE,4,Facility,False
2026-09|MOODY_AFB|GEORGIA_PINES|REQ-005,MOODY_AFB|MOODY_AFB|GEORGIA_PINES|2026-09|GPC,PORTFOLIO 4,MOODY_AFB,MOODY_AFB|GEORGIA_PINES,,2026-09,REQ-005,Facility,VERIFIED,True,2026-10-05,2026-10-05,2026-10-10,2026-10-13,True,,,,,,False,,,False,,False,,NOT_DUE,4,Facility,False
2026-09|MOODY_AFB|GEORGIA_PINES|REQ-006,MOODY_AFB|MOODY_AFB|GEORGIA_PINES|2026-09|1038,PORTFOLIO 4,MOODY_AFB,MOODY_AFB|GEORGIA_PINES,,2026-09,REQ-006,Facility,VERIFIED,True,2026-10-05,2026-10-05,2026-10-10,2026-10-13,True,,,,,,False,,,False,,False,,NOT_DUE,4,Facility,False
2026-09|MOODY_AFB|GEORGIA_PINES|REQ-020,MOODY_AFB|MOODY_AFB|GEORGIA_PINES|2026-09|EOY-MFR,PORTFOLIO 4,MOODY_AFB,MOODY_AFB|GEORGIA_PINES,,2026-09,REQ-020,Facility,VERIFIED,True,2026-10-05,2026-10-05,2026-10-10,2026-10-13,True,,,,,,False,,,False,,False,,NOT_DUE,4,Facility,False
2026-09|MOODY_AFB|GEORGIA_PINES|REQ-021,MOODY_AFB|MOODY_AFB|GEORGIA_PINES|2026-09|EOY-INV,PORTFOLIO 4,MOODY_AFB,MOODY_AFB|GEORGIA_PINES,,2026-09,REQ-021,Facility,VERIFIED,True,2026-10-05,2026-10-05,2026-10-10,2026-10-13,True,,,,,,False,,,False,,False,,NOT_DUE,4,Facility,False
2026-09|MORON_AB|EL_COMEDOR|REQ-001,MORON_AB|MORON_AB|EL_COMEDOR|2026-09|1119,PORTFOLIO 4,MORON_AB,MORON_AB|EL_COMEDOR,,2026-09,REQ-001,Facility,VERIFIED,True,2026-10-05,2026-10-05,2026-10-10,2026-10-13,True,,,,,,False,,,False,,False,,NOT_DUE,4,Facility,False
2026-09|MORON_AB|EL_COMEDOR|REQ-003,MORON_AB|MORON_AB|EL_COMEDOR|2026-09|SF1080,PORTFOLIO 4,MORON_AB,MORON_AB|EL_COMEDOR,,2026-09,REQ-003,Facility,VERIFIED,True,2026-10-05,2026-10-05,2026-10-10,2026-10-13,True,,,,,,False,,,False,,False,,NOT_DUE,4,Facility,False
2026-09|MORON_AB|EL_COMEDOR|REQ-004,MORON_AB|MORON_AB|EL_COMEDOR|2026-09|SAIIT,PORTFOLIO 4,MORON_AB,MORON_AB|EL_COMEDOR,,2026-09,REQ-004,Facility,VERIFIED,True,2026-10-05,2026-10-05,2026-10-10,2026-10-13,True,,,,,,False,,,False,,False,,NOT_DUE,4,Facility,False
2026-09|MORON_AB|EL_COMEDOR|REQ-005,MORON_AB|MORON_AB|EL_COMEDOR|2026-09|GPC,PORTFOLIO 4,MORON_AB,MORON_AB|EL_COMEDOR,,2026-09,REQ-005,Facility,VERIFIED,True,2026-10-05,2026-10-05,2026-10-10,2026-10-13,True,,,,,,False,,,False,,False,,NOT_DUE,4,Facility,False
2026-09|MORON_AB|EL_COMEDOR|REQ-006,MORON_AB|MORON_AB|EL_COMEDOR|2026-09|1038,PORTFOLIO 4,MORON_AB,MORON_AB|EL_COMEDOR,,2026-09,REQ-006,Facility,VERIFIED,True,2026-10-05,2026-10-05,2026-10-10,2026-10-13,True,,,,,,False,,,False,,False,,NOT_DUE,4,Facility,False
2026-09|MORON_AB|EL_COMEDOR|REQ-020,MORON_AB|MORON_AB|EL_COMEDOR|2026-09|EOY-MFR,PORTFOLIO 4,MORON_AB,MORON_AB|EL_COMEDOR,,2026-09,REQ-020,Facility,VERIFIED,True,2026-10-05,2026-10-05,2026-10-10,2026-10-13,True,,,,,,False,,,False,,False,,NOT_DUE,4,Facility,False
2026-09|MORON_AB|EL_COMEDOR|REQ-021,MORON_AB|MORON_AB|EL_COMEDOR|2026-09|EOY-INV,PORTFOLIO 4,MORON_AB,MORON_AB|EL_COMEDOR,,2026-09,REQ-021,Facility,VERIFIED,True,2026-10-05,2026-10-05,2026-10-10,2026-10-13,True,,,,,,False,,,False,,False,,NOT_DUE,4,Facility,False
2026-09|MOUNTAIN_HOME_AFB|WAGON_WHEEL|REQ-001,MOUNTAIN_HOME_AFB|MOUNTAIN_HOME_AFB|WAGON_WHEEL|2026-09|1119,PORTFOLIO 3,MOUNTAIN_HOME_AFB,MOUNTAIN_HOME_AFB|WAGON_WHEEL,,2026-09,REQ-001,Facility,VERIFIED,True,2026-10-05,2026-10-05,2026-10-10,2026-10-13,True,,,,,,False,,,False,,False,,NOT_DUE,4,Facility,False
2026-09|MOUNTAIN_HOME_AFB|WAGON_WHEEL|REQ-003,MOUNTAIN_HOME_AFB|MOUNTAIN_HOME_AFB|WAGON_WHEEL|2026-09|SF1080,PORTFOLIO 3,MOUNTAIN_HOME_AFB,MOUNTAIN_HOME_AFB|WAGON_WHEEL,,2026-09,REQ-003,Facility,VERIFIED,True,2026-10-05,2026-10-05,2026-10-10,2026-10-13,True,,,,,,False,,,False,,False,,NOT_DUE,4,Facility,False
2026-09|MOUNTAIN_HOME_AFB|WAGON_WHEEL|REQ-004,MOUNTAIN_HOME_AFB|MOUNTAIN_HOME_AFB|WAGON_WHEEL|2026-09|SAIIT,PORTFOLIO 3,MOUNTAIN_HOME_AFB,MOUNTAIN_HOME_AFB|WAGON_WHEEL,,2026-09,REQ-004,Facility,VERIFIED,True,2026-10-05,2026-10-05,2026-10-10,2026-10-13,True,,,,,,False,,,False,,False,,NOT_DUE,4,Facility,False
2026-09|MOUNTAIN_HOME_AFB|WAGON_WHEEL|REQ-005,MOUNTAIN_HOME_AFB|MOUNTAIN_HOME_AFB|WAGON_WHEEL|2026-09|GPC,PORTFOLIO 3,MOUNTAIN_HOME_AFB,MOUNTAIN_HOME_AFB|WAGON_WHEEL,,2026-09,REQ-005,Facility,VERIFIED,True,2026-10-05,2026-10-05,2026-10-10,2026-10-13,True,,,,,,False,,,False,,False,,NOT_DUE,4,Facility,False
2026-09|MOUNTAIN_HOME_AFB|WAGON_WHEEL|REQ-006,MOUNTAIN_HOME_AFB|MOUNTAIN_HOME_AFB|WAGON_WHEEL|2026-09|1038,PORTFOLIO 3,MOUNTAIN_HOME_AFB,MOUNTAIN_HOME_AFB|WAGON_WHEEL,,2026-09,REQ-006,Facility,VERIFIED,True,2026-10-05,2026-10-05,2026-10-10,2026-10-13,True,,,,,,False,,,False,,False,,NOT_DUE,4,Facility,False
2026-09|MOUNTAIN_HOME_AFB|WAGON_WHEEL|REQ-020,MOUNTAIN_HOME_AFB|MOUNTAIN_HOME_AFB|WAGON_WHEEL|2026-09|EOY-MFR,PORTFOLIO 3,MOUNTAIN_HOME_AFB,MOUNTAIN_HOME_AFB|WAGON_WHEEL,,2026-09,REQ-020,Facility,VERIFIED,True,2026-10-05,2026-10-05,2026-10-10,2026-10-13,True,,,,,,False,,,False,,False,,NOT_DUE,4,Facility,False
2026-09|MOUNTAIN_HOME_AFB|WAGON_WHEEL|REQ-021,MOUNTAIN_HOME_AFB|MOUNTAIN_HOME_AFB|WAGON_WHEEL|2026-09|EOY-INV,PORTFOLIO 3,MOUNTAIN_HOME_AFB,MOUNTAIN_HOME_AFB|WAGON_WHEEL,,2026-09,REQ-021,Facility,VERIFIED,True,2026-10-05,2026-10-05,2026-10-10,2026-10-13,True,,,,,,False,,,False,,False,,NOT_DUE,4,Facility,False
2026-09|OSAN_AB|GINKGO_TREE|REQ-001,OSAN_AB|OSAN_AB|GINKGO_TREE|2026-09|1119,PORTFOLIO 1,OSAN_AB,OSAN_AB|GINKGO_TREE,,2026-09,REQ-001,Facility,VERIFIED,True,2026-10-05,2026-10-05,2026-10-10,2026-10-13,True,,,,,,False,,,False,,False,,NOT_DUE,4,Facility,False
2026-09|OSAN_AB|GINKGO_TREE|REQ-003,OSAN_AB|OSAN_AB|GINKGO_TREE|2026-09|SF1080,PORTFOLIO 1,OSAN_AB,OSAN_AB|GINKGO_TREE,,2026-09,REQ-003,Facility,VERIFIED,True,2026-10-05,2026-10-05,2026-10-10,2026-10-13,True,,,,,,False,,,False,,False,,NOT_DUE,4,Facility,False
2026-09|OSAN_AB|GINKGO_TREE|REQ-004,OSAN_AB|OSAN_AB|GINKGO_TREE|2026-09|SAIIT,PORTFOLIO 1,OSAN_AB,OSAN_AB|GINKGO_TREE,,2026-09,REQ-004,Facility,VERIFIED,True,2026-10-05,2026-10-05,2026-10-10,2026-10-13,True,,,,,,False,,,False,,False,,NOT_DUE,4,Facility,False
2026-09|OSAN_AB|GINKGO_TREE|REQ-005,OSAN_AB|OSAN_AB|GINKGO_TREE|2026-09|GPC,PORTFOLIO 1,OSAN_AB,OSAN_AB|GINKGO_TREE,,2026-09,REQ-005,Facility,VERIFIED,True,2026-10-05,2026-10-05,2026-10-10,2026-10-13,True,,,,,,False,,,False,,False,,NOT_DUE,4,Facility,False
2026-09|OSAN_AB|GINKGO_TREE|REQ-006,OSAN_AB|OSAN_AB|GINKGO_TREE|2026-09|1038,PORTFOLIO 1,OSAN_AB,OSAN_AB|GINKGO_TREE,,2026-09,REQ-006,Facility,VERIFIED,True,2026-10-05,2026-10-05,2026-10-10,2026-10-13,True,,,,,,False,,,False,,False,,NOT_DUE,4,Facility,False
2026-09|OSAN_AB|GINKGO_TREE|REQ-020,OSAN_AB|OSAN_AB|GINKGO_TREE|2026-09|EOY-MFR,PORTFOLIO 1,OSAN_AB,OSAN_AB|GINKGO_TREE,,2026-09,REQ-020,Facility,VERIFIED,True,2026-10-05,2026-10-05,2026-10-10,2026-10-13,True,,,,,,False,,,False,,False,,NOT_DUE,4,Facility,False
2026-09|OSAN_AB|GINKGO_TREE|REQ-021,OSAN_AB|OSAN_AB|GINKGO_TREE|2026-09|EOY-INV,PORTFOLIO 1,OSAN_AB,OSAN_AB|GINKGO_TREE,,2026-09,REQ-021,Facility,VERIFIED,True,2026-10-05,2026-10-05,2026-10-10,2026-10-13,True,,,,,,False,,,False,,False,,NOT_DUE,4,Facility,False
2026-09|OSAN_AB|PACIFIC_HOUSE|REQ-001,OSAN_AB|OSAN_AB|PACIFIC_HOUSE|2026-09|1119,PORTFOLIO 1,OSAN_AB,OSAN_AB|PACIFIC_HOUSE,,2026-09,REQ-001,Facility,VERIFIED,True,2026-10-05,2026-10-05,2026-10-10,2026-10-13,True,,,,,,False,,,False,,False,,NOT_DUE,4,Facility,False
2026-09|OSAN_AB|PACIFIC_HOUSE|REQ-003,OSAN_AB|OSAN_AB|PACIFIC_HOUSE|2026-09|SF1080,PORTFOLIO 1,OSAN_AB,OSAN_AB|PACIFIC_HOUSE,,2026-09,REQ-003,Facility,VERIFIED,True,2026-10-05,2026-10-05,2026-10-10,2026-10-13,True,,,,,,False,,,False,,False,,NOT_DUE,4,Facility,False
2026-09|OSAN_AB|PACIFIC_HOUSE|REQ-004,OSAN_AB|OSAN_AB|PACIFIC_HOUSE|2026-09|SAIIT,PORTFOLIO 1,OSAN_AB,OSAN_AB|PACIFIC_HOUSE,,2026-09,REQ-004,Facility,VERIFIED,True,2026-10-05,2026-10-05,2026-10-10,2026-10-13,True,,,,,,False,,,False,,False,,NOT_DUE,4,Facility,False
2026-09|OSAN_AB|PACIFIC_HOUSE|REQ-005,OSAN_AB|OSAN_AB|PACIFIC_HOUSE|2026-09|GPC,PORTFOLIO 1,OSAN_AB,OSAN_AB|PACIFIC_HOUSE,,2026-09,REQ-005,Facility,VERIFIED,True,2026-10-05,2026-10-05,2026-10-10,2026-10-13,True,,,,,,False,,,False,,False,,NOT_DUE,4,Facility,False
2026-09|OSAN_AB|PACIFIC_HOUSE|REQ-006,OSAN_AB|OSAN_AB|PACIFIC_HOUSE|2026-09|1038,PORTFOLIO 1,OSAN_AB,OSAN_AB|PACIFIC_HOUSE,,2026-09,REQ-006,Facility,VERIFIED,True,2026-10-05,2026-10-05,2026-10-10,2026-10-13,True,,,,,,False,,,False,,False,,NOT_DUE,4,Facility,False
2026-09|OSAN_AB|PACIFIC_HOUSE|REQ-020,OSAN_AB|OSAN_AB|PACIFIC_HOUSE|2026-09|EOY-MFR,PORTFOLIO 1,OSAN_AB,OSAN_AB|PACIFIC_HOUSE,,2026-09,REQ-020,Facility,VERIFIED,True,2026-10-05,2026-10-05,2026-10-10,2026-10-13,True,,,,,,False,,,False,,False,,NOT_DUE,4,Facility,False
2026-09|OSAN_AB|PACIFIC_HOUSE|REQ-021,OSAN_AB|OSAN_AB|PACIFIC_HOUSE|2026-09|EOY-INV,PORTFOLIO 1,OSAN_AB,OSAN_AB|PACIFIC_HOUSE,,2026-09,REQ-021,Facility,VERIFIED,True,2026-10-05,2026-10-05,2026-10-10,2026-10-13,True,,,,,,False,,,False,,False,,NOT_DUE,4,Facility,False
2026-09|RAF_LAKENHEATH|KNIGHTS_TABLE|REQ-001,RAF_LAKENHEATH|RAF_LAKENHEATH|KNIGHTS_TABLE|2026-09|1119,PORTFOLIO 4,RAF_LAKENHEATH,RAF_LAKENHEATH|KNIGHTS_TABLE,,2026-09,REQ-001,Facility,VERIFIED,True,2026-10-05,2026-10-05,2026-10-10,2026-10-13,True,,,,,,False,,,False,,False,,NOT_DUE,4,Facility,False
2026-09|RAF_LAKENHEATH|KNIGHTS_TABLE|REQ-003,RAF_LAKENHEATH|RAF_LAKENHEATH|KNIGHTS_TABLE|2026-09|SF1080,PORTFOLIO 4,RAF_LAKENHEATH,RAF_LAKENHEATH|KNIGHTS_TABLE,,2026-09,REQ-003,Facility,VERIFIED,True,2026-10-05,2026-10-05,2026-10-10,2026-10-13,True,,,,,,False,,,False,,False,,NOT_DUE,4,Facility,False
2026-09|RAF_LAKENHEATH|KNIGHTS_TABLE|REQ-004,RAF_LAKENHEATH|RAF_LAKENHEATH|KNIGHTS_TABLE|2026-09|SAIIT,PORTFOLIO 4,RAF_LAKENHEATH,RAF_LAKENHEATH|KNIGHTS_TABLE,,2026-09,REQ-004,Facility,VERIFIED,True,2026-10-05,2026-10-05,2026-10-10,2026-10-13,True,,,,,,False,,,False,,False,,NOT_DUE,4,Facility,False
2026-09|RAF_LAKENHEATH|KNIGHTS_TABLE|REQ-005,RAF_LAKENHEATH|RAF_LAKENHEATH|KNIGHTS_TABLE|2026-09|GPC,PORTFOLIO 4,RAF_LAKENHEATH,RAF_LAKENHEATH|KNIGHTS_TABLE,,2026-09,REQ-005,Facility,VERIFIED,True,2026-10-05,2026-10-05,2026-10-10,2026-10-13,True,,,,,,False,,,False,,False,,NOT_DUE,4,Facility,False
2026-09|RAF_LAKENHEATH|KNIGHTS_TABLE|REQ-006,RAF_LAKENHEATH|RAF_LAKENHEATH|KNIGHTS_TABLE|2026-09|1038,PORTFOLIO 4,RAF_LAKENHEATH,RAF_LAKENHEATH|KNIGHTS_TABLE,,2026-09,REQ-006,Facility,VERIFIED,True,2026-10-05,2026-10-05,2026-10-10,2026-10-13,True,,,,,,False,,,False,,False,,NOT_DUE,4,Facility,False
2026-09|RAF_LAKENHEATH|KNIGHTS_TABLE|REQ-020,RAF_LAKENHEATH|RAF_LAKENHEATH|KNIGHTS_TABLE|2026-09|EOY-MFR,PORTFOLIO 4,RAF_LAKENHEATH,RAF_LAKENHEATH|KNIGHTS_TABLE,,2026-09,REQ-020,Facility,VERIFIED,True,2026-10-05,2026-10-05,2026-10-10,2026-10-13,True,,,,,,False,,,False,,False,,NOT_DUE,4,Facility,False
2026-09|RAF_LAKENHEATH|KNIGHTS_TABLE|REQ-021,RAF_LAKENHEATH|RAF_LAKENHEATH|KNIGHTS_TABLE|2026-09|EOY-INV,PORTFOLIO 4,RAF_LAKENHEATH,RAF_LAKENHEATH|KNIGHTS_TABLE,,2026-09,REQ-021,Facility,VERIFIED,True,2026-10-05,2026-10-05,2026-10-10,2026-10-13,True,,,,,,False,,,False,,False,,NOT_DUE,4,Facility,False
2026-09|RAMSTEIN_AB|JAWBONE_FK|REQ-001,RAMSTEIN_AB|RAMSTEIN_AB|JAWBONE_FK|2026-09|1119,PORTFOLIO 4,RAMSTEIN_AB,RAMSTEIN_AB|JAWBONE_FK,,2026-09,REQ-001,Facility,VERIFIED,True,2026-10-05,2026-10-05,2026-10-10,2026-10-13,True,,,,,,False,,,False,,False,,NOT_DUE,4,Facility,False
2026-09|RAMSTEIN_AB|JAWBONE_FK|REQ-003,RAMSTEIN_AB|RAMSTEIN_AB|JAWBONE_FK|2026-09|SF1080,PORTFOLIO 4,RAMSTEIN_AB,RAMSTEIN_AB|JAWBONE_FK,,2026-09,REQ-003,Facility,VERIFIED,True,2026-10-05,2026-10-05,2026-10-10,2026-10-13,True,,,,,,False,,,False,,False,,NOT_DUE,4,Facility,False
2026-09|RAMSTEIN_AB|JAWBONE_FK|REQ-004,RAMSTEIN_AB|RAMSTEIN_AB|JAWBONE_FK|2026-09|SAIIT,PORTFOLIO 4,RAMSTEIN_AB,RAMSTEIN_AB|JAWBONE_FK,,2026-09,REQ-004,Facility,VERIFIED,True,2026-10-05,2026-10-05,2026-10-10,2026-10-13,True,,,,,,False,,,False,,False,,NOT_DUE,4,Facility,False
2026-09|RAMSTEIN_AB|JAWBONE_FK|REQ-005,RAMSTEIN_AB|RAMSTEIN_AB|JAWBONE_FK|2026-09|GPC,PORTFOLIO 4,RAMSTEIN_AB,RAMSTEIN_AB|JAWBONE_FK,,2026-09,REQ-005,Facility,VERIFIED,True,2026-10-05,2026-10-05,2026-10-10,2026-10-13,True,,,,,,False,,,False,,False,,NOT_DUE,4,Facility,False
2026-09|RAMSTEIN_AB|JAWBONE_FK|REQ-006,RAMSTEIN_AB|RAMSTEIN_AB|JAWBONE_FK|2026-09|1038,PORTFOLIO 4,RAMSTEIN_AB,RAMSTEIN_AB|JAWBONE_FK,,2026-09,REQ-006,Facility,VERIFIED,True,2026-10-05,2026-10-05,2026-10-10,2026-10-13,True,,,,,,False,,,False,,False,,NOT_DUE,4,Facility,False
2026-09|RAMSTEIN_AB|JAWBONE_FK|REQ-020,RAMSTEIN_AB|RAMSTEIN_AB|JAWBONE_FK|2026-09|EOY-MFR,PORTFOLIO 4,RAMSTEIN_AB,RAMSTEIN_AB|JAWBONE_FK,,2026-09,REQ-020,Facility,VERIFIED,True,2026-10-05,2026-10-05,2026-10-10,2026-10-13,True,,,,,,False,,,False,,False,,NOT_DUE,4,Facility,False
2026-09|RAMSTEIN_AB|JAWBONE_FK|REQ-021,RAMSTEIN_AB|RAMSTEIN_AB|JAWBONE_FK|2026-09|EOY-INV,PORTFOLIO 4,RAMSTEIN_AB,RAMSTEIN_AB|JAWBONE_FK,,2026-09,REQ-021,Facility,VERIFIED,True,2026-10-05,2026-10-05,2026-10-10,2026-10-13,True,,,,,,False,,,False,,False,,NOT_DUE,4,Facility,False
2026-09|RAMSTEIN_AB|LINDBERGHOF|REQ-001,RAMSTEIN_AB|RAMSTEIN_AB|LINDBERGHOF|2026-09|1119,PORTFOLIO 4,RAMSTEIN_AB,RAMSTEIN_AB|LINDBERGHOF,,2026-09,REQ-001,Facility,VERIFIED,True,2026-10-05,2026-10-05,2026-10-10,2026-10-13,True,,,,,,False,,,False,,False,,NOT_DUE,4,Facility,False
2026-09|RAMSTEIN_AB|LINDBERGHOF|REQ-003,RAMSTEIN_AB|RAMSTEIN_AB|LINDBERGHOF|2026-09|SF1080,PORTFOLIO 4,RAMSTEIN_AB,RAMSTEIN_AB|LINDBERGHOF,,2026-09,REQ-003,Facility,VERIFIED,True,2026-10-05,2026-10-05,2026-10-10,2026-10-13,True,,,,,,False,,,False,,False,,NOT_DUE,4,Facility,False
2026-09|RAMSTEIN_AB|LINDBERGHOF|REQ-004,RAMSTEIN_AB|RAMSTEIN_AB|LINDBERGHOF|2026-09|SAIIT,PORTFOLIO 4,RAMSTEIN_AB,RAMSTEIN_AB|LINDBERGHOF,,2026-09,REQ-004,Facility,VERIFIED,True,2026-10-05,2026-10-05,2026-10-10,2026-10-13,True,,,,,,False,,,False,,False,,NOT_DUE,4,Facility,False
2026-09|RAMSTEIN_AB|LINDBERGHOF|REQ-005,RAMSTEIN_AB|RAMSTEIN_AB|LINDBERGHOF|2026-09|GPC,PORTFOLIO 4,RAMSTEIN_AB,RAMSTEIN_AB|LINDBERGHOF,,2026-09,REQ-005,Facility,VERIFIED,True,2026-10-05,2026-10-05,2026-10-10,2026-10-13,True,,,,,,False,,,False,,False,,NOT_DUE,4,Facility,False
2026-09|RAMSTEIN_AB|LINDBERGHOF|REQ-006,RAMSTEIN_AB|RAMSTEIN_AB|LINDBERGHOF|2026-09|1038,PORTFOLIO 4,RAMSTEIN_AB,RAMSTEIN_AB|LINDBERGHOF,,2026-09,REQ-006,Facility,VERIFIED,True,2026-10-05,2026-10-05,2026-10-10,2026-10-13,True,,,,,,False,,,False,,False,,NOT_DUE,4,Facility,False
2026-09|RAMSTEIN_AB|LINDBERGHOF|REQ-020,RAMSTEIN_AB|RAMSTEIN_AB|LINDBERGHOF|2026-09|EOY-MFR,PORTFOLIO 4,RAMSTEIN_AB,RAMSTEIN_AB|LINDBERGHOF,,2026-09,REQ-020,Facility,VERIFIED,True,2026-10-05,2026-10-05,2026-10-10,2026-10-13,True,,,,,,False,,,False,,False,,NOT_DUE,4,Facility,False
2026-09|RAMSTEIN_AB|LINDBERGHOF|REQ-021,RAMSTEIN_AB|RAMSTEIN_AB|LINDBERGHOF|2026-09|EOY-INV,PORTFOLIO 4,RAMSTEIN_AB,RAMSTEIN_AB|LINDBERGHOF,,2026-09,REQ-021,Facility,VERIFIED,True,2026-10-05,2026-10-05,2026-10-10,2026-10-13,True,,,,,,False,,,False,,False,,NOT_DUE,4,Facility,False
2026-09|RAMSTEIN_AB|RHEINLAND_INN|REQ-001,RAMSTEIN_AB|RAMSTEIN_AB|RHEINLAND_INN|2026-09|1119,PORTFOLIO 4,RAMSTEIN_AB,RAMSTEIN_AB|RHEINLAND_INN,,2026-09,REQ-001,Facility,VERIFIED,True,2026-10-05,2026-10-05,2026-10-10,2026-10-13,True,,,,,,False,,,False,,False,,NOT_DUE,4,Facility,False
2026-09|RAMSTEIN_AB|RHEINLAND_INN|REQ-003,RAMSTEIN_AB|RAMSTEIN_AB|RHEINLAND_INN|2026-09|SF1080,PORTFOLIO 4,RAMSTEIN_AB,RAMSTEIN_AB|RHEINLAND_INN,,2026-09,REQ-003,Facility,VERIFIED,True,2026-10-05,2026-10-05,2026-10-10,2026-10-13,True,,,,,,False,,,False,,False,,NOT_DUE,4,Facility,False
2026-09|RAMSTEIN_AB|RHEINLAND_INN|REQ-004,RAMSTEIN_AB|RAMSTEIN_AB|RHEINLAND_INN|2026-09|SAIIT,PORTFOLIO 4,RAMSTEIN_AB,RAMSTEIN_AB|RHEINLAND_INN,,2026-09,REQ-004,Facility,VERIFIED,True,2026-10-05,2026-10-05,2026-10-10,2026-10-13,True,,,,,,False,,,False,,False,,NOT_DUE,4,Facility,False
2026-09|RAMSTEIN_AB|RHEINLAND_INN|REQ-005,RAMSTEIN_AB|RAMSTEIN_AB|RHEINLAND_INN|2026-09|GPC,PORTFOLIO 4,RAMSTEIN_AB,RAMSTEIN_AB|RHEINLAND_INN,,2026-09,REQ-005,Facility,VERIFIED,True,2026-10-05,2026-10-05,2026-10-10,2026-10-13,True,,,,,,False,,,False,,False,,NOT_DUE,4,Facility,False
2026-09|RAMSTEIN_AB|RHEINLAND_INN|REQ-006,RAMSTEIN_AB|RAMSTEIN_AB|RHEINLAND_INN|2026-09|1038,PORTFOLIO 4,RAMSTEIN_AB,RAMSTEIN_AB|RHEINLAND_INN,,2026-09,REQ-006,Facility,VERIFIED,True,2026-10-05,2026-10-05,2026-10-10,2026-10-13,True,,,,,,False,,,False,,False,,NOT_DUE,4,Facility,False
2026-09|RAMSTEIN_AB|RHEINLAND_INN|REQ-020,RAMSTEIN_AB|RAMSTEIN_AB|RHEINLAND_INN|2026-09|EOY-MFR,PORTFOLIO 4,RAMSTEIN_AB,RAMSTEIN_AB|RHEINLAND_INN,,2026-09,REQ-020,Facility,VERIFIED,True,2026-10-05,2026-10-05,2026-10-10,2026-10-13,True,,,,,,False,,,False,,False,,NOT_DUE,4,Facility,False
2026-09|RAMSTEIN_AB|RHEINLAND_INN|REQ-021,RAMSTEIN_AB|RAMSTEIN_AB|RHEINLAND_INN|2026-09|EOY-INV,PORTFOLIO 4,RAMSTEIN_AB,RAMSTEIN_AB|RHEINLAND_INN,,2026-09,REQ-021,Facility,VERIFIED,True,2026-10-05,2026-10-05,2026-10-10,2026-10-13,True,,,,,,False,,,False,,False,,NOT_DUE,4,Facility,False
2026-09|RAMSTEIN_AB|SILVER_FLAG|REQ-001,RAMSTEIN_AB|RAMSTEIN_AB|SILVER_FLAG|2026-09|1119,PORTFOLIO 4,RAMSTEIN_AB,RAMSTEIN_AB|SILVER_FLAG,,2026-09,REQ-001,Facility,VERIFIED,True,2026-10-05,2026-10-05,2026-10-10,2026-10-13,True,,,,,,False,,,False,,False,,NOT_DUE,4,Facility,False
2026-09|RAMSTEIN_AB|SILVER_FLAG|REQ-003,RAMSTEIN_AB|RAMSTEIN_AB|SILVER_FLAG|2026-09|SF1080,PORTFOLIO 4,RAMSTEIN_AB,RAMSTEIN_AB|SILVER_FLAG,,2026-09,REQ-003,Facility,VERIFIED,True,2026-10-05,2026-10-05,2026-10-10,2026-10-13,True,,,,,,False,,,False,,False,,NOT_DUE,4,Facility,False
2026-09|RAMSTEIN_AB|SILVER_FLAG|REQ-004,RAMSTEIN_AB|RAMSTEIN_AB|SILVER_FLAG|2026-09|SAIIT,PORTFOLIO 4,RAMSTEIN_AB,RAMSTEIN_AB|SILVER_FLAG,,2026-09,REQ-004,Facility,VERIFIED,True,2026-10-05,2026-10-05,2026-10-10,2026-10-13,True,,,,,,False,,,False,,False,,NOT_DUE,4,Facility,False
2026-09|RAMSTEIN_AB|SILVER_FLAG|REQ-005,RAMSTEIN_AB|RAMSTEIN_AB|SILVER_FLAG|2026-09|GPC,PORTFOLIO 4,RAMSTEIN_AB,RAMSTEIN_AB|SILVER_FLAG,,2026-09,REQ-005,Facility,VERIFIED,True,2026-10-05,2026-10-05,2026-10-10,2026-10-13,True,,,,,,False,,,False,,False,,NOT_DUE,4,Facility,False
2026-09|RAMSTEIN_AB|SILVER_FLAG|REQ-006,RAMSTEIN_AB|RAMSTEIN_AB|SILVER_FLAG|2026-09|1038,PORTFOLIO 4,RAMSTEIN_AB,RAMSTEIN_AB|SILVER_FLAG,,2026-09,REQ-006,Facility,VERIFIED,True,2026-10-05,2026-10-05,2026-10-10,2026-10-13,True,,,,,,False,,,False,,False,,NOT_DUE,4,Facility,False
2026-09|RAMSTEIN_AB|SILVER_FLAG|REQ-020,RAMSTEIN_AB|RAMSTEIN_AB|SILVER_FLAG|2026-09|EOY-MFR,PORTFOLIO 4,RAMSTEIN_AB,RAMSTEIN_AB|SILVER_FLAG,,2026-09,REQ-020,Facility,VERIFIED,True,2026-10-05,2026-10-05,2026-10-10,2026-10-13,True,,,,,,False,,,False,,False,,NOT_DUE,4,Facility,False
2026-09|RAMSTEIN_AB|SILVER_FLAG|REQ-021,RAMSTEIN_AB|RAMSTEIN_AB|SILVER_FLAG|2026-09|EOY-INV,PORTFOLIO 4,RAMSTEIN_AB,RAMSTEIN_AB|SILVER_FLAG,,2026-09,REQ-021,Facility,VERIFIED,True,2026-10-05,2026-10-05,2026-10-10,2026-10-13,True,,,,,,False,,,False,,False,,NOT_DUE,4,Facility,False
2026-09|ROBINS_AFB|WYNN|REQ-001,ROBINS_AFB|ROBINS_AFB|WYNN|2026-09|1119,PORTFOLIO 4,ROBINS_AFB,ROBINS_AFB|WYNN,,2026-09,REQ-001,Facility,VERIFIED,True,2026-10-05,2026-10-05,2026-10-10,2026-10-13,True,,,,,,False,,,False,,False,,NOT_DUE,4,Facility,False
2026-09|ROBINS_AFB|WYNN|REQ-003,ROBINS_AFB|ROBINS_AFB|WYNN|2026-09|SF1080,PORTFOLIO 4,ROBINS_AFB,ROBINS_AFB|WYNN,,2026-09,REQ-003,Facility,VERIFIED,True,2026-10-05,2026-10-05,2026-10-10,2026-10-13,True,,,,,,False,,,False,,False,,NOT_DUE,4,Facility,False
2026-09|ROBINS_AFB|WYNN|REQ-004,ROBINS_AFB|ROBINS_AFB|WYNN|2026-09|SAIIT,PORTFOLIO 4,ROBINS_AFB,ROBINS_AFB|WYNN,,2026-09,REQ-004,Facility,VERIFIED,True,2026-10-05,2026-10-05,2026-10-10,2026-10-13,True,,,,,,False,,,False,,False,,NOT_DUE,4,Facility,False
2026-09|ROBINS_AFB|WYNN|REQ-005,ROBINS_AFB|ROBINS_AFB|WYNN|2026-09|GPC,PORTFOLIO 4,ROBINS_AFB,ROBINS_AFB|WYNN,,2026-09,REQ-005,Facility,VERIFIED,True,2026-10-05,2026-10-05,2026-10-10,2026-10-13,True,,,,,,False,,,False,,False,,NOT_DUE,4,Facility,False
2026-09|ROBINS_AFB|WYNN|REQ-006,ROBINS_AFB|ROBINS_AFB|WYNN|2026-09|1038,PORTFOLIO 4,ROBINS_AFB,ROBINS_AFB|WYNN,,2026-09,REQ-006,Facility,VERIFIED,True,2026-10-05,2026-10-05,2026-10-10,2026-10-13,True,,,,,,False,,,False,,False,,NOT_DUE,4,Facility,False
2026-09|ROBINS_AFB|WYNN|REQ-020,ROBINS_AFB|ROBINS_AFB|WYNN|2026-09|EOY-MFR,PORTFOLIO 4,ROBINS_AFB,ROBINS_AFB|WYNN,,2026-09,REQ-020,Facility,VERIFIED,True,2026-10-05,2026-10-05,2026-10-10,2026-10-13,True,,,,,,False,,,False,,False,,NOT_DUE,4,Facility,False
2026-09|ROBINS_AFB|WYNN|REQ-021,ROBINS_AFB|ROBINS_AFB|WYNN|2026-09|EOY-INV,PORTFOLIO 4,ROBINS_AFB,ROBINS_AFB|WYNN,,2026-09,REQ-021,Facility,VERIFIED,True,2026-10-05,2026-10-05,2026-10-10,2026-10-13,True,,,,,,False,,,False,,False,,NOT_DUE,4,Facility,False
2026-09|SCHRIEVER_SFB|SATELLITE_DISH|REQ-001,SCHRIEVER_SFB|SCHRIEVER_SFB|SATELLITE_DISH|2026-09|1119,PORTFOLIO 3,SCHRIEVER_SFB,SCHRIEVER_SFB|SATELLITE_DISH,,2026-09,REQ-001,Facility,VERIFIED,True,2026-10-05,2026-10-05,2026-10-10,2026-10-13,True,,,,,,False,,,False,,False,,NOT_DUE,4,Facility,False
2026-09|SCHRIEVER_SFB|SATELLITE_DISH|REQ-003,SCHRIEVER_SFB|SCHRIEVER_SFB|SATELLITE_DISH|2026-09|SF1080,PORTFOLIO 3,SCHRIEVER_SFB,SCHRIEVER_SFB|SATELLITE_DISH,,2026-09,REQ-003,Facility,VERIFIED,True,2026-10-05,2026-10-05,2026-10-10,2026-10-13,True,,,,,,False,,,False,,False,,NOT_DUE,4,Facility,False
2026-09|SCHRIEVER_SFB|SATELLITE_DISH|REQ-004,SCHRIEVER_SFB|SCHRIEVER_SFB|SATELLITE_DISH|2026-09|SAIIT,PORTFOLIO 3,SCHRIEVER_SFB,SCHRIEVER_SFB|SATELLITE_DISH,,2026-09,REQ-004,Facility,VERIFIED,True,2026-10-05,2026-10-05,2026-10-10,2026-10-13,True,,,,,,False,,,False,,False,,NOT_DUE,4,Facility,False
2026-09|SCHRIEVER_SFB|SATELLITE_DISH|REQ-005,SCHRIEVER_SFB|SCHRIEVER_SFB|SATELLITE_DISH|2026-09|GPC,PORTFOLIO 3,SCHRIEVER_SFB,SCHRIEVER_SFB|SATELLITE_DISH,,2026-09,REQ-005,Facility,VERIFIED,True,2026-10-05,2026-10-05,2026-10-10,2026-10-13,True,,,,,,False,,,False,,False,,NOT_DUE,4,Facility,False
2026-09|SCHRIEVER_SFB|SATELLITE_DISH|REQ-006,SCHRIEVER_SFB|SCHRIEVER_SFB|SATELLITE_DISH|2026-09|1038,PORTFOLIO 3,SCHRIEVER_SFB,SCHRIEVER_SFB|SATELLITE_DISH,,2026-09,REQ-006,Facility,VERIFIED,True,2026-10-05,2026-10-05,2026-10-10,2026-10-13,True,,,,,,False,,,False,,False,,NOT_DUE,4,Facility,False
2026-09|SCHRIEVER_SFB|SATELLITE_DISH|REQ-020,SCHRIEVER_SFB|SCHRIEVER_SFB|SATELLITE_DISH|2026-09|EOY-MFR,PORTFOLIO 3,SCHRIEVER_SFB,SCHRIEVER_SFB|SATELLITE_DISH,,2026-09,REQ-020,Facility,VERIFIED,True,2026-10-05,2026-10-05,2026-10-10,2026-10-13,True,,,,,,False,,,False,,False,,NOT_DUE,4,Facility,False
2026-09|SCHRIEVER_SFB|SATELLITE_DISH|REQ-021,SCHRIEVER_SFB|SCHRIEVER_SFB|SATELLITE_DISH|2026-09|EOY-INV,PORTFOLIO 3,SCHRIEVER_SFB,SCHRIEVER_SFB|SATELLITE_DISH,,2026-09,REQ-021,Facility,VERIFIED,True,2026-10-05,2026-10-05,2026-10-10,2026-10-13,True,,,,,,False,,,False,,False,,NOT_DUE,4,Facility,False
2026-09|SHEPPARD_AFB|MESQUITE|REQ-001,SHEPPARD_AFB|SHEPPARD_AFB|MESQUITE|2026-09|1119,PORTFOLIO 2,SHEPPARD_AFB,SHEPPARD_AFB|MESQUITE,,2026-09,REQ-001,Facility,VERIFIED,True,2026-10-05,2026-10-05,2026-10-10,2026-10-13,True,,,,,,False,,,False,,False,,NOT_DUE,4,Facility,False
2026-09|SHEPPARD_AFB|MESQUITE|REQ-003,SHEPPARD_AFB|SHEPPARD_AFB|MESQUITE|2026-09|SF1080,PORTFOLIO 2,SHEPPARD_AFB,SHEPPARD_AFB|MESQUITE,,2026-09,REQ-003,Facility,VERIFIED,True,2026-10-05,2026-10-05,2026-10-10,2026-10-13,True,,,,,,False,,,False,,False,,NOT_DUE,4,Facility,False
2026-09|SHEPPARD_AFB|MESQUITE|REQ-004,SHEPPARD_AFB|SHEPPARD_AFB|MESQUITE|2026-09|SAIIT,PORTFOLIO 2,SHEPPARD_AFB,SHEPPARD_AFB|MESQUITE,,2026-09,REQ-004,Facility,VERIFIED,True,2026-10-05,2026-10-05,2026-10-10,2026-10-13,True,,,,,,False,,,False,,False,,NOT_DUE,4,Facility,False
2026-09|SHEPPARD_AFB|MESQUITE|REQ-005,SHEPPARD_AFB|SHEPPARD_AFB|MESQUITE|2026-09|GPC,PORTFOLIO 2,SHEPPARD_AFB,SHEPPARD_AFB|MESQUITE,,2026-09,REQ-005,Facility,VERIFIED,True,2026-10-05,2026-10-05,2026-10-10,2026-10-13,True,,,,,,False,,,False,,False,,NOT_DUE,4,Facility,False
2026-09|SHEPPARD_AFB|MESQUITE|REQ-006,SHEPPARD_AFB|SHEPPARD_AFB|MESQUITE|2026-09|1038,PORTFOLIO 2,SHEPPARD_AFB,SHEPPARD_AFB|MESQUITE,,2026-09,REQ-006,Facility,VERIFIED,True,2026-10-05,2026-10-05,2026-10-10,2026-10-13,True,,,,,,False,,,False,,False,,NOT_DUE,4,Facility,False
2026-09|SHEPPARD_AFB|MESQUITE|REQ-020,SHEPPARD_AFB|SHEPPARD_AFB|MESQUITE|2026-09|EOY-MFR,PORTFOLIO 2,SHEPPARD_AFB,SHEPPARD_AFB|MESQUITE,,2026-09,REQ-020,Facility,VERIFIED,True,2026-10-05,2026-10-05,2026-10-10,2026-10-13,True,,,,,,False,,,False,,False,,NOT_DUE,4,Facility,False
2026-09|SHEPPARD_AFB|MESQUITE|REQ-021,SHEPPARD_AFB|SHEPPARD_AFB|MESQUITE|2026-09|EOY-INV,PORTFOLIO 2,SHEPPARD_AFB,SHEPPARD_AFB|MESQUITE,,2026-09,REQ-021,Facility,VERIFIED,True,2026-10-05,2026-10-05,2026-10-10,2026-10-13,True,,,,,,False,,,False,,False,,NOT_DUE,4,Facility,False
2026-09|SHEPPARD_AFB|SAGEBRUSH|REQ-001,SHEPPARD_AFB|SHEPPARD_AFB|SAGEBRUSH|2026-09|1119,PORTFOLIO 2,SHEPPARD_AFB,SHEPPARD_AFB|SAGEBRUSH,,2026-09,REQ-001,Facility,VERIFIED,True,2026-10-05,2026-10-05,2026-10-10,2026-10-13,True,,,,,,False,,,False,,False,,NOT_DUE,4,Facility,False
2026-09|SHEPPARD_AFB|SAGEBRUSH|REQ-003,SHEPPARD_AFB|SHEPPARD_AFB|SAGEBRUSH|2026-09|SF1080,PORTFOLIO 2,SHEPPARD_AFB,SHEPPARD_AFB|SAGEBRUSH,,2026-09,REQ-003,Facility,VERIFIED,True,2026-10-05,2026-10-05,2026-10-10,2026-10-13,True,,,,,,False,,,False,,False,,NOT_DUE,4,Facility,False
2026-09|SHEPPARD_AFB|SAGEBRUSH|REQ-004,SHEPPARD_AFB|SHEPPARD_AFB|SAGEBRUSH|2026-09|SAIIT,PORTFOLIO 2,SHEPPARD_AFB,SHEPPARD_AFB|SAGEBRUSH,,2026-09,REQ-004,Facility,VERIFIED,True,2026-10-05,2026-10-05,2026-10-10,2026-10-13,True,,,,,,False,,,False,,False,,NOT_DUE,4,Facility,False
2026-09|SHEPPARD_AFB|SAGEBRUSH|REQ-005,SHEPPARD_AFB|SHEPPARD_AFB|SAGEBRUSH|2026-09|GPC,PORTFOLIO 2,SHEPPARD_AFB,SHEPPARD_AFB|SAGEBRUSH,,2026-09,REQ-005,Facility,VERIFIED,True,2026-10-05,2026-10-05,2026-10-10,2026-10-13,True,,,,,,False,,,False,,False,,NOT_DUE,4,Facility,False
2026-09|SHEPPARD_AFB|SAGEBRUSH|REQ-006,SHEPPARD_AFB|SHEPPARD_AFB|SAGEBRUSH|2026-09|1038,PORTFOLIO 2,SHEPPARD_AFB,SHEPPARD_AFB|SAGEBRUSH,,2026-09,REQ-006,Facility,VERIFIED,True,2026-10-05,2026-10-05,2026-10-10,2026-10-13,True,,,,,,False,,,False,,False,,NOT_DUE,4,Facility,False
2026-09|SHEPPARD_AFB|SAGEBRUSH|REQ-020,SHEPPARD_AFB|SHEPPARD_AFB|SAGEBRUSH|2026-09|EOY-MFR,PORTFOLIO 2,SHEPPARD_AFB,SHEPPARD_AFB|SAGEBRUSH,,2026-09,REQ-020,Facility,VERIFIED,True,2026-10-05,2026-10-05,2026-10-10,2026-10-13,True,,,,,,False,,,False,,False,,NOT_DUE,4,Facility,False
2026-09|SHEPPARD_AFB|SAGEBRUSH|REQ-021,SHEPPARD_AFB|SHEPPARD_AFB|SAGEBRUSH|2026-09|EOY-INV,PORTFOLIO 2,SHEPPARD_AFB,SHEPPARD_AFB|SAGEBRUSH,,2026-09,REQ-021,Facility,VERIFIED,True,2026-10-05,2026-10-05,2026-10-10,2026-10-13,True,,,,,,False,,,False,,False,,NOT_DUE,4,Facility,False
2026-09|SHEPPARD_AFB|TUMBLEWEED|REQ-001,SHEPPARD_AFB|SHEPPARD_AFB|TUMBLEWEED|2026-09|1119,PORTFOLIO 2,SHEPPARD_AFB,SHEPPARD_AFB|TUMBLEWEED,,2026-09,REQ-001,Facility,VERIFIED,True,2026-10-05,2026-10-05,2026-10-10,2026-10-13,True,,,,,,False,,,False,,False,,NOT_DUE,4,Facility,False
2026-09|SHEPPARD_AFB|TUMBLEWEED|REQ-003,SHEPPARD_AFB|SHEPPARD_AFB|TUMBLEWEED|2026-09|SF1080,PORTFOLIO 2,SHEPPARD_AFB,SHEPPARD_AFB|TUMBLEWEED,,2026-09,REQ-003,Facility,VERIFIED,True,2026-10-05,2026-10-05,2026-10-10,2026-10-13,True,,,,,,False,,,False,,False,,NOT_DUE,4,Facility,False
2026-09|SHEPPARD_AFB|TUMBLEWEED|REQ-004,SHEPPARD_AFB|SHEPPARD_AFB|TUMBLEWEED|2026-09|SAIIT,PORTFOLIO 2,SHEPPARD_AFB,SHEPPARD_AFB|TUMBLEWEED,,2026-09,REQ-004,Facility,VERIFIED,True,2026-10-05,2026-10-05,2026-10-10,2026-10-13,True,,,,,,False,,,False,,False,,NOT_DUE,4,Facility,False
2026-09|SHEPPARD_AFB|TUMBLEWEED|REQ-005,SHEPPARD_AFB|SHEPPARD_AFB|TUMBLEWEED|2026-09|GPC,PORTFOLIO 2,SHEPPARD_AFB,SHEPPARD_AFB|TUMBLEWEED,,2026-09,REQ-005,Facility,VERIFIED,True,2026-10-05,2026-10-05,2026-10-10,2026-10-13,True,,,,,,False,,,False,,False,,NOT_DUE,4,Facility,False
2026-09|SHEPPARD_AFB|TUMBLEWEED|REQ-006,SHEPPARD_AFB|SHEPPARD_AFB|TUMBLEWEED|2026-09|1038,PORTFOLIO 2,SHEPPARD_AFB,SHEPPARD_AFB|TUMBLEWEED,,2026-09,REQ-006,Facility,VERIFIED,True,2026-10-05,2026-10-05,2026-10-10,2026-10-13,True,,,,,,False,,,False,,False,,NOT_DUE,4,Facility,False
2026-09|SHEPPARD_AFB|TUMBLEWEED|REQ-020,SHEPPARD_AFB|SHEPPARD_AFB|TUMBLEWEED|2026-09|EOY-MFR,PORTFOLIO 2,SHEPPARD_AFB,SHEPPARD_AFB|TUMBLEWEED,,2026-09,REQ-020,Facility,VERIFIED,True,2026-10-05,2026-10-05,2026-10-10,2026-10-13,True,,,,,,False,,,False,,False,,NOT_DUE,4,Facility,False
2026-09|SHEPPARD_AFB|TUMBLEWEED|REQ-021,SHEPPARD_AFB|SHEPPARD_AFB|TUMBLEWEED|2026-09|EOY-INV,PORTFOLIO 2,SHEPPARD_AFB,SHEPPARD_AFB|TUMBLEWEED,,2026-09,REQ-021,Facility,VERIFIED,True,2026-10-05,2026-10-05,2026-10-10,2026-10-13,True,,,,,,False,,,False,,False,,NOT_DUE,4,Facility,False
2026-09|SPANGDAHLEM_AB|FK|REQ-001,SPANGDAHLEM_AB|SPANGDAHLEM_AB|FK|2026-09|1119,PORTFOLIO 4,SPANGDAHLEM_AB,SPANGDAHLEM_AB|FK,,2026-09,REQ-001,Facility,VERIFIED,True,2026-10-05,2026-10-05,2026-10-10,2026-10-13,True,,,,,,False,,,False,,False,,NOT_DUE,4,Facility,False
2026-09|SPANGDAHLEM_AB|FK|REQ-003,SPANGDAHLEM_AB|SPANGDAHLEM_AB|FK|2026-09|SF1080,PORTFOLIO 4,SPANGDAHLEM_AB,SPANGDAHLEM_AB|FK,,2026-09,REQ-003,Facility,VERIFIED,True,2026-10-05,2026-10-05,2026-10-10,2026-10-13,True,,,,,,False,,,False,,False,,NOT_DUE,4,Facility,False
2026-09|SPANGDAHLEM_AB|FK|REQ-004,SPANGDAHLEM_AB|SPANGDAHLEM_AB|FK|2026-09|SAIIT,PORTFOLIO 4,SPANGDAHLEM_AB,SPANGDAHLEM_AB|FK,,2026-09,REQ-004,Facility,VERIFIED,True,2026-10-05,2026-10-05,2026-10-10,2026-10-13,True,,,,,,False,,,False,,False,,NOT_DUE,4,Facility,False
2026-09|SPANGDAHLEM_AB|FK|REQ-005,SPANGDAHLEM_AB|SPANGDAHLEM_AB|FK|2026-09|GPC,PORTFOLIO 4,SPANGDAHLEM_AB,SPANGDAHLEM_AB|FK,,2026-09,REQ-005,Facility,VERIFIED,True,2026-10-05,2026-10-05,2026-10-10,2026-10-13,True,,,,,,False,,,False,,False,,NOT_DUE,4,Facility,False
2026-09|SPANGDAHLEM_AB|FK|REQ-006,SPANGDAHLEM_AB|SPANGDAHLEM_AB|FK|2026-09|1038,PORTFOLIO 4,SPANGDAHLEM_AB,SPANGDAHLEM_AB|FK,,2026-09,REQ-006,Facility,VERIFIED,True,2026-10-05,2026-10-05,2026-10-10,2026-10-13,True,,,,,,False,,,False,,False,,NOT_DUE,4,Facility,False
2026-09|SPANGDAHLEM_AB|FK|REQ-020,SPANGDAHLEM_AB|SPANGDAHLEM_AB|FK|2026-09|EOY-MFR,PORTFOLIO 4,SPANGDAHLEM_AB,SPANGDAHLEM_AB|FK,,2026-09,REQ-020,Facility,VERIFIED,True,2026-10-05,2026-10-05,2026-10-10,2026-10-13,True,,,,,,False,,,False,,False,,NOT_DUE,4,Facility,False
2026-09|SPANGDAHLEM_AB|FK|REQ-021,SPANGDAHLEM_AB|SPANGDAHLEM_AB|FK|2026-09|EOY-INV,PORTFOLIO 4,SPANGDAHLEM_AB,SPANGDAHLEM_AB|FK,,2026-09,REQ-021,Facility,VERIFIED,True,2026-10-05,2026-10-05,2026-10-10,2026-10-13,True,,,,,,False,,,False,,False,,NOT_DUE,4,Facility,False
2026-09|SPANGDAHLEM_AB|MOSEL_INN|REQ-001,SPANGDAHLEM_AB|SPANGDAHLEM_AB|MOSEL_INN|2026-09|1119,PORTFOLIO 4,SPANGDAHLEM_AB,SPANGDAHLEM_AB|MOSEL_INN,,2026-09,REQ-001,Facility,VERIFIED,True,2026-10-05,2026-10-05,2026-10-10,2026-10-13,True,,,,,,False,,,False,,False,,NOT_DUE,4,Facility,False
2026-09|SPANGDAHLEM_AB|MOSEL_INN|REQ-003,SPANGDAHLEM_AB|SPANGDAHLEM_AB|MOSEL_INN|2026-09|SF1080,PORTFOLIO 4,SPANGDAHLEM_AB,SPANGDAHLEM_AB|MOSEL_INN,,2026-09,REQ-003,Facility,VERIFIED,True,2026-10-05,2026-10-05,2026-10-10,2026-10-13,True,,,,,,False,,,False,,False,,NOT_DUE,4,Facility,False
2026-09|SPANGDAHLEM_AB|MOSEL_INN|REQ-004,SPANGDAHLEM_AB|SPANGDAHLEM_AB|MOSEL_INN|2026-09|SAIIT,PORTFOLIO 4,SPANGDAHLEM_AB,SPANGDAHLEM_AB|MOSEL_INN,,2026-09,REQ-004,Facility,VERIFIED,True,2026-10-05,2026-10-05,2026-10-10,2026-10-13,True,,,,,,False,,,False,,False,,NOT_DUE,4,Facility,False
2026-09|SPANGDAHLEM_AB|MOSEL_INN|REQ-005,SPANGDAHLEM_AB|SPANGDAHLEM_AB|MOSEL_INN|2026-09|GPC,PORTFOLIO 4,SPANGDAHLEM_AB,SPANGDAHLEM_AB|MOSEL_INN,,2026-09,REQ-005,Facility,VERIFIED,True,2026-10-05,2026-10-05,2026-10-10,2026-10-13,True,,,,,,False,,,False,,False,,NOT_DUE,4,Facility,False
2026-09|SPANGDAHLEM_AB|MOSEL_INN|REQ-006,SPANGDAHLEM_AB|SPANGDAHLEM_AB|MOSEL_INN|2026-09|1038,PORTFOLIO 4,SPANGDAHLEM_AB,SPANGDAHLEM_AB|MOSEL_INN,,2026-09,REQ-006,Facility,VERIFIED,True,2026-10-05,2026-10-05,2026-10-10,2026-10-13,True,,,,,,False,,,False,,False,,NOT_DUE,4,Facility,False
2026-09|SPANGDAHLEM_AB|MOSEL_INN|REQ-020,SPANGDAHLEM_AB|SPANGDAHLEM_AB|MOSEL_INN|2026-09|EOY-MFR,PORTFOLIO 4,SPANGDAHLEM_AB,SPANGDAHLEM_AB|MOSEL_INN,,2026-09,REQ-020,Facility,VERIFIED,True,2026-10-05,2026-10-05,2026-10-10,2026-10-13,True,,,,,,False,,,False,,False,,NOT_DUE,4,Facility,False
2026-09|SPANGDAHLEM_AB|MOSEL_INN|REQ-021,SPANGDAHLEM_AB|SPANGDAHLEM_AB|MOSEL_INN|2026-09|EOY-INV,PORTFOLIO 4,SPANGDAHLEM_AB,SPANGDAHLEM_AB|MOSEL_INN,,2026-09,REQ-021,Facility,VERIFIED,True,2026-10-05,2026-10-05,2026-10-10,2026-10-13,True,,,,,,False,,,False,,False,,NOT_DUE,4,Facility,False
2026-09|TINKER_AFB|VANWEY|REQ-001,TINKER_AFB|TINKER_AFB|VANWEY|2026-09|1119,PORTFOLIO 2,TINKER_AFB,TINKER_AFB|VANWEY,,2026-09,REQ-001,Facility,VERIFIED,True,2026-10-05,2026-10-05,2026-10-10,2026-10-13,True,,,,,,False,,,False,,False,,NOT_DUE,4,Facility,False
2026-09|TINKER_AFB|VANWEY|REQ-003,TINKER_AFB|TINKER_AFB|VANWEY|2026-09|SF1080,PORTFOLIO 2,TINKER_AFB,TINKER_AFB|VANWEY,,2026-09,REQ-003,Facility,VERIFIED,True,2026-10-05,2026-10-05,2026-10-10,2026-10-13,True,,,,,,False,,,False,,False,,NOT_DUE,4,Facility,False
2026-09|TINKER_AFB|VANWEY|REQ-004,TINKER_AFB|TINKER_AFB|VANWEY|2026-09|SAIIT,PORTFOLIO 2,TINKER_AFB,TINKER_AFB|VANWEY,,2026-09,REQ-004,Facility,VERIFIED,True,2026-10-05,2026-10-05,2026-10-10,2026-10-13,True,,,,,,False,,,False,,False,,NOT_DUE,4,Facility,False
2026-09|TINKER_AFB|VANWEY|REQ-005,TINKER_AFB|TINKER_AFB|VANWEY|2026-09|GPC,PORTFOLIO 2,TINKER_AFB,TINKER_AFB|VANWEY,,2026-09,REQ-005,Facility,VERIFIED,True,2026-10-05,2026-10-05,2026-10-10,2026-10-13,True,,,,,,False,,,False,,False,,NOT_DUE,4,Facility,False
2026-09|TINKER_AFB|VANWEY|REQ-006,TINKER_AFB|TINKER_AFB|VANWEY|2026-09|1038,PORTFOLIO 2,TINKER_AFB,TINKER_AFB|VANWEY,,2026-09,REQ-006,Facility,VERIFIED,True,2026-10-05,2026-10-05,2026-10-10,2026-10-13,True,,,,,,False,,,False,,False,,NOT_DUE,4,Facility,False
2026-09|TINKER_AFB|VANWEY|REQ-020,TINKER_AFB|TINKER_AFB|VANWEY|2026-09|EOY-MFR,PORTFOLIO 2,TINKER_AFB,TINKER_AFB|VANWEY,,2026-09,REQ-020,Facility,VERIFIED,True,2026-10-05,2026-10-05,2026-10-10,2026-10-13,True,,,,,,False,,,False,,False,,NOT_DUE,4,Facility,False
2026-09|TINKER_AFB|VANWEY|REQ-021,TINKER_AFB|TINKER_AFB|VANWEY|2026-09|EOY-INV,PORTFOLIO 2,TINKER_AFB,TINKER_AFB|VANWEY,,2026-09,REQ-021,Facility,VERIFIED,True,2026-10-05,2026-10-05,2026-10-10,2026-10-13,True,,,,,,False,,,False,,False,,NOT_DUE,4,Facility,False
2026-09|TYNDALL_AFB|BERG_LILES|REQ-001,TYNDALL_AFB|TYNDALL_AFB|BERG_LILES|2026-09|1119,PORTFOLIO 4,TYNDALL_AFB,TYNDALL_AFB|BERG_LILES,,2026-09,REQ-001,Facility,VERIFIED,True,2026-10-05,2026-10-05,2026-10-10,2026-10-13,True,,,,,,False,,,False,,False,,NOT_DUE,4,Facility,False
2026-09|TYNDALL_AFB|BERG_LILES|REQ-003,TYNDALL_AFB|TYNDALL_AFB|BERG_LILES|2026-09|SF1080,PORTFOLIO 4,TYNDALL_AFB,TYNDALL_AFB|BERG_LILES,,2026-09,REQ-003,Facility,VERIFIED,True,2026-10-05,2026-10-05,2026-10-10,2026-10-13,True,,,,,,False,,,False,,False,,NOT_DUE,4,Facility,False
2026-09|TYNDALL_AFB|BERG_LILES|REQ-004,TYNDALL_AFB|TYNDALL_AFB|BERG_LILES|2026-09|SAIIT,PORTFOLIO 4,TYNDALL_AFB,TYNDALL_AFB|BERG_LILES,,2026-09,REQ-004,Facility,VERIFIED,True,2026-10-05,2026-10-05,2026-10-10,2026-10-13,True,,,,,,False,,,False,,False,,NOT_DUE,4,Facility,False
2026-09|TYNDALL_AFB|BERG_LILES|REQ-005,TYNDALL_AFB|TYNDALL_AFB|BERG_LILES|2026-09|GPC,PORTFOLIO 4,TYNDALL_AFB,TYNDALL_AFB|BERG_LILES,,2026-09,REQ-005,Facility,VERIFIED,True,2026-10-05,2026-10-05,2026-10-10,2026-10-13,True,,,,,,False,,,False,,False,,NOT_DUE,4,Facility,False
2026-09|TYNDALL_AFB|BERG_LILES|REQ-006,TYNDALL_AFB|TYNDALL_AFB|BERG_LILES|2026-09|1038,PORTFOLIO 4,TYNDALL_AFB,TYNDALL_AFB|BERG_LILES,,2026-09,REQ-006,Facility,VERIFIED,True,2026-10-05,2026-10-05,2026-10-10,2026-10-13,True,,,,,,False,,,False,,False,,NOT_DUE,4,Facility,False
2026-09|TYNDALL_AFB|BERG_LILES|REQ-020,TYNDALL_AFB|TYNDALL_AFB|BERG_LILES|2026-09|EOY-MFR,PORTFOLIO 4,TYNDALL_AFB,TYNDALL_AFB|BERG_LILES,,2026-09,REQ-020,Facility,VERIFIED,True,2026-10-05,2026-10-05,2026-10-10,2026-10-13,True,,,,,,False,,,False,,False,,NOT_DUE,4,Facility,False
2026-09|TYNDALL_AFB|BERG_LILES|REQ-021,TYNDALL_AFB|TYNDALL_AFB|BERG_LILES|2026-09|EOY-INV,PORTFOLIO 4,TYNDALL_AFB,TYNDALL_AFB|BERG_LILES,,2026-09,REQ-021,Facility,VERIFIED,True,2026-10-05,2026-10-05,2026-10-10,2026-10-13,True,,,,,,False,,,False,,False,,NOT_DUE,4,Facility,False
2026-09|TYNDALL_AFB|RAPTOR_QUICK_TURN|REQ-001,TYNDALL_AFB|TYNDALL_AFB|RAPTOR_QUICK_TURN|2026-09|1119,PORTFOLIO 4,TYNDALL_AFB,TYNDALL_AFB|RAPTOR_QUICK_TURN,,2026-09,REQ-001,Facility,VERIFIED,True,2026-10-05,2026-10-05,2026-10-10,2026-10-13,True,,,,,,False,,,False,,False,,NOT_DUE,4,Facility,False
2026-09|TYNDALL_AFB|RAPTOR_QUICK_TURN|REQ-003,TYNDALL_AFB|TYNDALL_AFB|RAPTOR_QUICK_TURN|2026-09|SF1080,PORTFOLIO 4,TYNDALL_AFB,TYNDALL_AFB|RAPTOR_QUICK_TURN,,2026-09,REQ-003,Facility,VERIFIED,True,2026-10-05,2026-10-05,2026-10-10,2026-10-13,True,,,,,,False,,,False,,False,,NOT_DUE,4,Facility,False
2026-09|TYNDALL_AFB|RAPTOR_QUICK_TURN|REQ-004,TYNDALL_AFB|TYNDALL_AFB|RAPTOR_QUICK_TURN|2026-09|SAIIT,PORTFOLIO 4,TYNDALL_AFB,TYNDALL_AFB|RAPTOR_QUICK_TURN,,2026-09,REQ-004,Facility,VERIFIED,True,2026-10-05,2026-10-05,2026-10-10,2026-10-13,True,,,,,,False,,,False,,False,,NOT_DUE,4,Facility,False
2026-09|TYNDALL_AFB|RAPTOR_QUICK_TURN|REQ-005,TYNDALL_AFB|TYNDALL_AFB|RAPTOR_QUICK_TURN|2026-09|GPC,PORTFOLIO 4,TYNDALL_AFB,TYNDALL_AFB|RAPTOR_QUICK_TURN,,2026-09,REQ-005,Facility,VERIFIED,True,2026-10-05,2026-10-05,2026-10-10,2026-10-13,True,,,,,,False,,,False,,False,,NOT_DUE,4,Facility,False
2026-09|TYNDALL_AFB|RAPTOR_QUICK_TURN|REQ-006,TYNDALL_AFB|TYNDALL_AFB|RAPTOR_QUICK_TURN|2026-09|1038,PORTFOLIO 4,TYNDALL_AFB,TYNDALL_AFB|RAPTOR_QUICK_TURN,,2026-09,REQ-006,Facility,VERIFIED,True,2026-10-05,2026-10-05,2026-10-10,2026-10-13,True,,,,,,False,,,False,,False,,NOT_DUE,4,Facility,False
2026-09|TYNDALL_AFB|RAPTOR_QUICK_TURN|REQ-020,TYNDALL_AFB|TYNDALL_AFB|RAPTOR_QUICK_TURN|2026-09|EOY-MFR,PORTFOLIO 4,TYNDALL_AFB,TYNDALL_AFB|RAPTOR_QUICK_TURN,,2026-09,REQ-020,Facility,VERIFIED,True,2026-10-05,2026-10-05,2026-10-10,2026-10-13,True,,,,,,False,,,False,,False,,NOT_DUE,4,Facility,False
2026-09|TYNDALL_AFB|RAPTOR_QUICK_TURN|REQ-021,TYNDALL_AFB|TYNDALL_AFB|RAPTOR_QUICK_TURN|2026-09|EOY-INV,PORTFOLIO 4,TYNDALL_AFB,TYNDALL_AFB|RAPTOR_QUICK_TURN,,2026-09,REQ-021,Facility,VERIFIED,True,2026-10-05,2026-10-05,2026-10-10,2026-10-13,True,,,,,,False,,,False,,False,,NOT_DUE,4,Facility,False
2026-09|TYNDALL_AFB|SILVER_FLAG|REQ-001,TYNDALL_AFB|TYNDALL_AFB|SILVER_FLAG|2026-09|1119,PORTFOLIO 4,TYNDALL_AFB,TYNDALL_AFB|SILVER_FLAG,,2026-09,REQ-001,Facility,VERIFIED,True,2026-10-05,2026-10-05,2026-10-10,2026-10-13,True,,,,,,False,,,False,,False,,NOT_DUE,4,Facility,False
2026-09|TYNDALL_AFB|SILVER_FLAG|REQ-003,TYNDALL_AFB|TYNDALL_AFB|SILVER_FLAG|2026-09|SF1080,PORTFOLIO 4,TYNDALL_AFB,TYNDALL_AFB|SILVER_FLAG,,2026-09,REQ-003,Facility,VERIFIED,True,2026-10-05,2026-10-05,2026-10-10,2026-10-13,True,,,,,,False,,,False,,False,,NOT_DUE,4,Facility,False
2026-09|TYNDALL_AFB|SILVER_FLAG|REQ-004,TYNDALL_AFB|TYNDALL_AFB|SILVER_FLAG|2026-09|SAIIT,PORTFOLIO 4,TYNDALL_AFB,TYNDALL_AFB|SILVER_FLAG,,2026-09,REQ-004,Facility,VERIFIED,True,2026-10-05,2026-10-05,2026-10-10,2026-10-13,True,,,,,,False,,,False,,False,,NOT_DUE,4,Facility,False
2026-09|TYNDALL_AFB|SILVER_FLAG|REQ-005,TYNDALL_AFB|TYNDALL_AFB|SILVER_FLAG|2026-09|GPC,PORTFOLIO 4,TYNDALL_AFB,TYNDALL_AFB|SILVER_FLAG,,2026-09,REQ-005,Facility,VERIFIED,True,2026-10-05,2026-10-05,2026-10-10,2026-10-13,True,,,,,,False,,,False,,False,,NOT_DUE,4,Facility,False
2026-09|TYNDALL_AFB|SILVER_FLAG|REQ-006,TYNDALL_AFB|TYNDALL_AFB|SILVER_FLAG|2026-09|1038,PORTFOLIO 4,TYNDALL_AFB,TYNDALL_AFB|SILVER_FLAG,,2026-09,REQ-006,Facility,VERIFIED,True,2026-10-05,2026-10-05,2026-10-10,2026-10-13,True,,,,,,False,,,False,,False,,NOT_DUE,4,Facility,False
2026-09|TYNDALL_AFB|SILVER_FLAG|REQ-020,TYNDALL_AFB|TYNDALL_AFB|SILVER_FLAG|2026-09|EOY-MFR,PORTFOLIO 4,TYNDALL_AFB,TYNDALL_AFB|SILVER_FLAG,,2026-09,REQ-020,Facility,VERIFIED,True,2026-10-05,2026-10-05,2026-10-10,2026-10-13,True,,,,,,False,,,False,,False,,NOT_DUE,4,Facility,False
2026-09|TYNDALL_AFB|SILVER_FLAG|REQ-021,TYNDALL_AFB|TYNDALL_AFB|SILVER_FLAG|2026-09|EOY-INV,PORTFOLIO 4,TYNDALL_AFB,TYNDALL_AFB|SILVER_FLAG,,2026-09,REQ-021,Facility,VERIFIED,True,2026-10-05,2026-10-05,2026-10-10,2026-10-13,True,,,,,,False,,,False,,False,,NOT_DUE,4,Facility,False
2026-09|USAF_ACADEMY|HIGH_COUNTRY_INN|REQ-001,USAF_ACADEMY|USAF_ACADEMY|HIGH_COUNTRY_INN|2026-09|1119,PORTFOLIO 3,USAF_ACADEMY,USAF_ACADEMY|HIGH_COUNTRY_INN,,2026-09,REQ-001,Facility,VERIFIED,True,2026-10-05,2026-10-05,2026-10-10,2026-10-13,True,,,,,,False,,,False,,False,,NOT_DUE,4,Facility,False
2026-09|USAF_ACADEMY|HIGH_COUNTRY_INN|REQ-003,USAF_ACADEMY|USAF_ACADEMY|HIGH_COUNTRY_INN|2026-09|SF1080,PORTFOLIO 3,USAF_ACADEMY,USAF_ACADEMY|HIGH_COUNTRY_INN,,2026-09,REQ-003,Facility,VERIFIED,True,2026-10-05,2026-10-05,2026-10-10,2026-10-13,True,,,,,,False,,,False,,False,,NOT_DUE,4,Facility,False
2026-09|USAF_ACADEMY|HIGH_COUNTRY_INN|REQ-004,USAF_ACADEMY|USAF_ACADEMY|HIGH_COUNTRY_INN|2026-09|SAIIT,PORTFOLIO 3,USAF_ACADEMY,USAF_ACADEMY|HIGH_COUNTRY_INN,,2026-09,REQ-004,Facility,VERIFIED,True,2026-10-05,2026-10-05,2026-10-10,2026-10-13,True,,,,,,False,,,False,,False,,NOT_DUE,4,Facility,False
2026-09|USAF_ACADEMY|HIGH_COUNTRY_INN|REQ-005,USAF_ACADEMY|USAF_ACADEMY|HIGH_COUNTRY_INN|2026-09|GPC,PORTFOLIO 3,USAF_ACADEMY,USAF_ACADEMY|HIGH_COUNTRY_INN,,2026-09,REQ-005,Facility,VERIFIED,True,2026-10-05,2026-10-05,2026-10-10,2026-10-13,True,,,,,,False,,,False,,False,,NOT_DUE,4,Facility,False
2026-09|USAF_ACADEMY|HIGH_COUNTRY_INN|REQ-006,USAF_ACADEMY|USAF_ACADEMY|HIGH_COUNTRY_INN|2026-09|1038,PORTFOLIO 3,USAF_ACADEMY,USAF_ACADEMY|HIGH_COUNTRY_INN,,2026-09,REQ-006,Facility,VERIFIED,True,2026-10-05,2026-10-05,2026-10-10,2026-10-13,True,,,,,,False,,,False,,False,,NOT_DUE,4,Facility,False
2026-09|USAF_ACADEMY|HIGH_COUNTRY_INN|REQ-020,USAF_ACADEMY|USAF_ACADEMY|HIGH_COUNTRY_INN|2026-09|EOY-MFR,PORTFOLIO 3,USAF_ACADEMY,USAF_ACADEMY|HIGH_COUNTRY_INN,,2026-09,REQ-020,Facility,VERIFIED,True,2026-10-05,2026-10-05,2026-10-10,2026-10-13,True,,,,,,False,,,False,,False,,NOT_DUE,4,Facility,False
2026-09|USAF_ACADEMY|HIGH_COUNTRY_INN|REQ-021,USAF_ACADEMY|USAF_ACADEMY|HIGH_COUNTRY_INN|2026-09|EOY-INV,PORTFOLIO 3,USAF_ACADEMY,USAF_ACADEMY|HIGH_COUNTRY_INN,,2026-09,REQ-021,Facility,VERIFIED,True,2026-10-05,2026-10-05,2026-10-10,2026-10-13,True,,,,,,False,,,False,,False,,NOT_DUE,4,Facility,False
2026-09|VOLKEL_AB|EAGLE_S_PERCH|REQ-001,VOLKEL_AB|VOLKEL_AB|EAGLE_S_PERCH|2026-09|1119,PORTFOLIO 4,VOLKEL_AB,VOLKEL_AB|EAGLE_S_PERCH,,2026-09,REQ-001,Facility,VERIFIED,True,2026-10-05,2026-10-05,2026-10-10,2026-10-13,True,,,,,,False,,,False,,False,,NOT_DUE,4,Facility,False
2026-09|VOLKEL_AB|EAGLE_S_PERCH|REQ-003,VOLKEL_AB|VOLKEL_AB|EAGLE_S_PERCH|2026-09|SF1080,PORTFOLIO 4,VOLKEL_AB,VOLKEL_AB|EAGLE_S_PERCH,,2026-09,REQ-003,Facility,VERIFIED,True,2026-10-05,2026-10-05,2026-10-10,2026-10-13,True,,,,,,False,,,False,,False,,NOT_DUE,4,Facility,False
2026-09|VOLKEL_AB|EAGLE_S_PERCH|REQ-004,VOLKEL_AB|VOLKEL_AB|EAGLE_S_PERCH|2026-09|SAIIT,PORTFOLIO 4,VOLKEL_AB,VOLKEL_AB|EAGLE_S_PERCH,,2026-09,REQ-004,Facility,VERIFIED,True,2026-10-05,2026-10-05,2026-10-10,2026-10-13,True,,,,,,False,,,False,,False,,NOT_DUE,4,Facility,False
2026-09|VOLKEL_AB|EAGLE_S_PERCH|REQ-005,VOLKEL_AB|VOLKEL_AB|EAGLE_S_PERCH|2026-09|GPC,PORTFOLIO 4,VOLKEL_AB,VOLKEL_AB|EAGLE_S_PERCH,,2026-09,REQ-005,Facility,VERIFIED,True,2026-10-05,2026-10-05,2026-10-10,2026-10-13,True,,,,,,False,,,False,,False,,NOT_DUE,4,Facility,False
2026-09|VOLKEL_AB|EAGLE_S_PERCH|REQ-006,VOLKEL_AB|VOLKEL_AB|EAGLE_S_PERCH|2026-09|1038,PORTFOLIO 4,VOLKEL_AB,VOLKEL_AB|EAGLE_S_PERCH,,2026-09,REQ-006,Facility,VERIFIED,True,2026-10-05,2026-10-05,2026-10-10,2026-10-13,True,,,,,,False,,,False,,False,,NOT_DUE,4,Facility,False
2026-09|VOLKEL_AB|EAGLE_S_PERCH|REQ-020,VOLKEL_AB|VOLKEL_AB|EAGLE_S_PERCH|2026-09|EOY-MFR,PORTFOLIO 4,VOLKEL_AB,VOLKEL_AB|EAGLE_S_PERCH,,2026-09,REQ-020,Facility,VERIFIED,True,2026-10-05,2026-10-05,2026-10-10,2026-10-13,True,,,,,,False,,,False,,False,,NOT_DUE,4,Facility,False
2026-09|VOLKEL_AB|EAGLE_S_PERCH|REQ-021,VOLKEL_AB|VOLKEL_AB|EAGLE_S_PERCH|2026-09|EOY-INV,PORTFOLIO 4,VOLKEL_AB,VOLKEL_AB|EAGLE_S_PERCH,,2026-09,REQ-021,Facility,VERIFIED,True,2026-10-05,2026-10-05,2026-10-10,2026-10-13,True,,,,,,False,,,False,,False,,NOT_DUE,4,Facility,False
2026-09|WHITEMAN_AFB|OZARK_INN|REQ-001,WHITEMAN_AFB|WHITEMAN_AFB|OZARK_INN|2026-09|1119,PORTFOLIO 3,WHITEMAN_AFB,WHITEMAN_AFB|OZARK_INN,,2026-09,REQ-001,Facility,VERIFIED,True,2026-10-05,2026-10-05,2026-10-10,2026-10-13,True,,,,,,False,,,False,,False,,NOT_DUE,4,Facility,False
2026-09|WHITEMAN_AFB|OZARK_INN|REQ-003,WHITEMAN_AFB|WHITEMAN_AFB|OZARK_INN|2026-09|SF1080,PORTFOLIO 3,WHITEMAN_AFB,WHITEMAN_AFB|OZARK_INN,,2026-09,REQ-003,Facility,VERIFIED,True,2026-10-05,2026-10-05,2026-10-10,2026-10-13,True,,,,,,False,,,False,,False,,NOT_DUE,4,Facility,False
2026-09|WHITEMAN_AFB|OZARK_INN|REQ-004,WHITEMAN_AFB|WHITEMAN_AFB|OZARK_INN|2026-09|SAIIT,PORTFOLIO 3,WHITEMAN_AFB,WHITEMAN_AFB|OZARK_INN,,2026-09,REQ-004,Facility,VERIFIED,True,2026-10-05,2026-10-05,2026-10-10,2026-10-13,True,,,,,,False,,,False,,False,,NOT_DUE,4,Facility,False
2026-09|WHITEMAN_AFB|OZARK_INN|REQ-005,WHITEMAN_AFB|WHITEMAN_AFB|OZARK_INN|2026-09|GPC,PORTFOLIO 3,WHITEMAN_AFB,WHITEMAN_AFB|OZARK_INN,,2026-09,REQ-005,Facility,VERIFIED,True,2026-10-05,2026-10-05,2026-10-10,2026-10-13,True,,,,,,False,,,False,,False,,NOT_DUE,4,Facility,False
2026-09|WHITEMAN_AFB|OZARK_INN|REQ-006,WHITEMAN_AFB|WHITEMAN_AFB|OZARK_INN|2026-09|1038,PORTFOLIO 3,WHITEMAN_AFB,WHITEMAN_AFB|OZARK_INN,,2026-09,REQ-006,Facility,VERIFIED,True,2026-10-05,2026-10-05,2026-10-10,2026-10-13,True,,,,,,False,,,False,,False,,NOT_DUE,4,Facility,False
2026-09|WHITEMAN_AFB|OZARK_INN|REQ-020,WHITEMAN_AFB|WHITEMAN_AFB|OZARK_INN|2026-09|EOY-MFR,PORTFOLIO 3,WHITEMAN_AFB,WHITEMAN_AFB|OZARK_INN,,2026-09,REQ-020,Facility,VERIFIED,True,2026-10-05,2026-10-05,2026-10-10,2026-10-13,True,,,,,,False,,,False,,False,,NOT_DUE,4,Facility,False
2026-09|WHITEMAN_AFB|OZARK_INN|REQ-021,WHITEMAN_AFB|WHITEMAN_AFB|OZARK_INN|2026-09|EOY-INV,PORTFOLIO 3,WHITEMAN_AFB,WHITEMAN_AFB|OZARK_INN,,2026-09,REQ-021,Facility,VERIFIED,True,2026-10-05,2026-10-05,2026-10-10,2026-10-13,True,,,,,,False,,,False,,False,,NOT_DUE,4,Facility,False
2026-09|WHITEMAN_AFB|TOUCH_GO|REQ-001,WHITEMAN_AFB|WHITEMAN_AFB|TOUCH_GO|2026-09|1119,PORTFOLIO 3,WHITEMAN_AFB,WHITEMAN_AFB|TOUCH_GO,,2026-09,REQ-001,Facility,VERIFIED,True,2026-10-05,2026-10-05,2026-10-10,2026-10-13,True,,,,,,False,,,False,,False,,NOT_DUE,4,Facility,False
2026-09|WHITEMAN_AFB|TOUCH_GO|REQ-003,WHITEMAN_AFB|WHITEMAN_AFB|TOUCH_GO|2026-09|SF1080,PORTFOLIO 3,WHITEMAN_AFB,WHITEMAN_AFB|TOUCH_GO,,2026-09,REQ-003,Facility,VERIFIED,True,2026-10-05,2026-10-05,2026-10-10,2026-10-13,True,,,,,,False,,,False,,False,,NOT_DUE,4,Facility,False
2026-09|WHITEMAN_AFB|TOUCH_GO|REQ-004,WHITEMAN_AFB|WHITEMAN_AFB|TOUCH_GO|2026-09|SAIIT,PORTFOLIO 3,WHITEMAN_AFB,WHITEMAN_AFB|TOUCH_GO,,2026-09,REQ-004,Facility,VERIFIED,True,2026-10-05,2026-10-05,2026-10-10,2026-10-13,True,,,,,,False,,,False,,False,,NOT_DUE,4,Facility,False
2026-09|WHITEMAN_AFB|TOUCH_GO|REQ-005,WHITEMAN_AFB|WHITEMAN_AFB|TOUCH_GO|2026-09|GPC,PORTFOLIO 3,WHITEMAN_AFB,WHITEMAN_AFB|TOUCH_GO,,2026-09,REQ-005,Facility,VERIFIED,True,2026-10-05,2026-10-05,2026-10-10,2026-10-13,True,,,,,,False,,,False,,False,,NOT_DUE,4,Facility,False
2026-09|WHITEMAN_AFB|TOUCH_GO|REQ-006,WHITEMAN_AFB|WHITEMAN_AFB|TOUCH_GO|2026-09|1038,PORTFOLIO 3,WHITEMAN_AFB,WHITEMAN_AFB|TOUCH_GO,,2026-09,REQ-006,Facility,VERIFIED,True,2026-10-05,2026-10-05,2026-10-10,2026-10-13,True,,,,,,False,,,False,,False,,NOT_DUE,4,Facility,False
2026-09|WHITEMAN_AFB|TOUCH_GO|REQ-020,WHITEMAN_AFB|WHITEMAN_AFB|TOUCH_GO|2026-09|EOY-MFR,PORTFOLIO 3,WHITEMAN_AFB,WHITEMAN_AFB|TOUCH_GO,,2026-09,REQ-020,Facility,VERIFIED,True,2026-10-05,2026-10-05,2026-10-10,2026-10-13,True,,,,,,False,,,False,,False,,NOT_DUE,4,Facility,False
2026-09|WHITEMAN_AFB|TOUCH_GO|REQ-021,WHITEMAN_AFB|WHITEMAN_AFB|TOUCH_GO|2026-09|EOY-INV,PORTFOLIO 3,WHITEMAN_AFB,WHITEMAN_AFB|TOUCH_GO,,2026-09,REQ-021,Facility,VERIFIED,True,2026-10-05,2026-10-05,2026-10-10,2026-10-13,True,,,,,,False,,,False,,False,,NOT_DUE,4,Facility,False
2026-09|WRIGHT_PATTERSON_AFB|HPW_DINING_FACILITY|REQ-001,WRIGHT_PATTERSON_AFB|WRIGHT_PATTERSON_AFB|HPW_DINING_FACILITY|2026-09|1119,PORTFOLIO 3,WRIGHT_PATTERSON_AFB,WRIGHT_PATTERSON_AFB|HPW_DINING_FACILITY,,2026-09,REQ-001,Facility,VERIFIED,True,2026-10-05,2026-10-05,2026-10-10,2026-10-13,True,,,,,,False,,,False,,False,,NOT_DUE,4,Facility,False
2026-09|WRIGHT_PATTERSON_AFB|HPW_DINING_FACILITY|REQ-003,WRIGHT_PATTERSON_AFB|WRIGHT_PATTERSON_AFB|HPW_DINING_FACILITY|2026-09|SF1080,PORTFOLIO 3,WRIGHT_PATTERSON_AFB,WRIGHT_PATTERSON_AFB|HPW_DINING_FACILITY,,2026-09,REQ-003,Facility,VERIFIED,True,2026-10-05,2026-10-05,2026-10-10,2026-10-13,True,,,,,,False,,,False,,False,,NOT_DUE,4,Facility,False
2026-09|WRIGHT_PATTERSON_AFB|HPW_DINING_FACILITY|REQ-004,WRIGHT_PATTERSON_AFB|WRIGHT_PATTERSON_AFB|HPW_DINING_FACILITY|2026-09|SAIIT,PORTFOLIO 3,WRIGHT_PATTERSON_AFB,WRIGHT_PATTERSON_AFB|HPW_DINING_FACILITY,,2026-09,REQ-004,Facility,VERIFIED,True,2026-10-05,2026-10-05,2026-10-10,2026-10-13,True,,,,,,False,,,False,,False,,NOT_DUE,4,Facility,False
2026-09|WRIGHT_PATTERSON_AFB|HPW_DINING_FACILITY|REQ-005,WRIGHT_PATTERSON_AFB|WRIGHT_PATTERSON_AFB|HPW_DINING_FACILITY|2026-09|GPC,PORTFOLIO 3,WRIGHT_PATTERSON_AFB,WRIGHT_PATTERSON_AFB|HPW_DINING_FACILITY,,2026-09,REQ-005,Facility,VERIFIED,True,2026-10-05,2026-10-05,2026-10-10,2026-10-13,True,,,,,,False,,,False,,False,,NOT_DUE,4,Facility,False
2026-09|WRIGHT_PATTERSON_AFB|HPW_DINING_FACILITY|REQ-006,WRIGHT_PATTERSON_AFB|WRIGHT_PATTERSON_AFB|HPW_DINING_FACILITY|2026-09|1038,PORTFOLIO 3,WRIGHT_PATTERSON_AFB,WRIGHT_PATTERSON_AFB|HPW_DINING_FACILITY,,2026-09,REQ-006,Facility,VERIFIED,True,2026-10-05,2026-10-05,2026-10-10,2026-10-13,True,,,,,,False,,,False,,False,,NOT_DUE,4,Facility,False
2026-09|WRIGHT_PATTERSON_AFB|HPW_DINING_FACILITY|REQ-020,WRIGHT_PATTERSON_AFB|WRIGHT_PATTERSON_AFB|HPW_DINING_FACILITY|2026-09|EOY-MFR,PORTFOLIO 3,WRIGHT_PATTERSON_AFB,WRIGHT_PATTERSON_AFB|HPW_DINING_FACILITY,,2026-09,REQ-020,Facility,VERIFIED,True,2026-10-05,2026-10-05,2026-10-10,2026-10-13,True,,,,,,False,,,False,,False,,NOT_DUE,4,Facility,False
2026-09|WRIGHT_PATTERSON_AFB|HPW_DINING_FACILITY|REQ-021,WRIGHT_PATTERSON_AFB|WRIGHT_PATTERSON_AFB|HPW_DINING_FACILITY|2026-09|EOY-INV,PORTFOLIO 3,WRIGHT_PATTERSON_AFB,WRIGHT_PATTERSON_AFB|HPW_DINING_FACILITY,,2026-09,REQ-021,Facility,VERIFIED,True,2026-10-05,2026-10-05,2026-10-10,2026-10-13,True,,,,,,False,,,False,,False,,NOT_DUE,4,Facility,False
2026-09|WRIGHT_PATTERSON_AFB|PITSENBARGER|REQ-001,WRIGHT_PATTERSON_AFB|WRIGHT_PATTERSON_AFB|PITSENBARGER|2026-09|1119,PORTFOLIO 3,WRIGHT_PATTERSON_AFB,WRIGHT_PATTERSON_AFB|PITSENBARGER,,2026-09,REQ-001,Facility,VERIFIED,True,2026-10-05,2026-10-05,2026-10-10,2026-10-13,True,,,,,,False,,,False,,False,,NOT_DUE,4,Facility,False
2026-09|WRIGHT_PATTERSON_AFB|PITSENBARGER|REQ-003,WRIGHT_PATTERSON_AFB|WRIGHT_PATTERSON_AFB|PITSENBARGER|2026-09|SF1080,PORTFOLIO 3,WRIGHT_PATTERSON_AFB,WRIGHT_PATTERSON_AFB|PITSENBARGER,,2026-09,REQ-003,Facility,VERIFIED,True,2026-10-05,2026-10-05,2026-10-10,2026-10-13,True,,,,,,False,,,False,,False,,NOT_DUE,4,Facility,False
2026-09|WRIGHT_PATTERSON_AFB|PITSENBARGER|REQ-004,WRIGHT_PATTERSON_AFB|WRIGHT_PATTERSON_AFB|PITSENBARGER|2026-09|SAIIT,PORTFOLIO 3,WRIGHT_PATTERSON_AFB,WRIGHT_PATTERSON_AFB|PITSENBARGER,,2026-09,REQ-004,Facility,VERIFIED,True,2026-10-05,2026-10-05,2026-10-10,2026-10-13,True,,,,,,False,,,False,,False,,NOT_DUE,4,Facility,False
2026-09|WRIGHT_PATTERSON_AFB|PITSENBARGER|REQ-005,WRIGHT_PATTERSON_AFB|WRIGHT_PATTERSON_AFB|PITSENBARGER|2026-09|GPC,PORTFOLIO 3,WRIGHT_PATTERSON_AFB,WRIGHT_PATTERSON_AFB|PITSENBARGER,,2026-09,REQ-005,Facility,VERIFIED,True,2026-10-05,2026-10-05,2026-10-10,2026-10-13,True,,,,,,False,,,False,,False,,NOT_DUE,4,Facility,False
2026-09|WRIGHT_PATTERSON_AFB|PITSENBARGER|REQ-006,WRIGHT_PATTERSON_AFB|WRIGHT_PATTERSON_AFB|PITSENBARGER|2026-09|1038,PORTFOLIO 3,WRIGHT_PATTERSON_AFB,WRIGHT_PATTERSON_AFB|PITSENBARGER,,2026-09,REQ-006,Facility,VERIFIED,True,2026-10-05,2026-10-05,2026-10-10,2026-10-13,True,,,,,,False,,,False,,False,,NOT_DUE,4,Facility,False
2026-09|WRIGHT_PATTERSON_AFB|PITSENBARGER|REQ-020,WRIGHT_PATTERSON_AFB|WRIGHT_PATTERSON_AFB|PITSENBARGER|2026-09|EOY-MFR,PORTFOLIO 3,WRIGHT_PATTERSON_AFB,WRIGHT_PATTERSON_AFB|PITSENBARGER,,2026-09,REQ-020,Facility,VERIFIED,True,2026-10-05,2026-10-05,2026-10-10,2026-10-13,True,,,,,,False,,,False,,False,,NOT_DUE,4,Facility,False
2026-09|WRIGHT_PATTERSON_AFB|PITSENBARGER|REQ-021,WRIGHT_PATTERSON_AFB|WRIGHT_PATTERSON_AFB|PITSENBARGER|2026-09|EOY-INV,PORTFOLIO 3,WRIGHT_PATTERSON_AFB,WRIGHT_PATTERSON_AFB|PITSENBARGER,,2026-09,REQ-021,Facility,VERIFIED,True,2026-10-05,2026-10-05,2026-10-10,2026-10-13,True,,,,,,False,,,False,,False,,NOT_DUE,4,Facility,False
2026-09|YOKOTA_AB|SAMURAI_CAF|REQ-001,YOKOTA_AB|YOKOTA_AB|SAMURAI_CAF|2026-09|1119,PORTFOLIO 1,YOKOTA_AB,YOKOTA_AB|SAMURAI_CAF,,2026-09,REQ-001,Facility,VERIFIED,True,2026-10-05,2026-10-05,2026-10-10,2026-10-13,True,,,,,,False,,,False,,False,,NOT_DUE,4,Facility,False
2026-09|YOKOTA_AB|SAMURAI_CAF|REQ-003,YOKOTA_AB|YOKOTA_AB|SAMURAI_CAF|2026-09|SF1080,PORTFOLIO 1,YOKOTA_AB,YOKOTA_AB|SAMURAI_CAF,,2026-09,REQ-003,Facility,VERIFIED,True,2026-10-05,2026-10-05,2026-10-10,2026-10-13,True,,,,,,False,,,False,,False,,NOT_DUE,4,Facility,False
2026-09|YOKOTA_AB|SAMURAI_CAF|REQ-004,YOKOTA_AB|YOKOTA_AB|SAMURAI_CAF|2026-09|SAIIT,PORTFOLIO 1,YOKOTA_AB,YOKOTA_AB|SAMURAI_CAF,,2026-09,REQ-004,Facility,VERIFIED,True,2026-10-05,2026-10-05,2026-10-10,2026-10-13,True,,,,,,False,,,False,,False,,NOT_DUE,4,Facility,False
2026-09|YOKOTA_AB|SAMURAI_CAF|REQ-005,YOKOTA_AB|YOKOTA_AB|SAMURAI_CAF|2026-09|GPC,PORTFOLIO 1,YOKOTA_AB,YOKOTA_AB|SAMURAI_CAF,,2026-09,REQ-005,Facility,VERIFIED,True,2026-10-05,2026-10-05,2026-10-10,2026-10-13,True,,,,,,False,,,False,,False,,NOT_DUE,4,Facility,False
2026-09|YOKOTA_AB|SAMURAI_CAF|REQ-006,YOKOTA_AB|YOKOTA_AB|SAMURAI_CAF|2026-09|1038,PORTFOLIO 1,YOKOTA_AB,YOKOTA_AB|SAMURAI_CAF,,2026-09,REQ-006,Facility,VERIFIED,True,2026-10-05,2026-10-05,2026-10-10,2026-10-13,True,,,,,,False,,,False,,False,,NOT_DUE,4,Facility,False
2026-09|YOKOTA_AB|SAMURAI_CAF|REQ-020,YOKOTA_AB|YOKOTA_AB|SAMURAI_CAF|2026-09|EOY-MFR,PORTFOLIO 1,YOKOTA_AB,YOKOTA_AB|SAMURAI_CAF,,2026-09,REQ-020,Facility,VERIFIED,True,2026-10-05,2026-10-05,2026-10-10,2026-10-13,True,,,,,,False,,,False,,False,,NOT_DUE,4,Facility,False
2026-09|YOKOTA_AB|SAMURAI_CAF|REQ-021,YOKOTA_AB|YOKOTA_AB|SAMURAI_CAF|2026-09|EOY-INV,PORTFOLIO 1,YOKOTA_AB,YOKOTA_AB|SAMURAI_CAF,,2026-09,REQ-021,Facility,VERIFIED,True,2026-10-05,2026-10-05,2026-10-10,2026-10-13,True,,,,,,False,,,False,,False,,NOT_DUE,4,Facility,False
